feed_ts,feed_date,capture_ts,elapsed_s,symbol,spot,contracts_kept,net_gex_window,flip,flip_pct_vs_spot,call_wall,put_wall,regime,atm_iv_30,atm_iv_60,term_slope,rr25,skew_state,session_call_volume,session_put_volume,session_pc_volume,dte_window,strike_window,schema_version
2026-09-10 13:12:19,2026-09-10,2026-09-10T13:12:49+00:00,,SPX,7636.3599,11042,-65784627261.36,7669.1789,0.004298,7800.0,7500.0,negative,0.13815,0.1463,0.00815,-0.0531,STEEP,485841.0,598995.0,1.2329,45,0.15,1
2026-09-10 13:12:13,2026-09-10,2026-09-10T13:12:49+00:00,,SPY,758.17,4396,-7579906305.88,767.192,0.0119,770.0,755.0,negative,0.13825,0.1437,0.00545,-0.0467,STEEP,1142523.0,1504852.0,1.3171,45,0.15,1
2026-09-10 13:12:03,2026-09-10,2026-09-10T13:12:49+00:00,,QQQ,706.76,4280,-1553071405.85,718.5691,0.016709,725.0,700.0,negative,0.20195,0.2087,0.00675,-0.054,STEEP,665775.0,895779.0,1.3455,45,0.15,1
2026-09-10 13:12:14,2026-09-10,2026-09-10T13:12:49+00:00,,IWM,288.46,2430,-3277257103.15,297.8182,0.032442,300.0,285.0,negative,0.19025,,,-0.0464,STEEP,309660.0,633479.0,2.0457,45,0.15,1
2026-09-10 13:28:20,2026-09-10,2026-09-10T13:29:16+00:00,987.0,SPX,7636.3599,11042,-65531194649.86,7668.458,0.004203,7800.0,7500.0,negative,0.13715,0.14565,0.0085,-0.0522,STEEP,485841.0,598995.0,1.2329,45,0.15,1
2026-09-10 13:28:14,2026-09-10,2026-09-10T13:29:16+00:00,987.0,SPY,758.3662,4396,-7583705946.93,767.1813,0.011624,770.0,755.0,negative,0.13825,0.1437,0.00545,-0.0467,STEEP,1142523.0,1504852.0,1.3171,45,0.15,1
2026-09-10 13:28:04,2026-09-10,2026-09-10T13:29:16+00:00,987.0,QQQ,707.24,4282,-1555181676.44,718.5555,0.015999,725.0,700.0,negative,0.20195,0.2087,0.00675,-0.054,STEEP,665775.0,895779.0,1.3455,45,0.15,1
2026-09-10 13:29:15,2026-09-10,2026-09-10T13:29:16+00:00,987.0,IWM,288.45,2430,-3277029882.71,297.8156,0.032469,300.0,285.0,negative,0.19025,,,-0.0464,STEEP,309660.0,633479.0,2.0457,45,0.15,1
2026-09-10 13:45:14,2026-09-10,2026-09-10T13:45:29+00:00,973.0,SPY,758.29,4396,-12296098770.07,767.1777,0.011721,775.0,755.0,negative,0.14215,0.14645,0.0043,-0.0535,STEEP,5119.0,4512.0,0.8814,45,0.15,1
2026-09-10 13:45:15,2026-09-10,2026-09-10T13:45:29+00:00,973.0,IWM,288.01,2462,-4073235436.0,297.2959,0.032242,300.0,285.0,negative,0.193,0.19465,0.00165,-0.0498,STEEP,1146.0,1366.0,1.192,45,0.15,1
2026-09-10 14:11:22,2026-09-10,2026-09-10T14:12:10+00:00,1601.0,SPX,7581.2202,11104,-73296124569.37,7665.9515,0.011176,7800.0,7500.0,negative,0.1469,0.1526,0.0057,-0.0547,STEEP,224919.0,335044.0,1.4896,45,0.15,1
2026-09-10 14:11:15,2026-09-10,2026-09-10T14:12:10+00:00,1601.0,SPY,756.945,4400,-13067023905.62,766.3477,0.012422,775.0,750.0,negative,0.14505,0.14875,0.0037,-0.0546,STEEP,605702.0,784702.0,1.2955,45,0.15,1
2026-09-10 14:11:06,2026-09-10,2026-09-10T14:12:10+00:00,1601.0,QQQ,707.815,4282,-5562700428.93,716.6259,0.012448,725.0,700.0,negative,0.2045,0.2105,0.006,-0.0606,STEEP,503633.0,496411.0,0.9857,45,0.15,1
2026-09-10 14:11:16,2026-09-10,2026-09-10T14:12:10+00:00,1601.0,IWM,288.005,2462,-4099210051.19,297.4486,0.03279,300.0,285.0,negative,0.19475,0.19615,0.0014,-0.055,STEEP,81827.0,222774.0,2.7225,45,0.15,1
2026-09-10 14:29:23,2026-09-10,2026-09-10T14:29:48+00:00,1058.0,SPX,7589.4702,11088,-71816570131.35,7659.8662,0.009275,7800.0,7500.0,negative,0.1447,0.1515,0.0068,-0.0532,STEEP,355666.0,474968.0,1.3354,45,0.15,1
2026-09-10 14:29:16,2026-09-10,2026-09-10T14:29:48+00:00,1058.0,SPY,757.59,4400,-13127464136.58,767.0583,0.012498,775.0,750.0,negative,0.1429,0.14745,0.00455,-0.0543,STEEP,907846.0,1232885.0,1.358,45,0.15,1
2026-09-10 14:29:06,2026-09-10,2026-09-10T14:29:48+00:00,1058.0,QQQ,709.41,4316,-5141252638.63,718.0507,0.01218,725.0,700.0,negative,0.20215,0.20935,0.0072,-0.0602,STEEP,726399.0,725632.0,0.9989,45,0.15,1
2026-09-10 14:29:17,2026-09-10,2026-09-10T14:29:48+00:00,1058.0,IWM,287.9,2462,-4136680378.85,297.7025,0.034048,300.0,285.0,negative,0.19425,0.19635,0.0021,-0.0557,STEEP,124631.0,292567.0,2.3475,45,0.15,1
2026-09-10 14:47:23,2026-09-10,2026-09-10T14:47:44+00:00,1076.0,SPX,7601.4902,11076,-64375601993.35,7667.1292,0.008635,7800.0,7500.0,negative,0.1421,0.14975,0.00765,-0.0513,STEEP,541322.0,624346.0,1.1534,45,0.15,1
2026-09-10 14:47:16,2026-09-10,2026-09-10T14:47:44+00:00,1076.0,SPY,758.89,4364,-12291053781.33,767.0486,0.010751,775.0,755.0,negative,0.14025,0.1454,0.00515,-0.0526,STEEP,1329116.0,1629564.0,1.2261,45,0.15,1
2026-09-10 14:47:07,2026-09-10,2026-09-10T14:47:44+00:00,1076.0,QQQ,711.1,4320,-4515657618.98,717.9266,0.0096,725.0,700.0,negative,0.1972,0.20585,0.00865,-0.0568,STEEP,991528.0,976285.0,0.9846,45,0.15,1
2026-09-10 14:47:17,2026-09-10,2026-09-10T14:47:44+00:00,1076.0,IWM,289.165,2442,-3871931098.42,297.7041,0.02953,300.0,285.0,negative,0.1927,0.1955,0.0028,-0.0547,STEEP,213873.0,427311.0,1.998,45,0.15,1
2026-09-10 15:12:24,2026-09-10,2026-09-10T15:12:59+00:00,1515.0,SPX,7605.5898,11076,-62280718265.42,7667.4251,0.00813,7800.0,7500.0,negative,0.14035,0.1486,0.00825,-0.0507,STEEP,670684.0,753915.0,1.1241,45,0.15,1
2026-09-10 15:12:17,2026-09-10,2026-09-10T15:12:59+00:00,1515.0,SPY,759.33,4364,-12167157323.18,767.1103,0.010246,770.0,755.0,negative,0.13975,0.1453,0.00555,-0.0511,STEEP,1621487.0,1957150.0,1.207,45,0.15,1
2026-09-10 15:12:08,2026-09-10,2026-09-10T15:12:59+00:00,1515.0,QQQ,711.41,4322,-4418094408.34,718.1545,0.00948,725.0,700.0,negative,0.19735,0.20585,0.0085,-0.0569,STEEP,1279111.0,1285565.0,1.005,45,0.15,1
2026-09-10 15:12:18,2026-09-10,2026-09-10T15:12:59+00:00,1515.0,IWM,289.01,2442,-3977803432.93,297.8836,0.030703,300.0,285.0,negative,0.1904,0.1932,0.0028,-0.0543,STEEP,264145.0,483641.0,1.831,45,0.15,1
2026-09-10 15:30:25,2026-09-10,2026-09-10T15:30:44+00:00,1065.0,SPX,7604.0,11076,-63547152551.29,7668.8686,0.008531,7800.0,7500.0,negative,0.1415,0.1491,0.0076,-0.0508,STEEP,732411.0,828458.0,1.1311,45,0.15,1
2026-09-10 15:30:18,2026-09-10,2026-09-10T15:30:44+00:00,1065.0,SPY,759.15,4364,-12261721191.43,767.0705,0.010433,770.0,755.0,negative,0.13955,0.14485,0.0053,-0.0509,STEEP,1810098.0,2143810.0,1.1844,45,0.15,1
2026-09-10 15:30:08,2026-09-10,2026-09-10T15:30:44+00:00,1065.0,QQQ,711.32,4322,-4542011722.74,718.0848,0.00951,725.0,700.0,negative,0.19635,0.20465,0.0083,-0.0575,STEEP,1422656.0,1434449.0,1.0083,45,0.15,1
2026-09-10 15:30:19,2026-09-10,2026-09-10T15:30:44+00:00,1065.0,IWM,288.76,2442,-4054021854.68,297.9574,0.031851,300.0,285.0,negative,0.18985,0.1927,0.00285,-0.0536,STEEP,280488.0,504818.0,1.7998,45,0.15,1
2026-09-10 15:53:14,2026-09-10,2026-09-10T15:53:27+00:00,1363.0,SPX,7612.2402,11074,-58802616738.14,7667.9449,0.007318,7800.0,7500.0,negative,0.1396,0.1478,0.0082,-0.0494,STEEP,829057.0,936551.0,1.1297,45,0.15,1
2026-09-10 15:53:19,2026-09-10,2026-09-10T15:53:27+00:00,1363.0,SPY,759.81,4364,-11791820369.15,767.1881,0.009711,770.0,755.0,negative,0.1377,0.1434,0.0057,-0.0501,STEEP,2038219.0,2432835.0,1.1936,45,0.15,1
2026-09-10 15:53:09,2026-09-10,2026-09-10T15:53:27+00:00,1363.0,QQQ,711.88,4290,-4302563963.67,718.1294,0.008779,725.0,700.0,negative,0.1942,0.20275,0.00855,-0.0568,STEEP,1574340.0,1653564.0,1.0503,45,0.15,1
2026-09-10 15:53:20,2026-09-10,2026-09-10T15:53:27+00:00,1363.0,IWM,288.7,2442,-4095033437.51,297.8813,0.031802,300.0,285.0,negative,0.1888,0.1922,0.0034,-0.0516,STEEP,302506.0,538190.0,1.7791,45,0.15,1
2026-09-10 16:12:27,2026-09-10,2026-09-10T16:12:33+00:00,1146.0,SPX,7596.3999,11086,-68277691395.15,7667.4368,0.009351,7800.0,7500.0,negative,0.14305,0.1497,0.00665,-0.0521,STEEP,912924.0,1036425.0,1.1353,45,0.15,1
2026-09-10 16:12:19,2026-09-10,2026-09-10T16:12:33+00:00,1146.0,SPY,758.27,4396,-12777084840.82,766.7844,0.011229,775.0,755.0,negative,0.14245,0.1468,0.00435,-0.0523,STEEP,2237170.0,2722953.0,1.2171,45,0.15,1
2026-09-10 16:12:10,2026-09-10,2026-09-10T16:12:33+00:00,1146.0,QQQ,709.981,4318,-5169059583.09,717.387,0.010431,725.0,700.0,negative,0.19905,0.206,0.00695,-0.0596,STEEP,1707348.0,1841581.0,1.0786,45,0.15,1
2026-09-10 16:12:20,2026-09-10,2026-09-10T16:12:33+00:00,1146.0,IWM,288.27,2430,-4110731679.56,297.5788,0.032292,300.0,285.0,negative,0.19315,0.19535,0.0022,-0.0504,STEEP,318083.0,566635.0,1.7814,45,0.15,1
2026-09-10 16:29:28,2026-09-10,2026-09-10T16:29:32+00:00,1019.0,SPX,7595.7002,11086,-68879821708.38,7666.0146,0.009257,7800.0,7500.0,negative,0.1429,0.1499,0.007,-0.0517,STEEP,998705.0,1116209.0,1.1177,45,0.15,1
2026-09-10 16:29:20,2026-09-10,2026-09-10T16:29:32+00:00,1019.0,SPY,758.23,4396,-12878303640.23,765.7155,0.009872,775.0,755.0,negative,0.1423,0.1468,0.0045,-0.0517,STEEP,2393216.0,2956582.0,1.2354,45,0.15,1
2026-09-10 16:29:10,2026-09-10,2026-09-10T16:29:32+00:00,1019.0,QQQ,710.0184,4318,-5218281442.82,717.9696,0.011199,725.0,700.0,negative,0.1995,0.20645,0.00695,-0.0601,STEEP,1828386.0,2013348.0,1.1012,45,0.15,1
2026-09-10 16:29:21,2026-09-10,2026-09-10T16:29:32+00:00,1019.0,IWM,288.21,2462,-4125581966.49,297.5232,0.032314,300.0,285.0,negative,0.19315,0.1954,0.00225,-0.051,STEEP,331693.0,584165.0,1.7612,45,0.15,1
2026-09-10 16:44:28,2026-09-10,2026-09-10T16:45:07+00:00,935.0,SPX,7593.0898,11088,-70584206966.29,7666.0625,0.00961,7800.0,7500.0,negative,0.14495,0.15135,0.0064,-0.0524,STEEP,1052819.0,1174512.0,1.1156,45,0.15,1
2026-09-10 16:44:21,2026-09-10,2026-09-10T16:45:07+00:00,935.0,SPY,758.0,4396,-13252759293.13,766.0191,0.010579,775.0,750.0,negative,0.14305,0.1474,0.00435,-0.053,STEEP,2500312.0,3096626.0,1.2385,45,0.15,1
2026-09-10 16:44:11,2026-09-10,2026-09-10T16:45:07+00:00,935.0,QQQ,709.54,4316,-5428748167.26,717.9676,0.011878,725.0,700.0,negative,0.20025,0.2072,0.00695,-0.0611,STEEP,1907991.0,2118462.0,1.1103,45,0.15,1
2026-09-10 16:44:22,2026-09-10,2026-09-10T16:45:07+00:00,935.0,IWM,288.17,2462,-4115887891.73,297.9558,0.033959,300.0,285.0,negative,0.1945,0.19615,0.00165,-0.0542,STEEP,343296.0,600336.0,1.7487,45,0.15,1
2026-09-10 16:56:29,2026-09-10,2026-09-10T16:57:11+00:00,724.0,SPX,7597.0,11086,-69250844100.51,7665.8845,0.009067,7800.0,7500.0,negative,0.14265,0.14995,0.0073,-0.0515,STEEP,1111208.0,1251944.0,1.1267,45,0.15,1
2026-09-10 16:56:21,2026-09-10,2026-09-10T16:57:11+00:00,724.0,SPY,758.385,4396,-13168985440.23,766.9893,0.011346,775.0,755.0,negative,0.1421,0.14685,0.00475,-0.0525,STEEP,2655007.0,3257890.0,1.2271,45,0.15,1
2026-09-10 16:56:11,2026-09-10,2026-09-10T16:57:11+00:00,724.0,QQQ,709.77,4318,-5372476169.97,717.9027,0.011458,725.0,700.0,negative,0.19925,0.20665,0.0074,-0.061,STEEP,1992016.0,2237815.0,1.1234,45,0.15,1
2026-09-10 16:56:22,2026-09-10,2026-09-10T16:57:11+00:00,724.0,IWM,288.07,2462,-4145093459.26,297.9151,0.034176,300.0,285.0,negative,0.19375,0.19575,0.002,-0.0539,STEEP,355828.0,618834.0,1.7391,45,0.15,1
2026-09-10 17:15:17,2026-09-10,2026-09-10T17:15:31+00:00,1100.0,SPX,7603.6499,11076,-66353342519.65,7660.0539,0.007418,7800.0,7500.0,negative,0.14135,0.1491,0.00775,-0.0506,STEEP,1196400.0,1337151.0,1.1176,45,0.15,1
2026-09-10 17:15:22,2026-09-10,2026-09-10T17:15:31+00:00,1100.0,SPY,758.9801,4364,-12819734567.2,766.8493,0.010368,775.0,755.0,negative,0.13945,0.1449,0.00545,-0.0508,STEEP,2895554.0,3489401.0,1.2051,45,0.15,1
2026-09-10 17:15:12,2026-09-10,2026-09-10T17:15:31+00:00,1100.0,QQQ,710.8,4320,-4915698019.5,716.6315,0.008204,725.0,700.0,negative,0.1965,0.20475,0.00825,-0.0575,STEEP,2123403.0,2412380.0,1.1361,45,0.15,1
2026-09-10 17:15:23,2026-09-10,2026-09-10T17:15:31+00:00,1100.0,IWM,288.22,2462,-4169498972.87,297.2188,0.031222,300.0,285.0,negative,0.1923,0.1946,0.0023,-0.0493,STEEP,372185.0,635924.0,1.7086,45,0.15,1
2026-09-10 17:29:30,2026-09-10,2026-09-10T17:30:06+00:00,875.0,SPX,7604.98,11076,-65617921884.14,7666.217,0.008052,7800.0,7500.0,negative,0.14145,0.14915,0.0077,-0.0508,STEEP,1259452.0,1407547.0,1.1176,45,0.15,1
2026-09-10 17:29:22,2026-09-10,2026-09-10T17:30:06+00:00,875.0,SPY,759.15,4364,-12601279409.18,766.9023,0.010212,775.0,755.0,negative,0.1396,0.1449,0.0053,-0.0509,STEEP,3017200.0,3840172.0,1.2728,45,0.15,1
2026-09-10 17:29:13,2026-09-10,2026-09-10T17:30:06+00:00,875.0,QQQ,711.07,4320,-4871050036.93,716.8116,0.008075,725.0,700.0,negative,0.19645,0.20475,0.0083,-0.0575,STEEP,2191515.0,2686712.0,1.226,45,0.15,1
2026-09-10 17:29:23,2026-09-10,2026-09-10T17:30:06+00:00,875.0,IWM,288.17,2462,-4183211153.99,297.1842,0.031281,300.0,285.0,negative,0.19235,0.1946,0.00225,-0.048,STEEP,389016.0,655156.0,1.6841,45,0.15,1
2026-09-10 17:43:31,2026-09-10,2026-09-10T17:44:29+00:00,863.0,SPX,7599.6899,11086,-69219855349.75,7667.0017,0.008857,7800.0,7500.0,negative,0.1421,0.1496,0.0075,-0.0502,STEEP,1299786.0,1450691.0,1.1161,45,0.15,1
2026-09-10 17:44:23,2026-09-10,2026-09-10T17:44:29+00:00,863.0,SPY,758.6,4396,-13028144737.0,765.4937,0.009087,775.0,755.0,negative,0.1404,0.1455,0.0051,-0.0524,STEEP,3111392.0,3969675.0,1.2759,45,0.15,1
2026-09-10 17:44:13,2026-09-10,2026-09-10T17:44:29+00:00,863.0,QQQ,710.41,4318,-5217677941.47,717.379,0.00981,725.0,700.0,negative,0.198,0.2064,0.0084,-0.0581,STEEP,2251409.0,2761200.0,1.2264,45,0.15,1
2026-09-10 17:44:24,2026-09-10,2026-09-10T17:44:29+00:00,863.0,IWM,287.97,2462,-4158204882.17,297.189,0.032014,300.0,285.0,negative,0.19305,0.1953,0.00225,-0.0511,STEEP,396782.0,667493.0,1.6823,45,0.15,1
2026-09-10 17:56:19,2026-09-10,2026-09-10T17:56:31+00:00,722.0,SPX,7594.6499,11086,-71440148706.13,7666.0506,0.009401,7800.0,7500.0,negative,0.1438,0.1507,0.0069,-0.0515,STEEP,1346998.0,1505180.0,1.1174,45,0.15,1
2026-09-10 17:56:23,2026-09-10,2026-09-10T17:56:31+00:00,722.0,SPY,758.13,4396,-13242524295.68,765.9774,0.010351,775.0,755.0,negative,0.1419,0.14665,0.00475,-0.0515,STEEP,3198080.0,4141354.0,1.295,45,0.15,1
2026-09-10 17:56:14,2026-09-10,2026-09-10T17:56:31+00:00,722.0,QQQ,709.785,4318,-5518071361.94,716.8303,0.009926,725.0,700.0,negative,0.19765,0.20575,0.0081,-0.0584,STEEP,2310650.0,2859580.0,1.2376,45,0.15,1
2026-09-10 17:56:24,2026-09-10,2026-09-10T17:56:31+00:00,722.0,IWM,287.78,2450,-4145489622.82,297.3166,0.033139,300.0,285.0,negative,0.1939,0.1958,0.0019,-0.0512,STEEP,411046.0,762826.0,1.8558,45,0.15,1
2026-09-10 18:16:32,2026-09-10,2026-09-10T18:16:43+00:00,1212.0,SPX,7597.6499,11086,-71122199996.2,7663.287,0.008639,7800.0,7500.0,negative,0.1418,0.1495,0.0077,-0.0519,STEEP,1403147.0,1561212.0,1.1127,45,0.15,1
2026-09-10 18:16:24,2026-09-10,2026-09-10T18:16:43+00:00,1212.0,SPY,758.5025,4396,-13268635781.7,766.4156,0.010433,775.0,755.0,negative,0.13985,0.14515,0.0053,-0.052,STEEP,3330421.0,4373310.0,1.3131,45,0.15,1
2026-09-10 18:16:14,2026-09-10,2026-09-10T18:16:43+00:00,1212.0,QQQ,710.09,4318,-5469605954.82,717.0913,0.00986,725.0,700.0,negative,0.19725,0.2056,0.00835,-0.0588,STEEP,2386754.0,2951631.0,1.2367,45,0.15,1
2026-09-10 18:16:25,2026-09-10,2026-09-10T18:16:43+00:00,1212.0,IWM,287.87,2462,-4147389615.35,297.9472,0.035006,300.0,285.0,negative,0.1947,0.1964,0.0017,-0.0512,STEEP,426172.0,799441.0,1.8759,45,0.15,1
2026-09-10 18:43:34,2026-09-10,2026-09-10T18:43:39+00:00,1616.0,SPX,7591.73,11088,-73590703293.15,7665.6034,0.009731,7800.0,7500.0,negative,0.1442,0.15105,0.00685,-0.0534,STEEP,1533769.0,1700592.0,1.1088,45,0.15,1
2026-09-10 18:43:24,2026-09-10,2026-09-10T18:43:39+00:00,1616.0,SPY,757.885,4396,-13462346479.66,766.7046,0.011637,775.0,750.0,negative,0.1424,0.14685,0.00445,-0.0542,STEEP,3578048.0,4711731.0,1.3168,45,0.15,1
2026-09-10 18:43:15,2026-09-10,2026-09-10T18:43:39+00:00,1616.0,QQQ,709.3001,4316,-5808602072.14,717.0644,0.010946,725.0,700.0,negative,0.1998,0.20735,0.00755,-0.0596,STEEP,2558948.0,3155153.0,1.233,45,0.15,1
2026-09-10 18:43:25,2026-09-10,2026-09-10T18:43:39+00:00,1616.0,IWM,287.62,2450,-4094624434.32,297.802,0.035401,300.0,285.0,negative,0.19795,0.1989,0.00095,-0.053,STEEP,471361.0,854186.0,1.8122,45,0.15,1
2026-09-10 18:56:34,2026-09-10,2026-09-10T18:56:57+00:00,798.0,SPX,7591.7402,11088,-72973692974.6,7657.4002,0.008649,7800.0,7500.0,negative,0.14455,0.15115,0.0066,-0.0536,STEEP,1597089.0,1758418.0,1.101,45,0.15,1
2026-09-10 18:56:25,2026-09-10,2026-09-10T18:56:57+00:00,798.0,SPY,757.89,4396,-13456739298.54,766.6732,0.011589,775.0,750.0,negative,0.1427,0.14705,0.00435,-0.0544,STEEP,3691239.0,4859110.0,1.3164,45,0.15,1
2026-09-10 18:56:15,2026-09-10,2026-09-10T18:56:57+00:00,798.0,QQQ,709.5,4316,-5758661632.78,716.9411,0.010488,725.0,700.0,negative,0.2004,0.20745,0.00705,-0.059,STEEP,2626236.0,3225776.0,1.2283,45,0.15,1
2026-09-10 18:56:26,2026-09-10,2026-09-10T18:56:57+00:00,798.0,IWM,287.55,2450,-4083841643.19,298.0089,0.036372,300.0,285.0,negative,0.1987,0.1994,0.0007,-0.0532,STEEP,479388.0,868677.0,1.8121,45,0.15,1
2026-09-10 19:12:35,2026-09-10,2026-09-10T19:12:59+00:00,962.0,SPX,7592.4702,11088,-73332482829.79,7664.5894,0.009499,7800.0,7500.0,negative,0.1442,0.1507,0.0065,-0.054,STEEP,1672559.0,1827065.0,1.0924,45,0.15,1
2026-09-10 19:12:25,2026-09-10,2026-09-10T19:12:59+00:00,962.0,SPY,757.92,4396,-13407254323.45,766.2429,0.010981,775.0,750.0,negative,0.1423,0.1466,0.0043,-0.0547,STEEP,3866174.0,5006771.0,1.295,45,0.15,1
2026-09-10 19:12:16,2026-09-10,2026-09-10T19:12:59+00:00,962.0,QQQ,709.79,4318,-5687374733.86,716.9382,0.010071,725.0,700.0,negative,0.1985,0.2063,0.0078,-0.0588,STEEP,2723187.0,3337304.0,1.2255,45,0.15,1
2026-09-10 19:12:26,2026-09-10,2026-09-10T19:12:59+00:00,962.0,IWM,287.56,2450,-4080176679.35,297.7901,0.035576,300.0,285.0,negative,0.19885,0.19945,0.0006,-0.0524,STEEP,503852.0,948942.0,1.8834,45,0.15,1
2026-09-10 19:25:35,2026-09-10,2026-09-10T19:25:52+00:00,773.0,SPX,7592.4399,11088,-73851943184.29,7657.2196,0.008532,7800.0,7500.0,negative,0.14545,0.1515,0.00605,-0.0549,STEEP,1734636.0,1902109.0,1.0965,45,0.15,1
2026-09-10 19:25:26,2026-09-10,2026-09-10T19:25:52+00:00,773.0,SPY,757.91,4396,-13366498516.68,766.7121,0.011614,775.0,750.0,negative,0.1437,0.1477,0.004,-0.0547,STEEP,3998371.0,5203206.0,1.3013,45,0.15,1
2026-09-10 19:25:16,2026-09-10,2026-09-10T19:25:52+00:00,773.0,QQQ,709.31,4316,-5890551768.15,715.5361,0.008778,725.0,700.0,negative,0.2015,0.2081,0.0066,-0.0613,STEEP,2798291.0,3453754.0,1.2342,45,0.15,1
2026-09-10 19:25:27,2026-09-10,2026-09-10T19:25:52+00:00,773.0,IWM,287.4,2450,-4040893695.32,297.7919,0.036158,300.0,285.0,negative,0.20055,0.20025,-0.0003,-0.0555,STEEP,516411.0,1001082.0,1.9385,45,0.15,1
2026-09-10 19:38:36,2026-09-10,2026-09-10T19:39:22+00:00,810.0,SPX,7587.5601,11108,-75052972205.97,7666.4525,0.010398,7800.0,7500.0,negative,0.1465,0.15215,0.00565,-0.0572,STEEP,1783574.0,1966908.0,1.1028,45,0.15,1
2026-09-10 19:38:26,2026-09-10,2026-09-10T19:39:22+00:00,810.0,SPY,757.46,4400,-13514166128.19,765.8088,0.011022,775.0,750.0,negative,0.14585,0.14925,0.0034,-0.0571,STEEP,4089398.0,5320247.0,1.301,45,0.15,1
2026-09-10 19:38:16,2026-09-10,2026-09-10T19:39:22+00:00,810.0,QQQ,708.78,4316,-6114888941.1,715.4449,0.009403,725.0,700.0,negative,0.20245,0.2087,0.00625,-0.0623,STEEP,2876650.0,3521987.0,1.2243,45,0.15,1
2026-09-10 19:38:27,2026-09-10,2026-09-10T19:39:22+00:00,810.0,IWM,287.37,2450,-4051313711.1,298.086,0.03729,300.0,285.0,negative,0.20035,0.20045,0.0001,-0.0557,STEEP,527110.0,1033162.0,1.9601,45,0.15,1
2026-09-10 19:51:37,2026-09-10,2026-09-10T19:51:49+00:00,747.0,SPX,7591.3301,11088,-75018091031.86,7667.954,0.010094,7800.0,7500.0,negative,0.1455,0.15175,0.00625,-0.0551,STEEP,1834911.0,2037478.0,1.1104,45,0.15,1
2026-09-10 19:51:26,2026-09-10,2026-09-10T19:51:49+00:00,747.0,SPY,757.8601,4396,-13540105492.13,766.4541,0.01134,775.0,750.0,negative,0.1435,0.14775,0.00425,-0.0554,STEEP,4195007.0,5484708.0,1.3074,45,0.15,1
2026-09-10 19:51:17,2026-09-10,2026-09-10T19:51:49+00:00,747.0,QQQ,709.11,4316,-6109358427.61,717.9635,0.012485,725.0,700.0,negative,0.20135,0.20805,0.0067,-0.0637,STEEP,2957327.0,3601406.0,1.2178,45,0.15,1
2026-09-10 19:51:27,2026-09-10,2026-09-10T19:51:49+00:00,747.0,IWM,287.6,2450,-4053645445.62,297.7778,0.035389,300.0,285.0,negative,0.20045,0.201,0.00055,-0.0546,STEEP,569710.0,1144463.0,2.0089,45,0.15,1
2026-09-10 20:11:38,2026-09-10,2026-09-10T20:12:04+00:00,1215.0,SPX,7590.9399,10646,-51627781032.1,7670.0683,0.010424,7800.0,7500.0,negative,0.14625,0.1522,0.00595,-0.0555,STEEP,477795.0,641856.0,1.3434,45,0.15,1
2026-09-10 20:11:27,2026-09-10,2026-09-10T20:12:04+00:00,1215.0,SPY,757.795,4156,-10545439952.42,768.337,0.013911,775.0,750.0,negative,0.1442,0.1481,0.0039,-0.0556,STEEP,1210286.0,2123507.0,1.7545,45,0.15,1
2026-09-10 20:11:18,2026-09-10,2026-09-10T20:12:04+00:00,1215.0,QQQ,708.562,3974,-4097239791.61,719.249,0.015083,725.0,700.0,negative,0.20115,0.2077,0.00655,-0.0615,STEEP,760574.0,1154332.0,1.5177,45,0.15,1
2026-09-10 20:11:28,2026-09-10,2026-09-10T20:12:04+00:00,1215.0,IWM,287.63,2302,-3822715903.08,298.151,0.036578,300.0,285.0,negative,0.2011,0.2011,0.0,-0.0533,STEEP,333152.0,915945.0,2.7493,45,0.15,1
2026-09-10 20:27:38,2026-09-10,2026-09-10T20:28:03+00:00,959.0,SPX,7591.7002,10646,-48364321358.21,7683.0627,0.012035,7800.0,7500.0,negative,0.14625,0.15225,0.006,-0.0553,STEEP,519845.0,699305.0,1.3452,45,0.15,1
2026-09-10 20:27:28,2026-09-10,2026-09-10T20:28:03+00:00,959.0,SPY,758.552,4156,-10250434583.18,769.4332,0.014345,775.0,755.0,negative,0.14295,0.14715,0.0042,-0.0567,STEEP,1306607.0,2241930.0,1.7158,45,0.15,1
2026-09-10 20:27:18,2026-09-10,2026-09-10T20:28:03+00:00,959.0,QQQ,708.83,4004,-4037055910.99,719.4129,0.01493,725.0,700.0,negative,0.20145,0.2077,0.00625,-0.0632,STEEP,808138.0,1216683.0,1.5055,45,0.15,1
2026-09-10 20:27:29,2026-09-10,2026-09-10T20:28:03+00:00,959.0,IWM,287.92,2314,-3787506033.62,298.9377,0.038266,300.0,285.0,negative,0.19985,0.2008,0.00095,-0.0559,STEEP,346386.0,976748.0,2.8198,45,0.15,1
2026-09-10 20:42:39,2026-09-10,2026-09-10T20:43:22+00:00,919.0,SPX,7591.7002,10646,-48690926973.71,7683.7592,0.012126,7800.0,7500.0,negative,0.1456,0.1519,0.0063,-0.0545,STEEP,526434.0,706039.0,1.3412,45,0.15,1
2026-09-10 20:42:28,2026-09-10,2026-09-10T20:43:22+00:00,919.0,SPY,758.57,4156,-10243036369.53,769.351,0.014212,775.0,755.0,negative,0.1424,0.1468,0.0044,-0.0552,STEEP,1317056.0,2257530.0,1.7141,45,0.15,1
2026-09-10 20:42:19,2026-09-10,2026-09-10T20:43:22+00:00,919.0,QQQ,709.008,4004,-3977480583.63,719.4965,0.014793,725.0,700.0,negative,0.2009,0.2077,0.0068,-0.0642,STEEP,818397.0,1222833.0,1.4942,45,0.15,1
2026-09-10 20:42:29,2026-09-10,2026-09-10T20:43:22+00:00,919.0,IWM,287.8,2302,-3807777680.36,299.0555,0.039109,300.0,285.0,negative,0.1996,0.1997,0.0001,-0.0547,STEEP,347692.0,978858.0,2.8153,45,0.15,1
2026-09-10 20:54:40,2026-09-10,2026-09-10T20:55:09+00:00,707.0,SPX,7591.7002,10646,-49103545439.37,7682.8218,0.012003,7800.0,7500.0,negative,0.1458,0.1519,0.0061,-0.0545,STEEP,526434.0,706039.0,1.3412,45,0.15,1
2026-09-10 20:54:29,2026-09-10,2026-09-10T20:55:09+00:00,707.0,SPY,758.5,4156,-10241146024.64,769.3449,0.014298,775.0,755.0,negative,0.14375,0.1478,0.00405,-0.0552,STEEP,1317056.0,2257530.0,1.7141,45,0.15,1
2026-09-10 20:54:19,2026-09-10,2026-09-10T20:55:09+00:00,707.0,QQQ,709.05,4004,-3977951831.16,719.493,0.014728,725.0,700.0,negative,0.2009,0.2077,0.0068,-0.0642,STEEP,818397.0,1222833.0,1.4942,45,0.15,1
2026-09-11 13:12:19,2026-09-11,2026-09-11T13:12:49+00:00,58660.0,SPX,7591.7002,11304,4635380268.44,7662.8093,0.009367,7800.0,7500.0,positive,0.13635,0.1485,0.01215,-0.0434,STEEP,526434.0,706039.0,1.3412,45,0.15,1
2026-09-11 13:12:34,2026-09-11,2026-09-11T13:12:49+00:00,58660.0,SPY,765.29,4320,-11690998741.93,766.2892,0.001306,770.0,760.0,negative,0.13435,0.14575,0.0114,-0.0551,STEEP,1317873.0,2252642.0,1.7093,45,0.15,1
2026-09-11 13:12:07,2026-09-11,2026-09-11T13:12:49+00:00,58660.0,QQQ,716.4019,4196,-3471263525.89,715.0747,-0.001853,720.0,700.0,negative,0.1926,0.20915,0.01655,-0.0642,STEEP,818874.0,1220816.0,1.4908,45,0.15,1
2026-09-11 13:12:07,2026-09-11,2026-09-11T13:12:49+00:00,59367.0,IWM,290.65,2404,-3662854830.39,296.9721,0.021752,300.0,285.0,negative,0.1926,0.199,0.0064,-0.0547,STEEP,347680.0,978181.0,2.8135,45,0.15,1
2026-09-11 13:29:21,2026-09-11,2026-09-11T13:30:08+00:00,1039.0,SPX,7591.7002,11304,-294734062.2,7662.4815,0.009324,7800.0,7500.0,negative,0.137,0.14905,0.01205,-0.0451,STEEP,526434.0,706039.0,1.3412,45,0.15,1
2026-09-11 13:29:05,2026-09-11,2026-09-11T13:30:08+00:00,1039.0,SPY,764.9,4288,-11671012828.03,766.2567,0.001774,770.0,760.0,negative,0.13435,0.14575,0.0114,-0.0552,STEEP,1317701.0,2252642.0,1.7095,45,0.15,1
2026-09-11 13:29:08,2026-09-11,2026-09-11T13:30:08+00:00,1039.0,QQQ,716.17,4196,-3469050848.47,715.0341,-0.001586,720.0,700.0,negative,0.1926,0.20915,0.01655,-0.0642,STEEP,818874.0,1220816.0,1.4908,45,0.15,1
2026-09-11 13:29:08,2026-09-11,2026-09-11T13:30:08+00:00,1039.0,IWM,290.6,2404,-3661594710.05,296.9604,0.021887,300.0,285.0,negative,0.1926,0.199,0.0064,-0.0547,STEEP,347680.0,978181.0,2.8135,45,0.15,1
2026-09-11 13:45:26,2026-09-11,2026-09-11T13:46:09+00:00,961.0,QQQ,714.54,4192,-772658563.76,715.3373,0.001116,720.0,700.0,negative,0.18545,0.2059,0.02045,-0.0567,STEEP,4954.0,12413.0,2.5057,45,0.15,1
2026-09-11 13:45:08,2026-09-11,2026-09-11T13:46:09+00:00,961.0,IWM,290.95,2404,-2975030214.78,296.6603,0.019626,300.0,285.0,negative,0.1877,0.201,0.0133,-0.0498,STEEP,927.0,994.0,1.0723,45,0.15,1
2026-09-11 14:12:23,2026-09-11,2026-09-11T14:13:09+00:00,1620.0,SPX,7669.6899,11242,9005399841.52,7661.7423,-0.001036,7800.0,7500.0,positive,0.1256,0.1407,0.0151,-0.0434,STEEP,294053.0,290936.0,0.9894,45,0.15,1
2026-09-11 14:12:07,2026-09-11,2026-09-11T14:13:09+00:00,1620.0,SPY,765.685,4320,-2386777127.45,766.5604,0.001143,770.0,760.0,negative,0.12605,0.1427,0.01665,-0.0451,STEEP,653591.0,703147.0,1.0758,45,0.15,1
2026-09-11 14:12:09,2026-09-11,2026-09-11T14:13:09+00:00,1620.0,QQQ,716.0251,4196,169893856.85,715.6279,-0.000555,720.0,700.0,positive,0.1828,0.2051,0.0223,-0.0552,STEEP,442431.0,551728.0,1.247,45,0.15,1
2026-09-11 14:12:09,2026-09-11,2026-09-11T14:13:09+00:00,1620.0,IWM,290.18,2396,-3411842422.25,295.9243,0.019796,292.0,285.0,negative,0.18205,0.19235,0.0103,-0.0486,STEEP,146262.0,258656.0,1.7684,45,0.15,1
2026-09-11 14:30:24,2026-09-11,2026-09-11T14:30:59+00:00,1070.0,SPX,7664.0601,11244,4428555350.38,7662.3448,-0.000224,7800.0,7500.0,positive,0.1257,0.1409,0.0152,-0.044,STEEP,412664.0,451272.0,1.0936,45,0.15,1
2026-09-11 14:30:07,2026-09-11,2026-09-11T14:30:59+00:00,1070.0,SPY,764.97,4288,-3791220263.75,766.1644,0.001561,770.0,760.0,negative,0.126,0.142,0.016,-0.0463,STEEP,993207.0,1011375.0,1.0183,45,0.15,1
2026-09-11 14:30:10,2026-09-11,2026-09-11T14:30:59+00:00,1070.0,QQQ,715.1,4194,-115992838.66,715.2696,0.000237,720.0,700.0,negative,0.18085,0.2036,0.02275,-0.0549,STEEP,652147.0,820969.0,1.2589,45,0.15,1
2026-09-11 14:30:10,2026-09-11,2026-09-11T14:30:59+00:00,1070.0,IWM,289.66,2396,-3792098667.83,295.2379,0.019257,291.0,285.0,negative,0.17935,0.19085,0.0115,-0.0476,STEEP,180400.0,325960.0,1.8069,45,0.15,1
2026-09-11 14:54:26,2026-09-11,2026-09-11T14:55:04+00:00,1445.0,SPX,7657.0298,11254,-1951503056.84,7661.7221,0.000613,7800.0,7500.0,negative,0.12605,0.1409,0.01485,-0.0454,STEEP,556529.0,642439.0,1.1544,45,0.15,1
2026-09-11 14:54:08,2026-09-11,2026-09-11T14:55:04+00:00,1445.0,SPY,764.24,4320,-5029116409.64,766.0723,0.002398,770.0,760.0,negative,0.1277,0.14205,0.01435,-0.0471,STEEP,1332818.0,1470003.0,1.1029,45,0.15,1
2026-09-11 14:54:11,2026-09-11,2026-09-11T14:55:04+00:00,1445.0,QQQ,714.73,4192,-240033782.84,715.126,0.000554,720.0,700.0,negative,0.18105,0.2035,0.02245,-0.0548,STEEP,870863.0,1154429.0,1.3256,45,0.15,1
2026-09-11 14:54:10,2026-09-11,2026-09-11T14:55:04+00:00,1445.0,IWM,288.83,2388,-4233024474.87,294.9876,0.021319,291.0,285.0,negative,0.1802,0.18995,0.00975,-0.0482,STEEP,210922.0,416530.0,1.9748,45,0.15,1
2026-09-11 15:11:26,2026-09-11,2026-09-11T15:12:00+00:00,1016.0,SPX,7652.4302,11256,-6252248061.02,7657.2629,0.000632,7800.0,7500.0,negative,0.1268,0.1415,0.0147,-0.0468,STEEP,671397.0,756927.0,1.1274,45,0.15,1
2026-09-11 15:11:09,2026-09-11,2026-09-11T15:12:00+00:00,1016.0,SPY,763.86,4320,-5716818976.53,765.8655,0.002626,770.0,760.0,negative,0.1272,0.14165,0.01445,-0.0486,STEEP,1573838.0,1840135.0,1.1692,45,0.15,1
2026-09-11 15:11:12,2026-09-11,2026-09-11T15:12:00+00:00,1016.0,QQQ,714.18,4192,-445857078.63,714.8051,0.000875,720.0,700.0,negative,0.18205,0.2031,0.02105,-0.0566,STEEP,1037188.0,1359182.0,1.3104,45,0.15,1
2026-09-11 15:11:11,2026-09-11,2026-09-11T15:12:00+00:00,1016.0,IWM,289.34,2388,-4016220473.61,295.0689,0.0198,291.0,285.0,negative,0.18055,0.19065,0.0101,-0.0508,STEEP,235145.0,459245.0,1.953,45,0.15,1
2026-09-11 15:28:26,2026-09-11,2026-09-11T15:29:11+00:00,1031.0,SPX,7657.4399,11254,-1901888765.06,7657.7656,4.3e-05,7800.0,7500.0,negative,0.12505,0.14045,0.0154,-0.0454,STEEP,754649.0,839453.0,1.1124,45,0.15,1
2026-09-11 15:28:09,2026-09-11,2026-09-11T15:29:11+00:00,1031.0,SPY,764.465,4320,-4235683129.52,765.922,0.001906,770.0,760.0,negative,0.12645,0.14145,0.015,-0.0472,STEEP,1818885.0,2057846.0,1.1314,45,0.15,1
2026-09-11 15:28:12,2026-09-11,2026-09-11T15:29:11+00:00,1031.0,QQQ,715.0,4194,271461139.59,714.5648,-0.000609,720.0,700.0,positive,0.1786,0.20175,0.02315,-0.0531,STEEP,1166192.0,1510317.0,1.2951,45,0.15,1
2026-09-11 15:28:12,2026-09-11,2026-09-11T15:29:11+00:00,1031.0,IWM,289.09,2388,-4189893456.52,295.0196,0.020511,291.0,285.0,negative,0.17915,0.1896,0.01045,-0.0481,STEEP,250842.0,489110.0,1.9499,45,0.15,1
2026-09-11 15:45:27,2026-09-11,2026-09-11T15:45:32+00:00,981.0,SPX,7672.3198,11232,14456318460.39,7661.4916,-0.001411,7800.0,7500.0,positive,0.1239,0.1396,0.0157,-0.0438,STEEP,868747.0,941394.0,1.0836,45,0.15,1
2026-09-11 15:45:10,2026-09-11,2026-09-11T15:45:32+00:00,981.0,SPY,765.905,4316,-1482505265.76,766.2966,0.000511,770.0,760.0,negative,0.1241,0.14165,0.01755,-0.0462,STEEP,2086876.0,2300414.0,1.1023,45,0.15,1
2026-09-11 15:45:13,2026-09-11,2026-09-11T15:45:32+00:00,981.0,QQQ,717.2,4198,1243847093.39,715.2152,-0.002767,730.0,700.0,positive,0.17725,0.20175,0.0245,-0.0533,STEEP,1311174.0,1724714.0,1.3154,45,0.15,1
2026-09-11 15:45:12,2026-09-11,2026-09-11T15:45:32+00:00,981.0,IWM,289.63,2396,-4062109552.89,295.1636,0.019106,291.0,285.0,negative,0.17585,0.1896,0.01375,-0.047,STEEP,266671.0,509064.0,1.909,45,0.15,1
2026-09-11 16:13:28,2026-09-11,2026-09-11T16:13:32+00:00,1680.0,SPX,7669.8198,11242,13125875673.13,7661.8281,-0.001042,7800.0,7500.0,positive,0.12365,0.13955,0.0159,-0.0428,STEEP,1003626.0,1067524.0,1.0637,45,0.15,1
2026-09-11 16:13:11,2026-09-11,2026-09-11T16:13:32+00:00,1680.0,SPY,765.6771,4320,-2050702645.13,766.1199,0.000578,770.0,760.0,negative,0.1237,0.1417,0.018,-0.045,STEEP,2330906.0,2675936.0,1.148,45,0.15,1
2026-09-11 16:13:13,2026-09-11,2026-09-11T16:13:32+00:00,1680.0,QQQ,716.55,4198,1159543276.77,714.9371,-0.002251,720.0,700.0,positive,0.17595,0.20145,0.0255,-0.0535,STEEP,1446381.0,1952891.0,1.3502,45,0.15,1
2026-09-11 16:13:13,2026-09-11,2026-09-11T16:13:32+00:00,1680.0,IWM,289.68,2396,-4145199820.49,295.7198,0.02085,291.0,285.0,negative,0.17435,0.1891,0.01475,-0.048,STEEP,291985.0,548693.0,1.8792,45,0.15,1
2026-09-11 16:30:29,2026-09-11,2026-09-11T16:31:13+00:00,1061.0,SPX,7669.7798,11242,12377466356.89,7660.7802,-0.001173,7800.0,7500.0,positive,0.12315,0.1393,0.01615,-0.0427,STEEP,1068853.0,1135696.0,1.0625,45,0.15,1
2026-09-11 16:30:11,2026-09-11,2026-09-11T16:31:13+00:00,1061.0,SPY,765.555,4320,-2122732734.89,766.0696,0.000672,770.0,760.0,negative,0.1233,0.14145,0.01815,-0.0443,STEEP,2473419.0,3090564.0,1.2495,45,0.15,1
2026-09-11 16:30:14,2026-09-11,2026-09-11T16:31:13+00:00,1061.0,QQQ,716.35,4196,1101597390.0,714.5566,-0.002503,720.0,700.0,positive,0.1768,0.20125,0.02445,-0.0529,STEEP,1520971.0,2080593.0,1.3679,45,0.15,1
2026-09-11 16:30:14,2026-09-11,2026-09-11T16:31:13+00:00,1061.0,IWM,289.45,2384,-4276018002.22,295.1222,0.019596,291.0,288.0,negative,0.17615,0.189,0.01285,-0.0472,STEEP,307312.0,561673.0,1.8277,45,0.15,1
2026-09-11 16:52:30,2026-09-11,2026-09-11T16:52:45+00:00,1292.0,SPX,7665.1699,11242,9092697661.84,7658.765,-0.000836,7800.0,7500.0,positive,0.12365,0.1396,0.01595,-0.0437,STEEP,1160455.0,1240119.0,1.0686,45,0.15,1
2026-09-11 16:52:12,2026-09-11,2026-09-11T16:52:45+00:00,1292.0,SPY,765.26,4320,-2510919066.74,765.8804,0.000811,770.0,760.0,negative,0.12495,0.1416,0.01665,-0.0459,STEEP,2665518.0,3403820.0,1.277,45,0.15,1
2026-09-11 16:52:15,2026-09-11,2026-09-11T16:52:45+00:00,1292.0,QQQ,715.61,4194,839126625.35,714.341,-0.001773,720.0,700.0,positive,0.1753,0.2005,0.0252,-0.0543,STEEP,1671031.0,2273399.0,1.3605,45,0.15,1
2026-09-11 16:52:14,2026-09-11,2026-09-11T16:52:45+00:00,1292.0,IWM,289.57,2396,-4217363387.26,294.9364,0.018532,291.0,285.0,negative,0.17425,0.1891,0.01485,-0.0472,STEEP,320168.0,583777.0,1.8233,45,0.15,1
2026-09-11 17:10:31,2026-09-11,2026-09-11T17:11:17+00:00,1112.0,SPX,7669.0898,11242,13646012620.14,7661.611,-0.000975,7800.0,7500.0,positive,0.1232,0.1391,0.0159,-0.043,STEEP,1232564.0,1316518.0,1.0681,45,0.15,1
2026-09-11 17:10:13,2026-09-11,2026-09-11T17:11:17+00:00,1112.0,SPY,765.52,4320,-1955492925.23,766.0347,0.000672,770.0,760.0,negative,0.12325,0.14125,0.018,-0.0445,STEEP,2813647.0,3576500.0,1.2711,45,0.15,1
2026-09-11 17:10:15,2026-09-11,2026-09-11T17:11:17+00:00,1112.0,QQQ,716.04,4196,1141093705.37,714.9034,-0.001587,720.0,700.0,positive,0.1751,0.20045,0.02535,-0.054,STEEP,1754785.0,2375326.0,1.3536,45,0.15,1
2026-09-11 17:10:15,2026-09-11,2026-09-11T17:11:17+00:00,1112.0,IWM,289.555,2384,-4277921120.16,295.0215,0.018879,291.0,285.0,negative,0.174,0.18895,0.01495,-0.0469,STEEP,326408.0,591764.0,1.813,45,0.15,1
2026-09-11 17:26:32,2026-09-11,2026-09-11T17:26:59+00:00,942.0,SPX,7669.8901,11242,15862570047.4,7660.6606,-0.001203,7800.0,7500.0,positive,0.123,0.139,0.016,-0.0429,STEEP,1297147.0,1378972.0,1.0631,45,0.15,1
2026-09-11 17:26:13,2026-09-11,2026-09-11T17:26:59+00:00,942.0,SPY,765.665,4320,-1432188688.99,765.9552,0.000379,770.0,760.0,negative,0.123,0.1412,0.0182,-0.0445,STEEP,2942510.0,3724578.0,1.2658,45,0.15,1
2026-09-11 17:26:16,2026-09-11,2026-09-11T17:26:59+00:00,942.0,QQQ,716.37,4196,1356893077.16,714.1916,-0.003041,720.0,700.0,positive,0.1745,0.2002,0.0257,-0.0527,STEEP,1834749.0,2480854.0,1.3521,45,0.15,1
2026-09-11 17:26:16,2026-09-11,2026-09-11T17:26:59+00:00,942.0,IWM,289.59,2396,-4354308426.14,294.9778,0.018605,291.0,285.0,negative,0.17335,0.1886,0.01525,-0.0457,STEEP,332916.0,601930.0,1.8081,45,0.15,1
2026-09-11 17:41:32,2026-09-11,2026-09-11T17:41:39+00:00,880.0,SPX,7674.79,11234,20515647555.41,7661.3159,-0.001756,7800.0,7500.0,positive,0.12245,0.13855,0.0161,-0.0423,STEEP,1347934.0,1435328.0,1.0648,45,0.15,1
2026-09-11 17:41:14,2026-09-11,2026-09-11T17:41:39+00:00,880.0,SPY,766.11,4316,-542963062.95,766.2107,0.000131,770.0,760.0,negative,0.1232,0.14115,0.01795,-0.0439,STEEP,3093055.0,3875937.0,1.2531,45,0.15,1
2026-09-11 17:41:16,2026-09-11,2026-09-11T17:41:39+00:00,880.0,QQQ,716.9305,4198,1529809813.21,714.4477,-0.003463,720.0,700.0,positive,0.1733,0.1999,0.0266,-0.0513,STEEP,1911342.0,2604635.0,1.3627,45,0.15,1
2026-09-11 17:41:16,2026-09-11,2026-09-11T17:41:39+00:00,880.0,IWM,289.73,2396,-4395736381.48,294.9624,0.018059,291.0,285.0,negative,0.17285,0.18825,0.0154,-0.0467,STEEP,342006.0,613130.0,1.7927,45,0.15,1
2026-09-11 17:52:33,2026-09-11,2026-09-11T17:52:53+00:00,674.0,SPX,7673.4199,11232,19360112995.89,7661.3463,-0.001573,7800.0,7500.0,positive,0.12205,0.1383,0.01625,-0.0422,STEEP,1381326.0,1474650.0,1.0676,45,0.15,1
2026-09-11 17:52:14,2026-09-11,2026-09-11T17:52:53+00:00,674.0,SPY,765.93,4316,-1023392168.21,765.99,7.8e-05,770.0,760.0,negative,0.12265,0.1408,0.01815,-0.0451,STEEP,3167129.0,3984094.0,1.258,45,0.15,1
2026-09-11 17:52:17,2026-09-11,2026-09-11T17:52:53+00:00,674.0,QQQ,716.83,4198,1494742069.42,714.3115,-0.003513,720.0,700.0,positive,0.17335,0.2,0.02665,-0.0517,STEEP,1950020.0,2685355.0,1.3771,45,0.15,1
2026-09-11 17:52:16,2026-09-11,2026-09-11T17:52:53+00:00,674.0,IWM,289.68,2396,-4439957817.71,295.0438,0.018516,291.0,285.0,negative,0.173,0.18835,0.01535,-0.046,STEEP,348902.0,620014.0,1.777,45,0.15,1
2026-09-11 18:14:15,2026-09-11,2026-09-11T18:14:34+00:00,1301.0,SPX,7670.5801,11242,17726557963.49,7661.137,-0.001231,7800.0,7500.0,positive,0.1222,0.13845,0.01625,-0.0424,STEEP,1455184.0,1567180.0,1.077,45,0.15,1
2026-09-11 18:14:15,2026-09-11,2026-09-11T18:14:34+00:00,1301.0,SPY,765.71,4320,-1121049100.77,765.7069,-4e-06,770.0,760.0,negative,0.12225,0.1405,0.01825,-0.0445,STEEP,3281480.0,4156865.0,1.2668,45,0.15,1
2026-09-11 18:14:17,2026-09-11,2026-09-11T18:14:34+00:00,1301.0,QQQ,716.515,4196,1523769167.11,713.9825,-0.003534,720.0,700.0,positive,0.17165,0.1997,0.02805,-0.0508,STEEP,2010725.0,2811366.0,1.3982,45,0.15,1
2026-09-11 18:14:17,2026-09-11,2026-09-11T18:14:34+00:00,1301.0,IWM,289.53,2384,-4488167681.99,295.5287,0.020719,291.0,285.0,negative,0.1727,0.18805,0.01535,-0.0467,STEEP,360250.0,635989.0,1.7654,45,0.15,1
2026-09-11 18:33:35,2026-09-11,2026-09-11T18:34:28+00:00,1194.0,SPX,7669.7998,11242,18082124495.34,7660.8886,-0.001162,7800.0,7500.0,positive,0.1219,0.1383,0.0164,-0.0427,STEEP,1528939.0,1633701.0,1.0685,45,0.15,1
2026-09-11 18:33:15,2026-09-11,2026-09-11T18:34:28+00:00,1194.0,SPY,765.6678,4320,-1169501450.81,765.8033,0.000177,770.0,760.0,negative,0.12185,0.14045,0.0186,-0.0444,STEEP,3395105.0,4341976.0,1.2789,45,0.15,1
2026-09-11 18:34:18,2026-09-11,2026-09-11T18:34:28+00:00,1194.0,QQQ,716.325,4196,1654017001.84,714.1768,-0.002999,720.0,700.0,positive,0.17265,0.1997,0.02705,-0.0513,STEEP,2072272.0,2934252.0,1.416,45,0.15,1
2026-09-11 18:34:18,2026-09-11,2026-09-11T18:34:28+00:00,1194.0,IWM,289.545,2384,-4526805557.74,295.1346,0.019305,291.0,285.0,negative,0.1723,0.1878,0.0155,-0.047,STEEP,369748.0,651544.0,1.7621,45,0.15,1
2026-09-11 18:52:36,2026-09-11,2026-09-11T18:53:19+00:00,1131.0,SPX,7668.2998,11242,16065795323.44,7659.3574,-0.001166,7800.0,7500.0,positive,0.12175,0.1382,0.01645,-0.0428,STEEP,1606881.0,1739140.0,1.0823,45,0.15,1
2026-09-11 18:52:16,2026-09-11,2026-09-11T18:53:19+00:00,1131.0,SPY,765.5,4320,-1282232573.17,765.6662,0.000217,770.0,760.0,negative,0.12295,0.14035,0.0174,-0.0445,STEEP,3543223.0,4608746.0,1.3007,45,0.15,1
2026-09-11 18:52:19,2026-09-11,2026-09-11T18:53:19+00:00,1131.0,QQQ,716.6,4198,1657606557.32,713.9882,-0.003645,720.0,700.0,positive,0.17135,0.19985,0.0285,-0.0525,STEEP,2188919.0,3101551.0,1.4169,45,0.15,1
2026-09-11 18:52:18,2026-09-11,2026-09-11T18:53:19+00:00,1131.0,IWM,289.43,2384,-4464843514.04,294.9326,0.019012,291.0,285.0,negative,0.1753,0.1883,0.013,-0.0472,STEEP,378983.0,675091.0,1.7813,45,0.15,1
2026-09-11 19:10:45,2026-09-11,2026-09-11T19:11:14+00:00,1075.0,SPX,7665.2998,11242,9957571340.06,7659.5127,-0.000755,7800.0,7500.0,positive,0.1225,0.13865,0.01615,-0.0441,STEEP,1668090.0,1820197.0,1.0912,45,0.15,1
2026-09-11 19:10:49,2026-09-11,2026-09-11T19:11:14+00:00,1075.0,SPY,765.18,4288,-1836177776.89,765.1098,-9.2e-05,775.0,760.0,negative,0.12385,0.1407,0.01685,-0.0464,STEEP,3665706.0,4802691.0,1.3102,45,0.15,1
2026-09-11 19:10:20,2026-09-11,2026-09-11T19:11:14+00:00,1075.0,QQQ,715.93,4196,1638087937.74,713.5593,-0.003311,720.0,700.0,positive,0.17315,0.19985,0.0267,-0.0529,STEEP,2245732.0,3206528.0,1.4278,45,0.15,1
2026-09-11 19:10:19,2026-09-11,2026-09-11T19:11:14+00:00,1075.0,IWM,289.33,2388,-4395805755.73,294.8883,0.019211,300.0,288.0,negative,0.17525,0.18845,0.0132,-0.0465,STEEP,387160.0,703143.0,1.8162,45,0.15,1
2026-09-11 19:25:37,2026-09-11,2026-09-11T19:26:07+00:00,893.0,SPX,7660.54,11244,3188875795.41,7660.2004,-4.4e-05,7800.0,7500.0,positive,0.12395,0.1396,0.01565,-0.0454,STEEP,1732237.0,1907026.0,1.1009,45,0.15,1
2026-09-11 19:25:17,2026-09-11,2026-09-11T19:26:07+00:00,893.0,SPY,764.7,4320,-2433811612.02,764.6998,-0.0,775.0,760.0,negative,0.124,0.1408,0.0168,-0.0457,STEEP,3818283.0,4973692.0,1.3026,45,0.15,1
2026-09-11 19:25:20,2026-09-11,2026-09-11T19:26:07+00:00,893.0,QQQ,715.59,4194,1750415458.85,713.4171,-0.003037,720.0,700.0,positive,0.1739,0.20075,0.02685,-0.0534,STEEP,2318005.0,3302838.0,1.4249,45,0.15,1
2026-09-11 19:25:20,2026-09-11,2026-09-11T19:26:07+00:00,893.0,IWM,289.14,2388,-4359624203.11,295.4933,0.021973,300.0,285.0,negative,0.1753,0.1883,0.013,-0.0472,STEEP,400483.0,717873.0,1.7925,45,0.15,1
2026-09-11 19:39:38,2026-09-11,2026-09-11T19:40:08+00:00,841.0,SPX,7665.1299,11242,11596854351.05,7661.1718,-0.000516,7800.0,7500.0,positive,0.1223,0.1387,0.0164,-0.0444,STEEP,1795188.0,2001433.0,1.1149,45,0.15,1
2026-09-11 19:39:18,2026-09-11,2026-09-11T19:40:08+00:00,841.0,SPY,765.12,4288,-1198564484.85,764.8156,-0.000398,775.0,760.0,negative,0.12365,0.1407,0.01705,-0.047,STEEP,3952978.0,5125149.0,1.2965,45,0.15,1
2026-09-11 19:39:20,2026-09-11,2026-09-11T19:40:08+00:00,841.0,QQQ,715.76,4196,1798847460.53,713.5808,-0.003045,720.0,700.0,positive,0.1736,0.20045,0.02685,-0.0545,STEEP,2379373.0,3399994.0,1.4289,45,0.15,1
2026-09-11 19:39:20,2026-09-11,2026-09-11T19:40:08+00:00,841.0,IWM,289.085,2388,-4350658803.4,295.1988,0.021149,300.0,285.0,negative,0.1752,0.18825,0.01305,-0.0465,STEEP,408667.0,742264.0,1.8163,45,0.15,1
2026-09-11 19:51:19,2026-09-11,2026-09-11T19:51:40+00:00,692.0,SPX,7662.8398,11244,8362905369.51,7660.3533,-0.000324,7800.0,7500.0,positive,0.1232,0.13905,0.01585,-0.0443,STEEP,1847229.0,2079864.0,1.1259,45,0.15,1
2026-09-11 19:51:18,2026-09-11,2026-09-11T19:51:40+00:00,692.0,SPY,764.91,4288,-1365878363.57,764.2832,-0.000819,775.0,760.0,negative,0.12325,0.1402,0.01695,-0.0465,STEEP,4054607.0,5269688.0,1.2997,45,0.15,1
2026-09-11 19:51:21,2026-09-11,2026-09-11T19:51:40+00:00,692.0,QQQ,715.6,4194,1968508861.68,713.4074,-0.003064,720.0,700.0,positive,0.17335,0.2005,0.02715,-0.0536,STEEP,2434204.0,3508954.0,1.4415,45,0.15,1
2026-09-11 19:51:21,2026-09-11,2026-09-11T19:51:40+00:00,692.0,IWM,289.19,2388,-4328909121.24,294.6408,0.018849,300.0,288.0,negative,0.1751,0.18825,0.01315,-0.0463,STEEP,414482.0,754277.0,1.8198,45,0.15,1
2026-09-11 20:12:20,2026-09-11,2026-09-11T20:12:41+00:00,1261.0,SPX,7658.8398,10706,-11768203095.21,7678.5823,0.002578,7800.0,7500.0,negative,0.1228,0.1387,0.0159,-0.0453,STEEP,526449.0,742965.0,1.4113,45,0.15,1
2026-09-11 20:12:19,2026-09-11,2026-09-11T20:12:41+00:00,1261.0,SPY,764.52,4012,-4814031305.59,768.7011,0.005469,775.0,750.0,negative,0.1229,0.1398,0.0169,-0.0452,STEEP,1087398.0,1792798.0,1.6487,45,0.15,1
2026-09-11 20:12:22,2026-09-11,2026-09-11T20:12:41+00:00,1261.0,QQQ,715.41,3900,-1363517136.89,718.9998,0.005018,720.0,700.0,negative,0.17545,0.2007,0.02525,-0.0559,STEEP,608983.0,1031143.0,1.6932,45,0.15,1
2026-09-11 20:12:21,2026-09-11,2026-09-11T20:12:41+00:00,1261.0,IWM,289.11,2204,-3555914025.73,296.9468,0.027107,300.0,285.0,negative,0.1766,0.1891,0.0125,-0.0513,STEEP,187278.0,502794.0,2.6847,45,0.15,1
2026-09-11 20:28:40,2026-09-11,2026-09-11T20:29:28+00:00,1007.0,SPX,7656.98,10716,-13467394540.25,7676.9139,0.002603,7800.0,7500.0,negative,0.12245,0.1381,0.01565,-0.0453,STEEP,562849.0,812967.0,1.4444,45,0.15,1
2026-09-11 20:28:19,2026-09-11,2026-09-11T20:29:28+00:00,1007.0,SPY,764.321,4012,-5018550424.85,768.8697,0.005951,775.0,750.0,negative,0.12375,0.1393,0.01555,-0.0454,STEEP,1148097.0,1909431.0,1.6631,45,0.15,1
2026-09-11 20:28:22,2026-09-11,2026-09-11T20:29:28+00:00,1007.0,QQQ,714.74,3898,-1581987257.45,718.8672,0.005774,720.0,700.0,negative,0.17595,0.20075,0.0248,-0.0539,STEEP,650981.0,1076822.0,1.6542,45,0.15,1
2026-09-11 20:28:22,2026-09-11,2026-09-11T20:29:28+00:00,1007.0,IWM,289.15,2204,-3563409408.05,296.8246,0.026542,300.0,285.0,negative,0.1765,0.18895,0.01245,-0.0507,STEEP,198743.0,626309.0,3.1514,45,0.15,1
2026-09-11 20:44:41,2026-09-11,2026-09-11T20:44:44+00:00,916.0,SPX,7656.98,10716,-12738033790.94,7676.8534,0.002595,7800.0,7500.0,negative,0.1224,0.1381,0.0157,-0.045,STEEP,570116.0,824997.0,1.4471,45,0.15,1
2026-09-11 20:44:20,2026-09-11,2026-09-11T20:44:44+00:00,916.0,SPY,764.37,4012,-4967191487.64,768.8097,0.005808,775.0,750.0,negative,0.12365,0.13925,0.0156,-0.0452,STEEP,1156792.0,1915322.0,1.6557,45,0.15,1
2026-09-11 20:44:23,2026-09-11,2026-09-11T20:44:44+00:00,916.0,QQQ,714.9,3900,-1580294451.05,718.9003,0.005596,720.0,700.0,negative,0.1757,0.20065,0.02495,-0.0546,STEEP,657975.0,1083985.0,1.6475,45,0.15,1
2026-09-11 20:44:22,2026-09-11,2026-09-11T20:44:44+00:00,916.0,IWM,289.17,2204,-3553900997.67,296.8908,0.0267,300.0,285.0,negative,0.1765,0.1888,0.0123,-0.0509,STEEP,199364.0,626958.0,3.1448,45,0.15,1
2026-09-11 20:56:21,2026-09-11,2026-09-11T20:56:39+00:00,715.0,SPX,7656.98,10716,-12538688162.75,7678.4558,0.002805,7800.0,7500.0,negative,0.1225,0.13815,0.01565,-0.0452,STEEP,570116.0,824997.0,1.4471,45,0.15,1
2026-09-11 20:56:20,2026-09-11,2026-09-11T20:56:39+00:00,715.0,SPY,764.45,4012,-4966369967.18,768.8073,0.0057,775.0,750.0,negative,0.12365,0.13925,0.0156,-0.0452,STEEP,1156792.0,1915322.0,1.6557,45,0.15,1
2026-09-11 20:56:23,2026-09-11,2026-09-11T20:56:39+00:00,715.0,QQQ,714.98,3900,-1580648152.63,718.8983,0.00548,720.0,700.0,negative,0.1757,0.20065,0.02495,-0.0546,STEEP,657975.0,1083985.0,1.6475,45,0.15,1
2026-09-11 20:56:23,2026-09-11,2026-09-11T20:56:39+00:00,715.0,IWM,289.05,2204,-3551128398.82,296.8883,0.027118,300.0,285.0,negative,0.1765,0.1888,0.0123,-0.0509,STEEP,199364.0,626958.0,3.1448,45,0.15,1
2026-09-14 13:14:20,2026-09-14,2026-09-14T13:15:14+00:00,231515.0,SPX,7656.98,11060,-60008187602.5,7658.7194,0.000227,7800.0,7500.0,negative,0.1335,0.1434,0.0099,-0.0538,STEEP,570116.0,824997.0,1.4471,45,0.15,1
2026-09-14 13:14:14,2026-09-14,2026-09-14T13:15:14+00:00,231515.0,SPY,758.91,4058,-7811059100.03,767.2981,0.011053,775.0,750.0,negative,0.1332,0.14375,0.01055,-0.0477,STEEP,1156480.0,1917679.0,1.6582,45,0.15,1
2026-09-14 13:14:04,2026-09-14,2026-09-14T13:15:14+00:00,231515.0,QQQ,702.59,3906,-2808672517.9,717.746,0.021572,720.0,690.0,negative,0.1934,0.20845,0.01505,-0.0563,STEEP,658015.0,1088110.0,1.6536,45,0.15,1
2026-09-14 13:14:09,2026-09-14,2026-09-14T13:15:14+00:00,231515.0,IWM,287.36,2286,-3673019455.22,296.4014,0.031464,300.0,285.0,negative,0.1838,0.19725,0.01345,-0.052,STEEP,199375.0,629915.0,3.1594,45,0.15,1
2026-09-14 13:34:21,2026-09-14,2026-09-14T13:35:07+00:00,1193.0,SPX,7656.98,11060,-59679605314.16,7662.0533,0.000663,7800.0,7500.0,negative,0.133,0.1427,0.0097,-0.0539,STEEP,570116.0,824997.0,1.4471,45,0.15,1
2026-09-14 13:34:15,2026-09-14,2026-09-14T13:35:07+00:00,1193.0,SPY,759.11,4058,-7814012206.56,767.2961,0.010784,775.0,750.0,negative,0.1332,0.14375,0.01055,-0.0477,STEEP,1156480.0,1917679.0,1.6582,45,0.15,1
2026-09-14 13:34:04,2026-09-14,2026-09-14T13:35:07+00:00,1193.0,QQQ,703.315,3908,-2814454713.17,717.7319,0.020499,720.0,700.0,negative,0.1934,0.20845,0.01505,-0.0563,STEEP,658027.0,1088110.0,1.6536,45,0.15,1
2026-09-14 13:34:10,2026-09-14,2026-09-14T13:35:07+00:00,1193.0,IWM,287.67,2286,-3680948535.15,296.4063,0.030369,300.0,285.0,negative,0.1813,0.1888,0.0075,-0.052,STEEP,199375.0,629915.0,3.1594,45,0.15,1
2026-09-14 13:55:22,2026-09-14,2026-09-14T13:55:29+00:00,1222.0,SPX,7601.4199,11098,-63766294775.83,7661.0422,0.007844,7800.0,7500.0,negative,0.13955,0.14805,0.0085,-0.0545,STEEP,83893.0,118882.0,1.4171,45,0.15,1
2026-09-14 13:55:15,2026-09-14,2026-09-14T13:55:29+00:00,1222.0,SPY,758.77,4088,-14948743130.57,767.6435,0.011695,775.0,750.0,negative,0.13915,0.14755,0.0084,-0.0555,STEEP,192693.0,338855.0,1.7585,45,0.15,1
2026-09-14 13:55:05,2026-09-14,2026-09-14T13:55:29+00:00,1222.0,QQQ,702.94,3908,-7557185485.71,716.2673,0.018959,720.0,700.0,negative,0.1982,0.21115,0.01295,-0.0676,STEEP,194927.0,262960.0,1.349,45,0.15,1
2026-09-14 13:55:10,2026-09-14,2026-09-14T13:55:29+00:00,1222.0,IWM,288.325,2266,-4129506107.77,296.518,0.028416,300.0,285.0,negative,0.1886,0.19315,0.00455,-0.0553,STEEP,33109.0,75499.0,2.2803,45,0.15,1
2026-09-14 14:16:23,2026-09-14,2026-09-14T14:17:20+00:00,1311.0,SPX,7616.2998,11096,-54371482301.55,7663.9492,0.006256,7800.0,7500.0,negative,0.1366,0.14585,0.00925,-0.0529,STEEP,265727.0,274417.0,1.0327,45,0.15,1
2026-09-14 14:16:16,2026-09-14,2026-09-14T14:17:20+00:00,1311.0,SPY,760.22,4054,-13760793232.47,767.7527,0.009909,775.0,750.0,negative,0.13765,0.14735,0.0097,-0.0537,STEEP,630556.0,767983.0,1.2179,45,0.15,1
2026-09-14 14:17:06,2026-09-14,2026-09-14T14:17:20+00:00,1311.0,QQQ,706.52,3914,-6957560621.14,717.7823,0.01594,720.0,700.0,negative,0.19165,0.20985,0.0182,-0.0629,STEEP,633900.0,667723.0,1.0534,45,0.15,1
2026-09-14 14:17:11,2026-09-14,2026-09-14T14:17:20+00:00,1311.0,IWM,288.28,2266,-4149714795.02,296.441,0.028309,300.0,285.0,negative,0.18695,0.1918,0.00485,-0.0527,STEEP,92442.0,147844.0,1.5993,45,0.15,1
2026-09-14 14:34:13,2026-09-14,2026-09-14T14:34:26+00:00,1026.0,SPX,7612.3398,11096,-57856269938.1,7661.0351,0.006397,7800.0,7500.0,negative,0.1374,0.14655,0.00915,-0.0502,STEEP,403832.0,394221.0,0.9762,45,0.15,1
2026-09-14 14:34:17,2026-09-14,2026-09-14T14:34:26+00:00,1026.0,SPY,759.83,4058,-14130296361.98,767.6804,0.010332,775.0,750.0,negative,0.1371,0.14685,0.00975,-0.0533,STEEP,938052.0,1167851.0,1.245,45,0.15,1
2026-09-14 14:34:06,2026-09-14,2026-09-14T14:34:26+00:00,1026.0,QQQ,706.43,3914,-7061031009.09,716.6444,0.014459,720.0,700.0,negative,0.1918,0.2088,0.017,-0.0633,STEEP,868167.0,931768.0,1.0733,45,0.15,1
2026-09-14 14:34:12,2026-09-14,2026-09-14T14:34:26+00:00,1026.0,IWM,288.35,2266,-4177236458.87,296.3524,0.027752,300.0,285.0,negative,0.18615,0.1912,0.00505,-0.0532,STEEP,118865.0,204205.0,1.718,45,0.15,1
2026-09-14 14:58:24,2026-09-14,2026-09-14T14:59:08+00:00,1482.0,SPX,7595.7598,11108,-68131800717.33,7659.9808,0.008455,7800.0,7500.0,negative,0.13895,0.1474,0.00845,-0.054,STEEP,579661.0,590499.0,1.0187,45,0.15,1
2026-09-14 14:58:18,2026-09-14,2026-09-14T14:59:08+00:00,1482.0,SPY,758.27,4088,-15240329905.77,766.4827,0.010831,775.0,750.0,negative,0.13995,0.14665,0.0067,-0.0545,STEEP,1348449.0,1770042.0,1.3127,45,0.15,1
2026-09-14 14:58:07,2026-09-14,2026-09-14T14:59:08+00:00,1482.0,QQQ,705.09,3940,-7453588163.46,715.5206,0.014793,720.0,700.0,negative,0.19115,0.20705,0.0159,-0.0648,STEEP,1113375.0,1333004.0,1.1973,45,0.15,1
2026-09-14 14:58:13,2026-09-14,2026-09-14T14:59:08+00:00,1482.0,IWM,287.5399,2286,-4391351982.95,296.3678,0.030702,300.0,285.0,negative,0.1859,0.191,0.0051,-0.0554,STEEP,150666.0,285770.0,1.8967,45,0.15,1
2026-09-14 15:19:25,2026-09-14,2026-09-14T15:20:18+00:00,1270.0,SPX,7597.1802,11108,-68360962306.23,7658.6202,0.008087,7800.0,7500.0,negative,0.138,0.14685,0.00885,-0.0544,STEEP,676942.0,689288.0,1.0182,45,0.15,1
2026-09-14 15:19:18,2026-09-14,2026-09-14T15:20:18+00:00,1270.0,SPY,758.43,4088,-15403719400.11,767.2226,0.011593,775.0,750.0,negative,0.13905,0.1462,0.00715,-0.0549,STEEP,1625579.0,2066618.0,1.2713,45,0.15,1
2026-09-14 15:19:08,2026-09-14,2026-09-14T15:20:18+00:00,1270.0,QQQ,705.71,3942,-7440030245.83,717.8696,0.01723,720.0,700.0,negative,0.18975,0.2066,0.01685,-0.0634,STEEP,1296384.0,1545553.0,1.1922,45,0.15,1
2026-09-14 15:19:13,2026-09-14,2026-09-14T15:20:18+00:00,1270.0,IWM,287.28,2286,-4469669800.82,296.3382,0.031531,300.0,285.0,negative,0.18745,0.1991,0.01165,-0.0578,STEEP,171345.0,345577.0,2.0168,45,0.15,1
2026-09-14 15:43:31,2026-09-14,2026-09-14T15:43:53+00:00,1415.0,SPX,7609.29,11106,-60740964851.04,7659.8756,0.006648,7800.0,7500.0,negative,0.13565,0.14515,0.0095,-0.0509,STEEP,845819.0,844449.0,0.9984,45,0.15,1
2026-09-14 15:43:19,2026-09-14,2026-09-14T15:43:53+00:00,1415.0,SPY,759.74,4058,-14684333680.58,767.42,0.010109,775.0,750.0,negative,0.13545,0.1457,0.01025,-0.053,STEEP,2076476.0,2409257.0,1.1603,45,0.15,1
2026-09-14 15:43:09,2026-09-14,2026-09-14T15:43:53+00:00,1415.0,QQQ,707.56,3916,-7014339368.89,716.83,0.013101,720.0,700.0,negative,0.18835,0.2035,0.01515,-0.0632,STEEP,1539589.0,1795723.0,1.1664,45,0.15,1
2026-09-14 15:43:14,2026-09-14,2026-09-14T15:43:53+00:00,1415.0,IWM,287.43,2286,-4537422366.41,296.3577,0.031061,300.0,285.0,negative,0.1856,0.1977,0.0121,-0.054,STEEP,205689.0,429285.0,2.0871,45,0.15,1
2026-09-14 15:56:27,2026-09-14,2026-09-14T15:56:47+00:00,774.0,SPX,7626.2998,11070,-46504670160.85,7663.6938,0.004903,7800.0,7500.0,negative,0.13335,0.1431,0.00975,-0.0492,STEEP,988884.0,953832.0,0.9646,45,0.15,1
2026-09-14 15:56:20,2026-09-14,2026-09-14T15:56:47+00:00,774.0,SPY,761.27,4080,-13134481376.34,767.5528,0.008253,775.0,750.0,negative,0.13375,0.1453,0.01155,-0.0514,STEEP,2396773.0,2673562.0,1.1155,45,0.15,1
2026-09-14 15:56:09,2026-09-14,2026-09-14T15:56:47+00:00,774.0,QQQ,709.83,3950,-6103484296.0,716.6481,0.009605,720.0,700.0,negative,0.18615,0.20375,0.0176,-0.0607,STEEP,1742535.0,2030309.0,1.1651,45,0.15,1
2026-09-14 15:56:15,2026-09-14,2026-09-14T15:56:47+00:00,774.0,IWM,288.19,2296,-4331543202.83,296.8146,0.029927,300.0,285.0,negative,0.1828,0.1891,0.0063,-0.052,STEEP,249507.0,460498.0,1.8456,45,0.15,1
2026-09-14 16:15:27,2026-09-14,2026-09-14T16:15:53+00:00,1146.0,SPX,7631.75,11074,-42300358077.48,7664.22,0.004255,7800.0,7500.0,negative,0.1327,0.1428,0.0101,-0.0488,STEEP,1135959.0,1065536.0,0.938,45,0.15,1
2026-09-14 16:15:20,2026-09-14,2026-09-14T16:15:53+00:00,1146.0,SPY,761.89,4080,-12524240193.58,767.5055,0.007371,775.0,750.0,negative,0.13255,0.1454,0.01285,-0.0513,STEEP,2724581.0,3006714.0,1.1036,45,0.15,1
2026-09-14 16:15:10,2026-09-14,2026-09-14T16:15:53+00:00,1146.0,QQQ,709.81,3950,-6102505836.43,717.4796,0.010805,720.0,700.0,negative,0.185,0.2038,0.0188,-0.0606,STEEP,1909316.0,2255511.0,1.1813,45,0.15,1
2026-09-14 16:15:15,2026-09-14,2026-09-14T16:15:53+00:00,1146.0,IWM,288.69,2266,-4152254284.92,296.5354,0.027176,300.0,285.0,negative,0.1802,0.18875,0.00855,-0.0521,STEEP,280704.0,524716.0,1.8693,45,0.15,1
2026-09-14 16:43:29,2026-09-14,2026-09-14T16:43:42+00:00,1669.0,SPX,7632.27,11074,-42068421406.46,7664.7654,0.004258,7800.0,7500.0,negative,0.1332,0.14315,0.00995,-0.0495,STEEP,1320189.0,1239398.0,0.9388,45,0.15,1
2026-09-14 16:43:28,2026-09-14,2026-09-14T16:43:42+00:00,1669.0,SPY,761.9,4080,-12407501104.33,767.548,0.007413,775.0,750.0,negative,0.13295,0.14585,0.0129,-0.0519,STEEP,3042531.0,3370453.0,1.1078,45,0.15,1
2026-09-14 16:43:11,2026-09-14,2026-09-14T16:43:42+00:00,1669.0,QQQ,710.37,3950,-5935209770.31,717.6542,0.010254,720.0,700.0,negative,0.1847,0.2034,0.0187,-0.0598,STEEP,2163263.0,2577406.0,1.1914,45,0.15,1
2026-09-14 16:43:16,2026-09-14,2026-09-14T16:43:42+00:00,1669.0,IWM,289.07,2276,-3990973417.84,296.3185,0.025075,300.0,285.0,negative,0.18065,0.1891,0.00845,-0.0489,STEEP,316773.0,586565.0,1.8517,45,0.15,1
2026-09-14 16:57:30,2026-09-14,2026-09-14T16:57:55+00:00,853.0,SPX,7634.1099,11074,-40766213485.16,7664.8059,0.004021,7800.0,7500.0,negative,0.1332,0.14315,0.00995,-0.0493,STEEP,1360604.0,1282721.0,0.9428,45,0.15,1
2026-09-14 16:57:22,2026-09-14,2026-09-14T16:57:55+00:00,853.0,SPY,762.07,4080,-12318504414.05,767.5201,0.007152,775.0,750.0,negative,0.133,0.14585,0.01285,-0.0503,STEEP,3138527.0,3483481.0,1.1099,45,0.15,1
2026-09-14 16:57:11,2026-09-14,2026-09-14T16:57:55+00:00,853.0,QQQ,710.51,3952,-5922253600.04,717.6309,0.010022,720.0,700.0,negative,0.1833,0.2032,0.0199,-0.0601,STEEP,2243228.0,2669871.0,1.1902,45,0.15,1
2026-09-14 16:57:17,2026-09-14,2026-09-14T16:57:55+00:00,853.0,IWM,288.9,2276,-4066687184.09,296.2218,0.025344,300.0,285.0,negative,0.1805,0.189,0.0085,-0.0516,STEEP,341228.0,605559.0,1.7746,45,0.15,1
2026-09-14 17:15:31,2026-09-14,2026-09-14T17:15:46+00:00,1071.0,SPX,7642.46,11062,-31757709012.34,7668.3384,0.003386,7800.0,7500.0,negative,0.1321,0.1423,0.0102,-0.0494,STEEP,1509454.0,1413972.0,0.9367,45,0.15,1
2026-09-14 17:15:23,2026-09-14,2026-09-14T17:15:46+00:00,1071.0,SPY,762.91,4076,-11154273614.97,767.5439,0.006074,775.0,750.0,negative,0.13205,0.1414,0.00935,-0.0495,STEEP,3455711.0,3789474.0,1.0966,45,0.15,1
2026-09-14 17:15:12,2026-09-14,2026-09-14T17:15:46+00:00,1071.0,QQQ,711.775,3924,-5362881574.92,717.6915,0.008312,720.0,700.0,negative,0.18415,0.20435,0.0202,-0.0581,STEEP,2438940.0,2881194.0,1.1813,45,0.15,1
2026-09-14 17:15:18,2026-09-14,2026-09-14T17:15:46+00:00,1071.0,IWM,289.2,2276,-3932053223.74,296.0906,0.023826,300.0,285.0,negative,0.18125,0.1895,0.00825,-0.0482,STEEP,368821.0,629492.0,1.7068,45,0.15,1
2026-09-14 17:41:32,2026-09-14,2026-09-14T17:41:57+00:00,1571.0,SPX,7635.8999,11064,-40358858306.86,7665.0336,0.003815,7800.0,7500.0,negative,0.1324,0.1426,0.0102,-0.0493,STEEP,1609589.0,1518530.0,0.9434,45,0.15,1
2026-09-14 17:41:23,2026-09-14,2026-09-14T17:41:57+00:00,1571.0,SPY,762.22,4080,-12305464154.26,767.4601,0.006875,775.0,750.0,negative,0.1335,0.14625,0.01275,-0.0511,STEEP,3690175.0,4094038.0,1.1094,45,0.15,1
2026-09-14 17:41:13,2026-09-14,2026-09-14T17:41:57+00:00,1571.0,QQQ,711.8245,3924,-5390155083.38,716.9693,0.007228,720.0,700.0,negative,0.18365,0.2045,0.02085,-0.0593,STEEP,2613897.0,3066578.0,1.1732,45,0.15,1
2026-09-14 17:41:18,2026-09-14,2026-09-14T17:41:57+00:00,1571.0,IWM,288.79,2276,-4156721440.77,296.1254,0.025401,300.0,285.0,negative,0.18015,0.18935,0.0092,-0.0517,STEEP,392452.0,653668.0,1.6656,45,0.15,1
2026-09-14 17:54:32,2026-09-14,2026-09-14T17:55:23+00:00,806.0,SPX,7641.1602,11064,-34547350622.63,7664.232,0.003019,7800.0,7500.0,negative,0.1322,0.14255,0.01035,-0.0496,STEEP,1650283.0,1565886.0,0.9489,45,0.15,1
2026-09-14 17:54:24,2026-09-14,2026-09-14T17:55:23+00:00,806.0,SPY,762.83,4076,-11684283666.97,767.3934,0.005982,775.0,750.0,negative,0.1322,0.1416,0.0094,-0.05,STEEP,3802628.0,4196500.0,1.1036,45,0.15,1
2026-09-14 17:54:13,2026-09-14,2026-09-14T17:55:23+00:00,806.0,QQQ,712.375,3926,-5264790356.71,717.5747,0.007299,720.0,700.0,negative,0.1838,0.20485,0.02105,-0.0599,STEEP,2694191.0,3191103.0,1.1844,45,0.15,1
2026-09-14 17:54:19,2026-09-14,2026-09-14T17:55:23+00:00,806.0,IWM,288.86,2276,-4141331448.17,296.1406,0.025205,300.0,285.0,negative,0.17995,0.1891,0.00915,-0.0517,STEEP,406563.0,658119.0,1.6187,45,0.15,1
2026-09-14 18:13:33,2026-09-14,2026-09-14T18:14:07+00:00,1124.0,SPX,7639.23,11064,-36915608262.31,7664.4423,0.0033,7800.0,7500.0,negative,0.13205,0.1425,0.01045,-0.0497,STEEP,1697980.0,1634955.0,0.9629,45,0.15,1
2026-09-14 18:13:24,2026-09-14,2026-09-14T18:14:07+00:00,1124.0,SPY,762.625,4076,-12130236884.3,767.3732,0.006226,775.0,750.0,negative,0.13195,0.1415,0.00955,-0.0515,STEEP,3922860.0,4356361.0,1.1105,45,0.15,1
2026-09-14 18:13:14,2026-09-14,2026-09-14T18:14:07+00:00,1124.0,QQQ,712.71,3926,-5220002609.17,716.9855,0.005999,720.0,700.0,negative,0.18315,0.20105,0.0179,-0.0597,STEEP,2827357.0,3379456.0,1.1953,45,0.15,1
2026-09-14 18:13:19,2026-09-14,2026-09-14T18:14:07+00:00,1124.0,IWM,288.86,2276,-4175350652.64,296.1398,0.025202,300.0,285.0,negative,0.17905,0.1886,0.00955,-0.0493,STEEP,425741.0,673626.0,1.5822,45,0.15,1
2026-09-14 18:34:34,2026-09-14,2026-09-14T18:35:28+00:00,1281.0,SPX,7635.8799,11064,-41221678776.75,7665.2309,0.003844,7800.0,7500.0,negative,0.132,0.1425,0.0105,-0.0498,STEEP,1770846.0,1710490.0,0.9659,45,0.15,1
2026-09-14 18:34:25,2026-09-14,2026-09-14T18:35:28+00:00,1281.0,SPY,762.3,4080,-12640759701.41,767.2906,0.006547,775.0,750.0,negative,0.13315,0.14605,0.0129,-0.0516,STEEP,4087163.0,4616331.0,1.1295,45,0.15,1
2026-09-14 18:35:15,2026-09-14,2026-09-14T18:35:28+00:00,1281.0,QQQ,712.25,3926,-5338802978.52,717.2338,0.006997,720.0,700.0,negative,0.1839,0.2048,0.0209,-0.0613,STEEP,2953858.0,3544664.0,1.2,45,0.15,1
2026-09-14 18:35:20,2026-09-14,2026-09-14T18:35:28+00:00,1281.0,IWM,288.575,2266,-4322170321.24,296.0096,0.025763,300.0,285.0,negative,0.17885,0.18825,0.0094,-0.0522,STEEP,436889.0,702962.0,1.609,45,0.15,1
2026-09-14 18:57:35,2026-09-14,2026-09-14T18:57:38+00:00,1330.0,SPX,7636.98,11064,-38965211928.76,7664.7127,0.003631,7800.0,7500.0,negative,0.1322,0.14245,0.01025,-0.0497,STEEP,1857506.0,1811066.0,0.975,45,0.15,1
2026-09-14 18:57:26,2026-09-14,2026-09-14T18:57:38+00:00,1330.0,SPY,762.45,4076,-12467990819.5,767.2743,0.006327,775.0,750.0,negative,0.1333,0.146,0.0127,-0.0515,STEEP,4264534.0,4843345.0,1.1357,45,0.15,1
2026-09-14 18:57:15,2026-09-14,2026-09-14T18:57:38+00:00,1330.0,QQQ,712.36,3926,-5354146131.63,717.3394,0.00699,720.0,700.0,negative,0.18355,0.20475,0.0212,-0.0604,STEEP,3073796.0,3714172.0,1.2083,45,0.15,1
2026-09-14 18:57:21,2026-09-14,2026-09-14T18:57:38+00:00,1330.0,IWM,288.625,2266,-4282963156.54,296.0991,0.025895,300.0,285.0,negative,0.17905,0.18835,0.0093,-0.0524,STEEP,561836.0,716661.0,1.2756,45,0.15,1
2026-09-14 19:17:36,2026-09-14,2026-09-14T19:17:48+00:00,1210.0,SPX,7632.3301,11074,-44652673868.36,7667.0538,0.00455,7800.0,7500.0,negative,0.1332,0.14315,0.00995,-0.0497,STEEP,1935384.0,1906727.0,0.9852,45,0.15,1
2026-09-14 19:17:27,2026-09-14,2026-09-14T19:17:48+00:00,1210.0,SPY,761.98,4080,-13305468852.24,766.2587,0.005615,775.0,750.0,negative,0.13285,0.1455,0.01265,-0.0507,STEEP,4445365.0,5065841.0,1.1396,45,0.15,1
2026-09-14 19:17:16,2026-09-14,2026-09-14T19:17:48+00:00,1210.0,QQQ,711.65,3954,-5496513718.2,715.9726,0.006074,720.0,700.0,negative,0.1837,0.205,0.0213,-0.0611,STEEP,3191911.0,3861266.0,1.2097,45,0.15,1
2026-09-14 19:17:22,2026-09-14,2026-09-14T19:17:48+00:00,1210.0,IWM,288.675,2266,-4252957492.45,296.1129,0.025766,300.0,285.0,negative,0.1795,0.1883,0.0088,-0.0519,STEEP,647809.0,726087.0,1.1208,45,0.15,1
2026-09-14 19:41:37,2026-09-14,2026-09-14T19:41:56+00:00,1448.0,SPX,7629.98,11068,-46374646640.52,7667.6602,0.004938,7800.0,7500.0,negative,0.13305,0.14295,0.0099,-0.0495,STEEP,2031347.0,2037666.0,1.0031,45,0.15,1
2026-09-14 19:41:27,2026-09-14,2026-09-14T19:41:56+00:00,1448.0,SPY,761.72,4080,-13280862596.62,766.1857,0.005863,775.0,750.0,negative,0.13285,0.14545,0.0126,-0.0519,STEEP,4634964.0,5377195.0,1.1601,45,0.15,1
2026-09-14 19:41:17,2026-09-14,2026-09-14T19:41:56+00:00,1448.0,QQQ,711.07,3952,-5768051473.63,715.4846,0.006208,720.0,700.0,negative,0.18485,0.2051,0.02025,-0.0615,STEEP,3329846.0,4125059.0,1.2388,45,0.15,1
2026-09-14 19:41:22,2026-09-14,2026-09-14T19:41:56+00:00,1448.0,IWM,288.455,2266,-4352101872.38,296.1893,0.026813,300.0,285.0,negative,0.18255,0.18825,0.0057,-0.0525,STEEP,659099.0,747932.0,1.1348,45,0.15,1
2026-09-14 19:53:37,2026-09-14,2026-09-14T19:54:29+00:00,753.0,SPX,7629.0698,11070,-47432138118.21,7668.0463,0.005109,7800.0,7500.0,negative,0.1328,0.1428,0.01,-0.0493,STEEP,2072813.0,2090876.0,1.0087,45,0.15,1
2026-09-14 19:53:28,2026-09-14,2026-09-14T19:54:29+00:00,753.0,SPY,761.65,4080,-13561142547.69,766.0958,0.005837,775.0,750.0,negative,0.13265,0.14525,0.0126,-0.0517,STEEP,4726596.0,5488939.0,1.1613,45,0.15,1
2026-09-14 19:53:18,2026-09-14,2026-09-14T19:54:29+00:00,753.0,QQQ,710.775,3952,-5891743595.16,717.4071,0.009331,720.0,700.0,negative,0.1843,0.2043,0.02,-0.061,STEEP,3387950.0,4237178.0,1.2507,45,0.15,1
2026-09-14 19:53:23,2026-09-14,2026-09-14T19:54:29+00:00,753.0,IWM,288.235,2296,-4563579893.91,296.3653,0.028207,300.0,285.0,negative,0.1818,0.188,0.0062,-0.05,STEEP,692342.0,775494.0,1.1201,45,0.15,1
2026-09-14 20:12:38,2026-09-14,2026-09-14T20:13:28+00:00,1139.0,SPX,7623.8301,10638,-35418578161.54,7673.9268,0.006571,7800.0,7500.0,negative,0.13375,0.145,0.01125,-0.0489,STEEP,500469.0,631207.0,1.2612,45,0.15,1
2026-09-14 20:12:29,2026-09-14,2026-09-14T20:13:28+00:00,1139.0,SPY,761.16,3844,-11332334127.84,769.4941,0.010949,775.0,750.0,negative,0.1342,0.14535,0.01115,-0.0513,STEEP,1249274.0,1598226.0,1.2793,45,0.15,1
2026-09-14 20:12:18,2026-09-14,2026-09-14T20:13:28+00:00,1139.0,QQQ,709.5,3654,-4668252356.82,719.1359,0.013581,720.0,700.0,negative,0.1874,0.2042,0.0168,-0.0614,STEEP,942589.0,1377811.0,1.4617,45,0.15,1
2026-09-14 20:12:24,2026-09-14,2026-09-14T20:13:28+00:00,1139.0,IWM,287.9696,2156,-4075628523.77,297.4797,0.033025,300.0,285.0,negative,0.18235,0.18825,0.0059,-0.0534,STEEP,471837.0,507053.0,1.0746,45,0.15,1
2026-09-14 20:29:39,2026-09-14,2026-09-14T20:30:09+00:00,1001.0,SPX,7619.98,10648,-37310570811.85,7678.9989,0.007745,7800.0,7500.0,negative,0.13505,0.1456,0.01055,-0.0529,STEEP,534014.0,683270.0,1.2795,45,0.15,1
2026-09-14 20:29:29,2026-09-14,2026-09-14T20:30:09+00:00,1001.0,SPY,760.78,3816,-11632509635.33,769.3805,0.011305,775.0,750.0,negative,0.1348,0.1456,0.0108,-0.0523,STEEP,1310363.0,1700020.0,1.2974,45,0.15,1
2026-09-14 20:29:19,2026-09-14,2026-09-14T20:30:09+00:00,1001.0,QQQ,709.6,3656,-4662371089.64,719.579,0.014063,720.0,700.0,negative,0.1869,0.2049,0.018,-0.0621,STEEP,982021.0,1459844.0,1.4866,45,0.15,1
2026-09-14 20:29:24,2026-09-14,2026-09-14T20:30:09+00:00,1001.0,IWM,287.91,2156,-4071926977.06,297.5616,0.033523,300.0,285.0,negative,0.18275,0.18855,0.0058,-0.054,STEEP,482774.0,562469.0,1.1651,45,0.15,1
2026-09-14 20:44:39,2026-09-14,2026-09-14T20:45:22+00:00,913.0,SPX,7619.98,10648,-35674580091.13,7684.6051,0.008481,7800.0,7500.0,negative,0.1348,0.1453,0.0105,-0.0496,STEEP,534482.0,684306.0,1.2803,45,0.15,1
2026-09-14 20:44:30,2026-09-14,2026-09-14T20:45:22+00:00,913.0,SPY,761.08,3844,-11650093818.9,769.3869,0.010915,775.0,750.0,negative,0.1348,0.1455,0.0107,-0.0522,STEEP,1314072.0,1701850.0,1.2951,45,0.15,1
2026-09-14 20:44:19,2026-09-14,2026-09-14T20:45:22+00:00,913.0,QQQ,709.96,3656,-4678616599.96,719.5522,0.013511,720.0,700.0,negative,0.1869,0.2049,0.018,-0.063,STEEP,983273.0,1462332.0,1.4872,45,0.15,1
2026-09-14 20:44:25,2026-09-14,2026-09-14T20:45:22+00:00,913.0,IWM,288.02,2156,-4084669150.83,297.4485,0.032736,300.0,285.0,negative,0.1828,0.18855,0.00575,-0.0534,STEEP,482965.0,562520.0,1.1647,45,0.15,1
2026-09-14 20:57:40,2026-09-14,2026-09-14T20:58:10+00:00,768.0,SPX,7619.98,10648,-35965150242.74,7682.8347,0.008249,7800.0,7500.0,negative,0.13485,0.14545,0.0106,-0.0494,STEEP,534482.0,684306.0,1.2803,45,0.15,1
2026-09-14 20:57:30,2026-09-14,2026-09-14T20:58:10+00:00,768.0,SPY,761.05,3844,-11649175397.9,769.3787,0.010944,775.0,750.0,negative,0.1348,0.1455,0.0107,-0.0522,STEEP,1314072.0,1701850.0,1.2951,45,0.15,1
2026-09-14 20:57:20,2026-09-14,2026-09-14T20:58:10+00:00,768.0,QQQ,710.03,3656,-4678631179.89,719.5456,0.013402,720.0,700.0,negative,0.1869,0.2049,0.018,-0.063,STEEP,983273.0,1462332.0,1.4872,45,0.15,1
2026-09-14 20:57:25,2026-09-14,2026-09-14T20:58:10+00:00,768.0,IWM,287.95,2156,-4082683926.92,297.4438,0.03297,300.0,285.0,negative,0.1828,0.18855,0.00575,-0.0534,STEEP,482965.0,562520.0,1.1647,45,0.15,1
2026-09-15 13:13:20,2026-09-15,2026-09-15T13:14:01+00:00,58551.0,SPX,7619.98,11014,-38718363832.04,7656.9151,0.004847,7800.0,7500.0,negative,0.1354,0.14505,0.00965,-0.0527,STEEP,534482.0,684306.0,1.2803,45,0.15,1
2026-09-15 13:13:10,2026-09-15,2026-09-15T13:14:01+00:00,58551.0,SPY,760.66,4054,-11109953965.34,766.4316,0.007588,775.0,750.0,negative,0.1348,0.1455,0.0107,-0.0522,STEEP,1314072.0,1701846.0,1.2951,45,0.15,1
2026-09-15 13:13:13,2026-09-15,2026-09-15T13:14:01+00:00,58551.0,QQQ,709.0,3916,-4355049681.98,715.4362,0.009078,720.0,700.0,negative,0.18825,0.2049,0.01665,-0.063,STEEP,983273.0,1462332.0,1.4872,45,0.15,1
2026-09-15 13:13:08,2026-09-15,2026-09-15T13:14:01+00:00,58551.0,IWM,286.94,2256,-3880996733.17,296.49,0.033282,300.0,285.0,negative,0.1852,0.19675,0.01155,-0.0534,STEEP,477866.0,562520.0,1.1772,45,0.15,1
2026-09-15 13:30:21,2026-09-15,2026-09-15T13:32:07+00:00,1086.0,SPX,7619.98,11014,-40658082028.35,7655.3647,0.004644,7800.0,7500.0,negative,0.13525,0.145,0.00975,-0.0518,STEEP,534482.0,684306.0,1.2803,45,0.15,1
2026-09-15 13:29:11,2026-09-15,2026-09-15T13:32:07+00:00,1086.0,SPY,760.59,4054,-11107909264.7,766.4127,0.007656,775.0,750.0,negative,0.1348,0.1455,0.0107,-0.0522,STEEP,1314072.0,1701846.0,1.2951,45,0.15,1
2026-09-15 13:29:13,2026-09-15,2026-09-15T13:32:07+00:00,1086.0,QQQ,708.96,3916,-4354558293.9,715.4057,0.009092,720.0,700.0,negative,0.18825,0.2049,0.01665,-0.063,STEEP,983273.0,1462332.0,1.4872,45,0.15,1
2026-09-15 13:29:09,2026-09-15,2026-09-15T13:32:07+00:00,1086.0,IWM,286.77,2256,-3876399437.55,296.4833,0.033871,300.0,285.0,negative,0.1852,0.19675,0.01155,-0.0534,STEEP,477866.0,562520.0,1.1772,45,0.15,1
2026-09-15 13:54:33,2026-09-15,2026-09-15T13:54:44+00:00,1357.0,SPX,7609.6499,11040,-49487920332.62,7656.3423,0.006136,7800.0,7500.0,negative,0.1358,0.14545,0.00965,-0.0494,STEEP,81386.0,142457.0,1.7504,45,0.15,1
2026-09-15 13:54:24,2026-09-15,2026-09-15T13:54:44+00:00,1357.0,SPY,759.71,4058,-13642953663.91,766.3834,0.008784,775.0,750.0,negative,0.1346,0.1446,0.01,-0.0506,STEEP,221603.0,244995.0,1.1056,45,0.15,1
2026-09-15 13:54:26,2026-09-15,2026-09-15T13:54:44+00:00,1357.0,QQQ,708.9,3916,-4973726948.39,715.4761,0.009277,720.0,700.0,negative,0.1875,0.20365,0.01615,-0.0607,STEEP,169215.0,160780.0,0.9502,45,0.15,1
2026-09-15 13:54:22,2026-09-15,2026-09-15T13:54:44+00:00,1357.0,IWM,285.74,2248,-4428366443.26,296.7324,0.03847,300.0,283.0,negative,0.1849,0.1954,0.0105,-0.0529,STEEP,31917.0,48515.0,1.52,45,0.15,1
2026-09-15 14:13:34,2026-09-15,2026-09-15T14:13:43+00:00,1139.0,SPX,7607.1201,11030,-52156665779.67,7653.9179,0.006152,7800.0,7500.0,negative,0.13575,0.1459,0.01015,-0.0494,STEEP,175154.0,272137.0,1.5537,45,0.15,1
2026-09-15 14:13:25,2026-09-15,2026-09-15T14:13:43+00:00,1139.0,SPY,759.5,4058,-14331355699.6,766.1144,0.008709,775.0,750.0,negative,0.13585,0.14455,0.0087,-0.0521,STEEP,464206.0,609346.0,1.3127,45,0.15,1
2026-09-15 14:13:27,2026-09-15,2026-09-15T14:13:43+00:00,1139.0,QQQ,709.055,3916,-5139774264.78,715.162,0.008613,720.0,700.0,negative,0.1869,0.2035,0.0166,-0.0617,STEEP,413430.0,390604.0,0.9448,45,0.15,1
2026-09-15 14:13:23,2026-09-15,2026-09-15T14:13:43+00:00,1139.0,IWM,285.74,2248,-4474861782.72,296.5897,0.03797,300.0,283.0,negative,0.1843,0.19495,0.01065,-0.0527,STEEP,81318.0,213825.0,2.6295,45,0.15,1
2026-09-15 14:30:34,2026-09-15,2026-09-15T14:30:59+00:00,1036.0,SPX,7591.1602,11044,-60657494153.71,7650.3496,0.007797,7800.0,7500.0,negative,0.1395,0.1478,0.0083,-0.0541,STEEP,323507.0,425913.0,1.3165,45,0.15,1
2026-09-15 14:30:26,2026-09-15,2026-09-15T14:30:59+00:00,1036.0,SPY,758.09,4088,-15318671018.17,765.5187,0.009799,775.0,750.0,negative,0.1384,0.14505,0.00665,-0.0544,STEEP,705622.0,1096221.0,1.5536,45,0.15,1
2026-09-15 14:30:28,2026-09-15,2026-09-15T14:30:59+00:00,1036.0,QQQ,707.02,3884,-6284623028.47,714.5667,0.010674,720.0,700.0,negative,0.1904,0.20795,0.01755,-0.0641,STEEP,623617.0,710519.0,1.1394,45,0.15,1
2026-09-15 14:30:23,2026-09-15,2026-09-15T14:30:59+00:00,1036.0,IWM,285.2599,2248,-4441633311.56,296.9525,0.040989,300.0,283.0,negative,0.1899,0.1965,0.0066,-0.0552,STEEP,110058.0,285545.0,2.5945,45,0.15,1
2026-09-15 14:55:35,2026-09-15,2026-09-15T14:55:47+00:00,1488.0,SPX,7581.7998,11058,-65659029840.86,7650.6014,0.009075,7800.0,7500.0,negative,0.1408,0.1484,0.0076,-0.0517,STEEP,507274.0,609261.0,1.201,45,0.15,1
2026-09-15 14:55:27,2026-09-15,2026-09-15T14:55:47+00:00,1488.0,SPY,757.075,4092,-15653846774.49,765.9133,0.011674,775.0,750.0,negative,0.13945,0.14965,0.0102,-0.0555,STEEP,1081148.0,1577901.0,1.4595,45,0.15,1
2026-09-15 14:55:30,2026-09-15,2026-09-15T14:55:47+00:00,1488.0,QQQ,705.555,3910,-6940428693.85,714.5444,0.012741,720.0,700.0,negative,0.1917,0.208,0.0163,-0.0659,STEEP,925396.0,1087594.0,1.1753,45,0.15,1
2026-09-15 14:55:25,2026-09-15,2026-09-15T14:55:47+00:00,1488.0,IWM,284.74,2238,-4468380128.85,296.9331,0.042822,300.0,283.0,negative,0.19075,0.1971,0.00635,-0.0551,STEEP,154913.0,366278.0,2.3644,45,0.15,1
2026-09-15 15:11:22,2026-09-15,2026-09-15T15:12:36+00:00,1009.0,SPX,7575.6201,11068,-67543261355.08,7648.5811,0.009631,7800.0,7500.0,negative,0.14255,0.14975,0.0072,-0.055,STEEP,610550.0,719185.0,1.1779,45,0.15,1
2026-09-15 15:11:28,2026-09-15,2026-09-15T15:12:36+00:00,1009.0,SPY,756.5,4062,-15788778423.37,765.9259,0.01246,775.0,750.0,negative,0.14185,0.1504,0.00855,-0.0556,STEEP,1351518.0,1831533.0,1.3552,45,0.15,1
2026-09-15 15:11:30,2026-09-15,2026-09-15T15:12:36+00:00,1009.0,QQQ,704.3819,3908,-7342543778.1,714.4003,0.014223,720.0,700.0,negative,0.1947,0.20835,0.01365,-0.0662,STEEP,1180534.0,1323370.0,1.121,45,0.15,1
2026-09-15 15:11:26,2026-09-15,2026-09-15T15:12:36+00:00,1009.0,IWM,284.145,2230,-4429217309.45,296.1955,0.04241,300.0,283.0,negative,0.19535,0.1983,0.00295,-0.0564,STEEP,208211.0,446772.0,2.1458,45,0.15,1
2026-09-15 15:28:37,2026-09-15,2026-09-15T15:29:10+00:00,994.0,SPX,7580.6099,11058,-65897241713.15,7649.0499,0.009028,7800.0,7500.0,negative,0.1427,0.1499,0.0072,-0.0549,STEEP,706453.0,810061.0,1.1467,45,0.15,1
2026-09-15 15:28:28,2026-09-15,2026-09-15T15:29:10+00:00,994.0,SPY,756.91,4092,-15577960534.34,766.1208,0.012169,775.0,750.0,negative,0.1412,0.15085,0.00965,-0.0569,STEEP,1649711.0,2018705.0,1.2237,45,0.15,1
2026-09-15 15:28:31,2026-09-15,2026-09-15T15:29:10+00:00,994.0,QQQ,705.09,3908,-7111792895.72,714.843,0.013832,720.0,700.0,negative,0.19275,0.20785,0.0151,-0.0655,STEEP,1394193.0,1513780.0,1.0858,45,0.15,1
2026-09-15 15:28:26,2026-09-15,2026-09-15T15:29:10+00:00,994.0,IWM,284.4,2240,-4458043801.6,296.2591,0.041698,300.0,283.0,negative,0.19515,0.1984,0.00325,-0.0581,STEEP,231309.0,478802.0,2.07,45,0.15,1
2026-09-15 15:45:38,2026-09-15,2026-09-15T15:46:14+00:00,1024.0,SPX,7585.52,11056,-64621725064.11,7648.5851,0.008314,7800.0,7500.0,negative,0.1406,0.14935,0.00875,-0.0534,STEEP,777745.0,881151.0,1.133,45,0.15,1
2026-09-15 15:45:29,2026-09-15,2026-09-15T15:46:14+00:00,1024.0,SPY,757.46,4092,-15583977606.28,766.0125,0.011291,775.0,750.0,negative,0.14065,0.15095,0.0103,-0.0553,STEEP,1892351.0,2180930.0,1.1525,45,0.15,1
2026-09-15 15:45:31,2026-09-15,2026-09-15T15:46:14+00:00,1024.0,QQQ,705.5298,3910,-7039434174.06,714.7468,0.013064,720.0,700.0,negative,0.19035,0.20725,0.0169,-0.0662,STEEP,1541125.0,1626996.0,1.0557,45,0.15,1
2026-09-15 15:45:27,2026-09-15,2026-09-15T15:46:14+00:00,1024.0,IWM,284.765,2238,-4504401745.07,297.875,0.046038,300.0,283.0,negative,0.19155,0.19795,0.0064,-0.0553,STEEP,248331.0,511267.0,2.0588,45,0.15,1
2026-09-15 16:12:39,2026-09-15,2026-09-15T16:13:03+00:00,1609.0,SPX,7584.6001,11056,-65664804285.9,7648.385,0.00841,7800.0,7500.0,negative,0.14135,0.14845,0.0071,-0.053,STEEP,886377.0,984353.0,1.1105,45,0.15,1
2026-09-15 16:12:30,2026-09-15,2026-09-15T16:13:03+00:00,1609.0,SPY,757.28,4092,-15694007362.31,765.9582,0.01146,775.0,750.0,negative,0.14005,0.15,0.00995,-0.0548,STEEP,2231631.0,2574640.0,1.1537,45,0.15,1
2026-09-15 16:12:32,2026-09-15,2026-09-15T16:13:03+00:00,1609.0,QQQ,705.57,3910,-7129747391.94,714.7022,0.012943,720.0,700.0,negative,0.1893,0.2061,0.0168,-0.066,STEEP,1767033.0,1892271.0,1.0709,45,0.15,1
2026-09-15 16:12:28,2026-09-15,2026-09-15T16:13:03+00:00,1609.0,IWM,284.49,2240,-4514265713.38,296.112,0.040852,300.0,283.0,negative,0.1944,0.19765,0.00325,-0.0587,STEEP,289206.0,566334.0,1.9582,45,0.15,1
2026-09-15 16:29:25,2026-09-15,2026-09-15T16:30:43+00:00,1060.0,SPX,7578.8901,11058,-67639700646.6,7647.9589,0.009113,7800.0,7500.0,negative,0.14235,0.14955,0.0072,-0.0546,STEEP,958985.0,1057421.0,1.1026,45,0.15,1
2026-09-15 16:30:31,2026-09-15,2026-09-15T16:30:43+00:00,1060.0,SPY,756.84,4092,-15781370365.08,765.2103,0.01106,775.0,750.0,negative,0.1411,0.1507,0.0096,-0.0559,STEEP,2384331.0,2756386.0,1.156,45,0.15,1
2026-09-15 16:30:33,2026-09-15,2026-09-15T16:30:43+00:00,1060.0,QQQ,704.62,3908,-7542668602.57,713.9552,0.013249,720.0,700.0,negative,0.1911,0.20655,0.01545,-0.066,STEEP,1908346.0,2020765.0,1.0589,45,0.15,1
2026-09-15 16:30:29,2026-09-15,2026-09-15T16:30:43+00:00,1060.0,IWM,284.385,2240,-4467829349.79,296.9784,0.044283,300.0,283.0,negative,0.19605,0.19855,0.0025,-0.059,STEEP,303559.0,587753.0,1.9362,45,0.15,1
2026-09-15 16:53:41,2026-09-15,2026-09-15T16:54:37+00:00,1434.0,SPX,7587.6802,11062,-63671005655.57,7645.9268,0.007676,7800.0,7500.0,negative,0.14,0.148,0.008,-0.0526,STEEP,1057990.0,1151339.0,1.0882,45,0.15,1
2026-09-15 16:53:32,2026-09-15,2026-09-15T16:54:37+00:00,1434.0,SPY,757.6451,4092,-15532504381.23,765.4559,0.010309,775.0,750.0,negative,0.13895,0.14535,0.0064,-0.053,STEEP,2635586.0,3004457.0,1.14,45,0.15,1
2026-09-15 16:53:34,2026-09-15,2026-09-15T16:54:37+00:00,1434.0,QQQ,705.525,3910,-7278471320.15,713.6375,0.011499,720.0,700.0,negative,0.18885,0.2056,0.01675,-0.063,STEEP,2117731.0,2195844.0,1.0369,45,0.15,1
2026-09-15 16:53:29,2026-09-15,2026-09-15T16:54:37+00:00,1434.0,IWM,284.99,2238,-4470089174.2,296.9537,0.041979,300.0,283.0,negative,0.19225,0.1981,0.00585,-0.0561,STEEP,329349.0,638219.0,1.9378,45,0.15,1
2026-09-15 17:11:26,2026-09-15,2026-09-15T17:11:45+00:00,1028.0,SPX,7589.3501,11044,-63729290578.24,7647.6221,0.007678,7800.0,7500.0,negative,0.1401,0.148,0.0079,-0.0531,STEEP,1125293.0,1250484.0,1.1113,45,0.15,1
2026-09-15 17:11:32,2026-09-15,2026-09-15T17:11:45+00:00,1028.0,SPY,757.81,4088,-15557685282.78,765.8723,0.010639,775.0,750.0,negative,0.1388,0.1453,0.0065,-0.0532,STEEP,2828931.0,3138117.0,1.1093,45,0.15,1
2026-09-15 17:11:34,2026-09-15,2026-09-15T17:11:45+00:00,1028.0,QQQ,705.64,3910,-7239000073.36,713.1579,0.010654,720.0,700.0,negative,0.1883,0.2053,0.017,-0.0627,STEEP,2228485.0,2314499.0,1.0386,45,0.15,1
2026-09-15 17:11:30,2026-09-15,2026-09-15T17:11:45+00:00,1028.0,IWM,285.38,2248,-4440169943.48,297.6408,0.042963,300.0,283.0,negative,0.19215,0.198,0.00585,-0.0562,STEEP,346105.0,668564.0,1.9317,45,0.15,1
2026-09-15 17:25:42,2026-09-15,2026-09-15T17:26:35+00:00,890.0,SPX,7585.2998,11056,-66981532165.52,7645.9201,0.007992,7800.0,7500.0,negative,0.14025,0.14845,0.0082,-0.0533,STEEP,1177487.0,1313142.0,1.1152,45,0.15,1
2026-09-15 17:25:33,2026-09-15,2026-09-15T17:26:35+00:00,890.0,SPY,757.36,4092,-15700155011.3,765.5877,0.010864,775.0,750.0,negative,0.1403,0.14995,0.00965,-0.0547,STEEP,2979511.0,3297343.0,1.1067,45,0.15,1
2026-09-15 17:25:35,2026-09-15,2026-09-15T17:26:35+00:00,890.0,QQQ,705.02,3908,-7643152169.42,714.6532,0.013664,720.0,700.0,negative,0.1898,0.20535,0.01555,-0.0651,STEEP,2368535.0,2429437.0,1.0257,45,0.15,1
2026-09-15 17:25:31,2026-09-15,2026-09-15T17:26:35+00:00,890.0,IWM,285.18,2238,-4426273268.85,298.0428,0.045104,300.0,283.0,negative,0.1925,0.198,0.0055,-0.0561,STEEP,365082.0,697665.0,1.911,45,0.15,1
2026-09-15 17:40:43,2026-09-15,2026-09-15T17:41:43+00:00,908.0,SPX,7577.9399,11058,-69766480252.64,7633.4841,0.00733,7800.0,7500.0,negative,0.14185,0.149,0.00715,-0.0547,STEEP,1239326.0,1372370.0,1.1074,45,0.15,1
2026-09-15 17:41:33,2026-09-15,2026-09-15T17:41:43+00:00,908.0,SPY,756.85,4092,-16073095817.87,765.2146,0.011052,775.0,750.0,negative,0.1405,0.15015,0.00965,-0.054,STEEP,3155692.0,3479486.0,1.1026,45,0.15,1
2026-09-15 17:41:36,2026-09-15,2026-09-15T17:41:43+00:00,908.0,QQQ,704.75,3908,-7855935779.84,714.6365,0.014028,720.0,700.0,negative,0.18965,0.20515,0.0155,-0.0651,STEEP,2474784.0,2516637.0,1.0169,45,0.15,1
2026-09-15 17:41:31,2026-09-15,2026-09-15T17:41:43+00:00,908.0,IWM,284.99,2238,-4462535405.69,297.9775,0.045572,300.0,283.0,negative,0.19255,0.19805,0.0055,-0.0551,STEEP,374705.0,735509.0,1.9629,45,0.15,1
2026-09-15 17:52:43,2026-09-15,2026-09-15T17:53:18+00:00,695.0,SPX,7582.5698,11056,-69781480275.54,7643.5884,0.008047,7800.0,7500.0,negative,0.1415,0.14845,0.00695,-0.0511,STEEP,1279305.0,1410682.0,1.1027,45,0.15,1
2026-09-15 17:52:34,2026-09-15,2026-09-15T17:53:18+00:00,695.0,SPY,757.02,4092,-16149100820.16,765.3663,0.011025,775.0,750.0,negative,0.14025,0.1499,0.00965,-0.0551,STEEP,3260452.0,3563897.0,1.0931,45,0.15,1
2026-09-15 17:52:36,2026-09-15,2026-09-15T17:53:18+00:00,695.0,QQQ,704.85,3908,-7990695139.39,714.5366,0.013743,720.0,700.0,negative,0.18945,0.2051,0.01565,-0.0649,STEEP,2558475.0,2578601.0,1.0079,45,0.15,1
2026-09-15 17:52:31,2026-09-15,2026-09-15T17:53:18+00:00,695.0,IWM,285.23,2248,-4440498538.04,296.9018,0.040921,300.0,283.0,negative,0.19255,0.1981,0.00555,-0.0559,STEEP,384126.0,744367.0,1.9378,45,0.15,1
2026-09-15 18:13:44,2026-09-15,2026-09-15T18:13:56+00:00,1238.0,SPX,7584.1001,11056,-70095430488.97,7645.0093,0.008031,7800.0,7500.0,negative,0.1413,0.14835,0.00705,-0.0535,STEEP,1343079.0,1473650.0,1.0972,45,0.15,1
2026-09-15 18:13:34,2026-09-15,2026-09-15T18:13:56+00:00,1238.0,SPY,757.27,4092,-16137683058.35,765.0022,0.010211,775.0,750.0,negative,0.14005,0.1501,0.01005,-0.055,STEEP,3420620.0,3701616.0,1.0821,45,0.15,1
2026-09-15 18:13:37,2026-09-15,2026-09-15T18:13:56+00:00,1238.0,QQQ,705.04,3908,-8107461336.22,712.4264,0.010477,720.0,700.0,negative,0.189,0.20485,0.01585,-0.0651,STEEP,2693947.0,2700504.0,1.0024,45,0.15,1
2026-09-15 18:13:32,2026-09-15,2026-09-15T18:13:56+00:00,1238.0,IWM,285.31,2248,-4421309112.14,297.8313,0.043886,300.0,283.0,negative,0.19345,0.19865,0.0052,-0.0551,STEEP,395481.0,804853.0,2.0351,45,0.15,1
2026-09-15 18:31:45,2026-09-15,2026-09-15T18:32:24+00:00,1108.0,SPX,7587.1001,11062,-69610225274.73,7648.2947,0.008066,7800.0,7500.0,negative,0.1396,0.1481,0.0085,-0.0539,STEEP,1427944.0,1571135.0,1.1003,45,0.15,1
2026-09-15 18:31:35,2026-09-15,2026-09-15T18:32:24+00:00,1108.0,SPY,757.53,4092,-15826405375.33,764.9202,0.009756,775.0,750.0,negative,0.1381,0.14485,0.00675,-0.0541,STEEP,3601811.0,3848101.0,1.0684,45,0.15,1
2026-09-15 18:31:37,2026-09-15,2026-09-15T18:32:24+00:00,1108.0,QQQ,705.07,3908,-8186643015.34,713.5114,0.011972,720.0,700.0,negative,0.18825,0.2044,0.01615,-0.0652,STEEP,2819862.0,2811687.0,0.9971,45,0.15,1
2026-09-15 18:31:33,2026-09-15,2026-09-15T18:32:24+00:00,1108.0,IWM,285.64,2248,-4397848471.5,296.9332,0.039537,300.0,283.0,negative,0.18985,0.19805,0.0082,-0.0546,STEEP,415096.0,838625.0,2.0203,45,0.15,1
2026-09-15 18:54:46,2026-09-15,2026-09-15T18:55:21+00:00,1377.0,SPX,7584.0498,11056,-70817056706.47,7647.7875,0.008404,7800.0,7500.0,negative,0.1409,0.14795,0.00705,-0.0516,STEEP,1499322.0,1649922.0,1.1004,45,0.15,1
2026-09-15 18:54:36,2026-09-15,2026-09-15T18:55:21+00:00,1377.0,SPY,757.25,4092,-15716401308.35,764.941,0.010156,775.0,750.0,negative,0.1398,0.14955,0.00975,-0.0552,STEEP,3755193.0,4090740.0,1.0894,45,0.15,1
2026-09-15 18:54:38,2026-09-15,2026-09-15T18:55:21+00:00,1377.0,QQQ,704.874,3908,-8449422801.36,713.4018,0.012098,720.0,700.0,negative,0.1884,0.20455,0.01615,-0.0657,STEEP,2949634.0,2929691.0,0.9932,45,0.15,1
2026-09-15 18:54:33,2026-09-15,2026-09-15T18:55:21+00:00,1377.0,IWM,285.33,2248,-4452694858.64,296.9076,0.040576,300.0,283.0,negative,0.1926,0.1978,0.0052,-0.0558,STEEP,428878.0,858832.0,2.0025,45,0.15,1
2026-09-15 19:11:05,2026-09-15,2026-09-15T19:11:38+00:00,977.0,SPX,7582.7598,11056,-70913495491.63,7636.8949,0.007139,7800.0,7500.0,negative,0.14085,0.14795,0.0071,-0.0516,STEEP,1556954.0,1733506.0,1.1134,45,0.15,1
2026-09-15 19:11:11,2026-09-15,2026-09-15T19:11:38+00:00,977.0,SPY,757.11,4092,-15531710856.0,764.8848,0.010269,775.0,750.0,negative,0.1396,0.14945,0.00985,-0.0553,STEEP,3902255.0,4257125.0,1.0909,45,0.15,1
2026-09-15 19:11:13,2026-09-15,2026-09-15T19:11:38+00:00,977.0,QQQ,704.55,3908,-8569674642.99,713.0701,0.012093,720.0,700.0,negative,0.18875,0.2048,0.01605,-0.0641,STEEP,3098065.0,3041554.0,0.9818,45,0.15,1
2026-09-15 19:11:09,2026-09-15,2026-09-15T19:11:38+00:00,977.0,IWM,285.21,2238,-4435934803.72,298.0104,0.044881,300.0,283.0,negative,0.19345,0.19845,0.005,-0.0561,STEEP,439279.0,895558.0,2.0387,45,0.15,1
2026-09-15 19:26:54,2026-09-15,2026-09-15T19:26:59+00:00,921.0,SPX,7584.21,11056,-71071279672.99,7646.0676,0.008156,7800.0,7500.0,negative,0.1405,0.14775,0.00725,-0.0512,STEEP,1617024.0,1791650.0,1.108,45,0.15,1
2026-09-15 19:26:12,2026-09-15,2026-09-15T19:26:59+00:00,921.0,SPY,757.3,4092,-15542761906.82,765.1061,0.010308,775.0,750.0,negative,0.13925,0.14925,0.01,-0.055,STEEP,4047652.0,4409997.0,1.0895,45,0.15,1
2026-09-15 19:26:14,2026-09-15,2026-09-15T19:26:59+00:00,921.0,QQQ,704.6939,3908,-8843953091.16,713.5486,0.012565,720.0,700.0,negative,0.1885,0.20455,0.01605,-0.0652,STEEP,3180661.0,3133197.0,0.9851,45,0.15,1
2026-09-15 19:26:09,2026-09-15,2026-09-15T19:26:59+00:00,921.0,IWM,285.28,2248,-4464588878.75,296.1578,0.03813,300.0,283.0,negative,0.1927,0.1982,0.0055,-0.0558,STEEP,449546.0,936355.0,2.0829,45,0.15,1
2026-09-15 19:42:06,2026-09-15,2026-09-15T19:42:40+00:00,941.0,SPX,7582.1001,11058,-72369774705.63,7647.2309,0.00859,7800.0,7500.0,negative,0.14055,0.1482,0.00765,-0.0514,STEEP,1660309.0,1853666.0,1.1165,45,0.15,1
2026-09-15 19:42:12,2026-09-15,2026-09-15T19:42:40+00:00,941.0,SPY,757.08,4092,-15875894110.79,764.8784,0.010301,775.0,750.0,negative,0.1392,0.14925,0.01005,-0.0551,STEEP,4162226.0,4568420.0,1.0976,45,0.15,1
2026-09-15 19:42:15,2026-09-15,2026-09-15T19:42:40+00:00,941.0,QQQ,704.39,3908,-8930308051.67,713.9635,0.013591,720.0,700.0,negative,0.19045,0.2048,0.01435,-0.0655,STEEP,3274951.0,3235940.0,0.9881,45,0.15,1
2026-09-15 19:42:10,2026-09-15,2026-09-15T19:42:40+00:00,941.0,IWM,285.0,2238,-4566043531.73,296.8724,0.041658,300.0,283.0,negative,0.19255,0.19795,0.0054,-0.0552,STEEP,460377.0,956818.0,2.0783,45,0.15,1
2026-09-15 19:54:07,2026-09-15,2026-09-15T19:54:36+00:00,716.0,SPX,7578.3101,11058,-73958174781.61,7646.899,0.009051,7800.0,7500.0,negative,0.14035,0.14805,0.0077,-0.0547,STEEP,1704029.0,1913933.0,1.1232,45,0.15,1
2026-09-15 19:54:13,2026-09-15,2026-09-15T19:54:36+00:00,716.0,SPY,756.635,4092,-15840192530.91,763.3597,0.008888,775.0,750.0,negative,0.1391,0.1492,0.0101,-0.054,STEEP,4278833.0,4677395.0,1.0931,45,0.15,1
2026-09-15 19:54:15,2026-09-15,2026-09-15T19:54:36+00:00,716.0,QQQ,703.91,3878,-8513524100.95,709.938,0.008564,720.0,700.0,negative,0.19075,0.20505,0.0143,-0.0651,STEEP,3358577.0,3333500.0,0.9925,45,0.15,1
2026-09-15 19:54:10,2026-09-15,2026-09-15T19:54:36+00:00,716.0,IWM,284.8201,2238,-4602745397.0,296.0154,0.039307,300.0,283.0,negative,0.19235,0.19785,0.0055,-0.0552,STEEP,468242.0,976255.0,2.0849,45,0.15,1
2026-09-15 20:12:56,2026-09-15,2026-09-15T20:13:14+00:00,1118.0,SPX,7580.9902,11364,-46103090024.58,7650.1061,0.009117,7800.0,7500.0,negative,0.14065,0.14815,0.0075,-0.0512,STEEP,412362.0,583713.0,1.4155,45,0.15,1
2026-09-15 20:12:13,2026-09-15,2026-09-15T20:13:14+00:00,1118.0,SPY,756.99,4250,-11591028365.84,767.5825,0.013993,775.0,750.0,negative,0.1393,0.1492,0.0099,-0.0539,STEEP,1108448.0,1419813.0,1.2809,45,0.15,1
2026-09-15 20:12:15,2026-09-15,2026-09-15T20:13:14+00:00,1118.0,QQQ,704.13,3926,-5286075431.02,716.8522,0.018068,720.0,700.0,negative,0.19095,0.20555,0.0146,-0.0647,STEEP,821010.0,1069067.0,1.3021,45,0.15,1
2026-09-15 20:12:11,2026-09-15,2026-09-15T20:13:14+00:00,1118.0,IWM,284.79,2264,-4124653021.53,297.8471,0.045848,300.0,283.0,negative,0.19125,0.1972,0.00595,-0.0549,STEEP,228749.0,700793.0,3.0636,45,0.15,1
2026-09-15 20:28:57,2026-09-15,2026-09-15T20:29:02+00:00,948.0,SPX,7585.73,11362,-41881797315.11,7670.094,0.011121,7800.0,7500.0,negative,0.1386,0.1474,0.0088,-0.0534,STEEP,441926.0,651726.0,1.4747,45,0.15,1
2026-09-15 20:28:14,2026-09-15,2026-09-15T20:29:02+00:00,948.0,SPY,758.13,4244,-10962552550.41,767.7018,0.012625,775.0,750.0,negative,0.13765,0.14445,0.0068,-0.0518,STEEP,1175773.0,1487459.0,1.2651,45,0.15,1
2026-09-15 20:28:16,2026-09-15,2026-09-15T20:29:02+00:00,948.0,QQQ,705.51,3958,-4976794791.23,717.048,0.016354,720.0,700.0,negative,0.1873,0.2048,0.0175,-0.0639,STEEP,884616.0,1137416.0,1.2858,45,0.15,1
2026-09-15 20:28:12,2026-09-15,2026-09-15T20:29:02+00:00,948.0,IWM,285.24,2276,-4113855548.38,297.4508,0.042809,300.0,283.0,negative,0.1909,0.1966,0.0057,-0.0554,STEEP,231971.0,712311.0,3.0707,45,0.15,1
2026-09-15 20:44:58,2026-09-15,2026-09-15T20:45:19+00:00,977.0,SPX,7585.73,11362,-41840492734.64,7670.3399,0.011154,7800.0,7500.0,negative,0.13845,0.14735,0.0089,-0.0533,STEEP,443719.0,654815.0,1.4757,45,0.15,1
2026-09-15 20:44:14,2026-09-15,2026-09-15T20:45:19+00:00,977.0,SPY,758.08,4244,-10917096855.01,767.6904,0.012677,775.0,750.0,negative,0.13745,0.1441,0.00665,-0.0521,STEEP,1181613.0,1495440.0,1.2656,45,0.15,1
2026-09-15 20:44:16,2026-09-15,2026-09-15T20:45:19+00:00,977.0,QQQ,705.14,3956,-4968657917.92,716.8411,0.016594,720.0,700.0,negative,0.18885,0.20485,0.016,-0.0637,STEEP,889591.0,1141774.0,1.2835,45,0.15,1
2026-09-15 20:44:12,2026-09-15,2026-09-15T20:45:19+00:00,977.0,IWM,285.2,2264,-4113032436.96,297.4208,0.04285,300.0,283.0,negative,0.1909,0.19655,0.00565,-0.0554,STEEP,232263.0,712639.0,3.0682,45,0.15,1
2026-09-15 20:56:09,2026-09-15,2026-09-15T20:56:27+00:00,668.0,SPX,7585.73,11362,-42214178922.45,7668.6163,0.010927,7800.0,7500.0,negative,0.1379,0.14705,0.00915,-0.0537,STEEP,443719.0,654815.0,1.4757,45,0.15,1
2026-09-15 20:56:14,2026-09-15,2026-09-15T20:56:27+00:00,668.0,SPY,758.05,4244,-10916232813.15,767.687,0.012713,775.0,750.0,negative,0.13745,0.1441,0.00665,-0.0521,STEEP,1181613.0,1495440.0,1.2656,45,0.15,1
2026-09-15 20:56:17,2026-09-15,2026-09-15T20:56:27+00:00,668.0,QQQ,705.28,3958,-4970631089.66,716.8368,0.016386,720.0,700.0,negative,0.18885,0.20485,0.016,-0.0637,STEEP,889591.0,1141774.0,1.2835,45,0.15,1
2026-09-15 20:56:12,2026-09-15,2026-09-15T20:56:27+00:00,668.0,IWM,285.25,2276,-4114474720.61,297.4148,0.042646,300.0,283.0,negative,0.1909,0.19655,0.00565,-0.0554,STEEP,232263.0,712639.0,3.0682,45,0.15,1
2026-09-16 13:11:22,2026-09-16,2026-09-16T13:14:12+00:00,58665.0,SPX,7585.73,11780,-30992694587.02,7652.8676,0.008851,7800.0,7500.0,negative,0.13875,0.14725,0.0085,-0.0486,STEEP,443701.0,654815.0,1.4758,45,0.15,1
2026-09-16 13:09:06,2026-09-16,2026-09-16T13:14:12+00:00,58665.0,SPY,759.57,4392,-11654854632.88,766.0416,0.00852,770.0,750.0,negative,0.1348,0.1443,0.0095,-0.0521,STEEP,1181377.0,1492696.0,1.2635,45,0.15,1
2026-09-16 13:10:46,2026-09-16,2026-09-16T13:14:12+00:00,58665.0,QQQ,707.71,4114,-4337660936.17,712.8915,0.007321,720.0,700.0,negative,0.18495,0.2008,0.01585,-0.0641,STEEP,889466.0,1139372.0,1.281,45,0.15,1
2026-09-16 13:28:58,2026-09-16,2026-09-16T13:32:49+00:00,1117.0,SPX,7585.73,11780,-28760917991.07,7654.8403,0.009111,7800.0,7500.0,negative,0.13915,0.14725,0.0081,-0.0497,STEEP,443701.0,654815.0,1.4758,45,0.15,1
2026-09-16 13:27:57,2026-09-16,2026-09-16T13:32:49+00:00,1117.0,SPY,759.799,4392,-11661883251.8,766.0317,0.008203,770.0,750.0,negative,0.1348,0.1443,0.0095,-0.0521,STEEP,1181377.0,1492696.0,1.2635,45,0.15,1
2026-09-16 13:29:42,2026-09-16,2026-09-16T13:32:49+00:00,1117.0,QQQ,708.3177,4114,-4344680825.61,712.8824,0.006444,720.0,700.0,negative,0.18495,0.2008,0.01585,-0.0641,STEEP,889466.0,1139371.0,1.281,45,0.15,1
2026-09-16 13:19:31,2026-09-16,2026-09-16T13:32:49+00:00,1117.0,IWM,285.66,2360,-4080686407.32,296.4807,0.03788,300.0,283.0,negative,0.18865,0.19655,0.0079,-0.0554,STEEP,232263.0,712639.0,3.0682,45,0.15,1
2026-09-16 13:51:19,2026-09-16,2026-09-16T13:55:43+00:00,1374.0,SPX,7601.9199,11752,-32690926531.97,7647.706,0.006023,7800.0,7500.0,negative,0.13705,0.14565,0.0086,-0.0507,STEEP,58028.0,69060.0,1.1901,45,0.15,1
2026-09-16 13:55:15,2026-09-16,2026-09-16T13:55:43+00:00,1374.0,SPY,758.79,4424,-11195812780.91,765.9995,0.009501,770.0,750.0,negative,0.1354,0.14375,0.00835,-0.0515,STEEP,140663.0,156954.0,1.1158,45,0.15,1
2026-09-16 13:55:04,2026-09-16,2026-09-16T13:55:43+00:00,1374.0,QQQ,708.14,4116,-3074352184.31,712.9142,0.006742,720.0,700.0,negative,0.18325,0.2004,0.01715,-0.0602,STEEP,140827.0,160299.0,1.1383,45,0.15,1
2026-09-16 13:55:12,2026-09-16,2026-09-16T13:55:43+00:00,1374.0,IWM,285.8,2360,-4184848947.26,296.7364,0.038266,300.0,283.0,negative,0.18805,0.1967,0.00865,-0.0537,STEEP,27156.0,31144.0,1.1469,45,0.15,1
2026-09-16 14:08:15,2026-09-16,2026-09-16T14:14:26+00:00,1123.0,SPX,7613.1201,11748,-26489077854.56,7651.9256,0.005097,7800.0,7500.0,negative,0.13515,0.14435,0.0092,-0.0507,STEEP,169665.0,166935.0,0.9839,45,0.15,1
2026-09-16 14:14:16,2026-09-16,2026-09-16T14:14:26+00:00,1123.0,SPY,760.04,4386,-10052558865.84,766.086,0.007955,770.0,750.0,negative,0.13375,0.14375,0.01,-0.0512,STEEP,397465.0,404202.0,1.0169,45,0.15,1
2026-09-16 14:14:05,2026-09-16,2026-09-16T14:14:26+00:00,1123.0,QQQ,709.83,4146,-2131304919.44,713.1526,0.004681,720.0,700.0,negative,0.1813,0.20175,0.02045,-0.0598,STEEP,336899.0,395585.0,1.1742,45,0.15,1
2026-09-16 14:14:13,2026-09-16,2026-09-16T14:14:26+00:00,1123.0,IWM,286.61,2370,-4089986246.4,296.5713,0.034756,300.0,285.0,negative,0.1852,0.1973,0.0121,-0.0505,STEEP,71525.0,91475.0,1.2789,45,0.15,1
2026-09-16 14:28:31,2026-09-16,2026-09-16T14:32:01+00:00,1055.0,SPX,7602.6602,11752,-32806525217.73,7649.2128,0.006123,7800.0,7500.0,negative,0.13665,0.1454,0.00875,-0.0506,STEEP,253549.0,292176.0,1.1523,45,0.15,1
2026-09-16 14:31:16,2026-09-16,2026-09-16T14:32:01+00:00,1055.0,SPY,759.62,4392,-10403051918.67,766.2102,0.008676,770.0,750.0,negative,0.1343,0.14405,0.00975,-0.0505,STEEP,556169.0,588485.0,1.0581,45,0.15,1
2026-09-16 14:31:05,2026-09-16,2026-09-16T14:32:01+00:00,1055.0,QQQ,709.55,4144,-2238486127.44,713.2045,0.00515,720.0,700.0,negative,0.18285,0.20275,0.0199,-0.0609,STEEP,479070.0,619396.0,1.2929,45,0.15,1
2026-09-16 14:31:13,2026-09-16,2026-09-16T14:32:01+00:00,1055.0,IWM,286.19,2370,-4178291790.17,296.7328,0.036839,300.0,285.0,negative,0.1879,0.19705,0.00915,-0.0505,STEEP,89298.0,163685.0,1.833,45,0.15,1
2026-09-16 14:53:08,2026-09-16,2026-09-16T14:55:26+00:00,1405.0,SPX,7603.9102,11752,-31093432819.05,7649.5807,0.006006,7800.0,7500.0,negative,0.1363,0.1454,0.0091,-0.0507,STEEP,316787.0,371680.0,1.1733,45,0.15,1
2026-09-16 14:55:17,2026-09-16,2026-09-16T14:55:26+00:00,1405.0,SPY,759.395,4392,-10562540906.22,766.0813,0.008805,770.0,750.0,negative,0.1352,0.1439,0.0087,-0.0517,STEEP,728862.0,808806.0,1.1097,45,0.15,1
2026-09-16 14:55:06,2026-09-16,2026-09-16T14:55:26+00:00,1405.0,QQQ,709.2799,4146,-2447671009.07,713.0167,0.005268,720.0,700.0,negative,0.1829,0.202,0.0191,-0.0616,STEEP,592710.0,821109.0,1.3853,45,0.15,1
2026-09-16 14:55:14,2026-09-16,2026-09-16T14:55:26+00:00,1405.0,IWM,285.83,2360,-4251656469.1,296.6688,0.03792,300.0,283.0,negative,0.18815,0.1971,0.00895,-0.054,STEEP,104261.0,203343.0,1.9503,45,0.15,1
2026-09-16 15:06:08,2026-09-16,2026-09-16T15:13:01+00:00,1055.0,SPX,7607.4902,11750,-29160867718.28,7647.7424,0.005291,7800.0,7500.0,negative,0.1362,0.1453,0.0091,-0.051,STEEP,351679.0,402862.0,1.1455,45,0.15,1
2026-09-16 15:12:17,2026-09-16,2026-09-16T15:13:01+00:00,1055.0,SPY,759.81,4392,-10058386690.8,766.1673,0.008367,770.0,750.0,negative,0.1342,0.14405,0.00985,-0.0511,STEEP,880908.0,900301.0,1.022,45,0.15,1
2026-09-16 15:12:07,2026-09-16,2026-09-16T15:13:01+00:00,1055.0,QQQ,709.91,4146,-2060888762.85,713.291,0.004763,720.0,700.0,negative,0.18255,0.20175,0.0192,-0.061,STEEP,667912.0,938028.0,1.4044,45,0.15,1
2026-09-16 15:12:15,2026-09-16,2026-09-16T15:13:01+00:00,1055.0,IWM,286.185,2370,-4152943463.53,296.8228,0.037171,300.0,285.0,negative,0.18755,0.19675,0.0092,-0.0501,STEEP,115480.0,215560.0,1.8666,45,0.15,1
2026-09-16 15:26:34,2026-09-16,2026-09-16T15:30:09+00:00,1028.0,SPX,7618.02,11730,-22540587289.77,7649.6666,0.004154,7800.0,7500.0,negative,0.13435,0.1438,0.00945,-0.0505,STEEP,432526.0,473591.0,1.0949,45,0.15,1
2026-09-16 15:29:18,2026-09-16,2026-09-16T15:30:09+00:00,1028.0,SPY,760.75,4386,-9112985885.02,766.3995,0.007426,770.0,750.0,negative,0.1329,0.14385,0.01095,-0.0499,STEEP,1075253.0,1060296.0,0.9861,45,0.15,1
2026-09-16 15:29:07,2026-09-16,2026-09-16T15:30:09+00:00,1028.0,QQQ,711.2,4146,-1410274942.54,713.5769,0.003342,720.0,700.0,negative,0.1822,0.20235,0.02015,-0.0599,STEEP,780196.0,1097241.0,1.4064,45,0.15,1
2026-09-16 15:29:15,2026-09-16,2026-09-16T15:30:09+00:00,1028.0,IWM,286.47,2370,-4083111127.76,296.8528,0.036244,300.0,285.0,negative,0.1874,0.1964,0.009,-0.0506,STEEP,133370.0,226171.0,1.6958,45,0.15,1
2026-09-16 15:44:31,2026-09-16,2026-09-16T15:45:49+00:00,940.0,SPX,7614.3901,11748,-25249444226.13,7650.893,0.004794,7800.0,7500.0,negative,0.1349,0.14415,0.00925,-0.0494,STEEP,478252.0,511564.0,1.0697,45,0.15,1
2026-09-16 15:45:19,2026-09-16,2026-09-16T15:45:49+00:00,940.0,SPY,760.43,4386,-9433061221.25,766.2598,0.007666,770.0,750.0,negative,0.1341,0.1438,0.0097,-0.0496,STEEP,1168304.0,1156788.0,0.9901,45,0.15,1
2026-09-16 15:45:08,2026-09-16,2026-09-16T15:45:49+00:00,940.0,QQQ,710.91,4146,-1581748775.77,713.3598,0.003446,720.0,700.0,negative,0.18065,0.2017,0.02105,-0.0607,STEEP,845386.0,1202526.0,1.4225,45,0.15,1
2026-09-16 15:45:16,2026-09-16,2026-09-16T15:45:49+00:00,940.0,IWM,286.34,2370,-4123581975.39,296.7447,0.036337,300.0,285.0,negative,0.1872,0.1963,0.0091,-0.0494,STEEP,144836.0,245428.0,1.6945,45,0.15,1
2026-09-16 16:05:22,2026-09-16,2026-09-16T16:13:11+00:00,1642.0,SPX,7621.98,11730,-20689286366.19,7653.9033,0.004188,7800.0,7500.0,negative,0.13445,0.1442,0.00975,-0.049,STEEP,578450.0,608213.0,1.0515,45,0.15,1
2026-09-16 16:13:08,2026-09-16,2026-09-16T16:13:11+00:00,1642.0,SPY,760.762,4386,-9067073843.46,766.2479,0.007211,770.0,750.0,negative,0.13315,0.14435,0.0112,-0.0497,STEEP,1390012.0,1374331.0,0.9887,45,0.15,1
2026-09-16 16:12:58,2026-09-16,2026-09-16T16:13:11+00:00,1642.0,QQQ,710.94,4146,-1540813908.62,713.2351,0.003228,720.0,700.0,negative,0.18135,0.20185,0.0205,-0.0598,STEEP,956498.0,1342137.0,1.4032,45,0.15,1
2026-09-16 16:13:05,2026-09-16,2026-09-16T16:13:11+00:00,1642.0,IWM,286.4,2370,-4098158497.07,296.7625,0.036182,300.0,285.0,negative,0.18725,0.196,0.00875,-0.0498,STEEP,165807.0,267176.0,1.6114,45,0.15,1
2026-09-16 16:28:18,2026-09-16,2026-09-16T16:30:22+00:00,1031.0,SPX,7613.71,11748,-25125460738.43,7650.648,0.004852,7800.0,7500.0,negative,0.13525,0.1447,0.00945,-0.0508,STEEP,631701.0,661227.0,1.0467,45,0.15,1
2026-09-16 16:30:09,2026-09-16,2026-09-16T16:30:22+00:00,1031.0,SPY,760.41,4386,-9401052551.91,766.2755,0.007714,770.0,750.0,negative,0.13455,0.14425,0.0097,-0.0496,STEEP,1446117.0,1466227.0,1.0139,45,0.15,1
2026-09-16 16:29:58,2026-09-16,2026-09-16T16:30:22+00:00,1031.0,QQQ,710.29,4146,-1899029500.0,713.2699,0.004195,720.0,700.0,negative,0.18205,0.2018,0.01975,-0.0592,STEEP,1010182.0,1411916.0,1.3977,45,0.15,1
2026-09-16 16:30:06,2026-09-16,2026-09-16T16:30:22+00:00,1031.0,IWM,286.5501,2370,-4073825078.07,296.7466,0.035584,300.0,285.0,negative,0.18395,0.19595,0.012,-0.0493,STEEP,180644.0,297029.0,1.6443,45,0.15,1
2026-09-16 16:40:54,2026-09-16,2026-09-16T16:46:42+00:00,980.0,SPX,7611.4399,11760,-26599818933.28,7653.1439,0.005479,7800.0,7500.0,negative,0.13635,0.14545,0.0091,-0.0494,STEEP,648605.0,684064.0,1.0547,45,0.15,1
2026-09-16 16:46:09,2026-09-16,2026-09-16T16:46:42+00:00,980.0,SPY,760.181,4386,-9690903207.84,766.0849,0.007766,770.0,750.0,negative,0.1346,0.14455,0.00995,-0.0511,STEEP,1524501.0,1549144.0,1.0162,45,0.15,1
2026-09-16 16:45:59,2026-09-16,2026-09-16T16:46:42+00:00,980.0,QQQ,710.3401,4146,-1877804083.07,713.2346,0.004075,720.0,700.0,negative,0.18175,0.2013,0.01955,-0.0593,STEEP,1051107.0,1469443.0,1.398,45,0.15,1
2026-09-16 16:46:07,2026-09-16,2026-09-16T16:46:42+00:00,980.0,IWM,286.46,2370,-4104976016.09,296.7024,0.035755,300.0,285.0,negative,0.186,0.19585,0.00985,-0.0493,STEEP,203763.0,307825.0,1.5107,45,0.15,1
2026-09-16 17:10:47,2026-09-16,2026-09-16T17:11:27+00:00,1485.0,SPX,7610.2598,11760,-27819478568.19,7653.7829,0.005719,7800.0,7500.0,negative,0.13545,0.14515,0.0097,-0.0488,STEEP,718198.0,765036.0,1.0652,45,0.15,1
2026-09-16 17:10:50,2026-09-16,2026-09-16T17:11:27+00:00,1485.0,SPY,760.0,4392,-10008906366.4,766.0632,0.007978,770.0,750.0,negative,0.13415,0.14415,0.01,-0.0507,STEEP,1625423.0,1708064.0,1.0508,45,0.15,1
2026-09-16 17:10:55,2026-09-16,2026-09-16T17:11:27+00:00,1485.0,QQQ,710.175,4146,-1975572684.95,713.2101,0.004274,720.0,700.0,negative,0.1809,0.20115,0.02025,-0.0597,STEEP,1109641.0,1533867.0,1.3823,45,0.15,1
2026-09-16 17:10:49,2026-09-16,2026-09-16T17:11:27+00:00,1485.0,IWM,286.59,2370,-4092889464.05,296.6587,0.035133,300.0,285.0,negative,0.18365,0.1957,0.01205,-0.0484,STEEP,215739.0,332584.0,1.5416,45,0.15,1
2026-09-16 17:26:32,2026-09-16,2026-09-16T17:26:58+00:00,931.0,SPX,7606.71,11750,-30113759052.25,7651.6476,0.005908,7800.0,7500.0,negative,0.13655,0.1457,0.00915,-0.0489,STEEP,760995.0,802864.0,1.055,45,0.15,1
2026-09-16 17:25:50,2026-09-16,2026-09-16T17:26:58+00:00,931.0,SPY,759.51,4392,-10380735733.94,766.1227,0.008706,770.0,750.0,negative,0.1346,0.14435,0.00975,-0.0498,STEEP,1695504.0,1783889.0,1.0521,45,0.15,1
2026-09-16 17:26:55,2026-09-16,2026-09-16T17:26:58+00:00,931.0,QQQ,709.4601,4144,-2335447674.39,713.0141,0.005009,720.0,700.0,negative,0.18205,0.20075,0.0187,-0.0592,STEEP,1147010.0,1601711.0,1.3964,45,0.15,1
2026-09-16 17:26:50,2026-09-16,2026-09-16T17:26:58+00:00,931.0,IWM,286.3,2370,-4156235451.33,296.5218,0.035703,300.0,285.0,negative,0.186,0.19585,0.00985,-0.0473,STEEP,223531.0,351077.0,1.5706,45,0.15,1
2026-09-16 17:42:33,2026-09-16,2026-09-16T17:42:41+00:00,943.0,SPX,7609.6899,11760,-28259687605.51,7653.0563,0.005699,7800.0,7500.0,negative,0.1356,0.14515,0.00955,-0.0497,STEEP,783834.0,827723.0,1.056,45,0.15,1
2026-09-16 17:41:51,2026-09-16,2026-09-16T17:42:41+00:00,943.0,SPY,759.8201,4392,-10125954561.75,766.1772,0.008367,770.0,750.0,negative,0.1343,0.1444,0.0101,-0.0506,STEEP,1755502.0,1848058.0,1.0527,45,0.15,1
2026-09-16 17:41:56,2026-09-16,2026-09-16T17:42:41+00:00,943.0,QQQ,709.5901,4146,-2248393353.78,713.0407,0.004863,720.0,700.0,negative,0.1802,0.20035,0.02015,-0.0594,STEEP,1178483.0,1669531.0,1.4167,45,0.15,1
2026-09-16 17:41:50,2026-09-16,2026-09-16T17:42:41+00:00,943.0,IWM,286.655,2370,-4086442342.67,296.6521,0.034875,300.0,285.0,negative,0.18375,0.196,0.01225,-0.0479,STEEP,237998.0,364169.0,1.5301,45,0.15,1
2026-09-16 17:54:33,2026-09-16,2026-09-16T17:54:47+00:00,726.0,SPX,7608.6201,11750,-28855268742.88,7655.6918,0.006187,7800.0,7500.0,negative,0.1354,0.1451,0.0097,-0.0513,STEEP,808057.0,850599.0,1.0526,45,0.15,1
2026-09-16 17:53:51,2026-09-16,2026-09-16T17:54:47+00:00,726.0,SPY,759.75,4392,-10177643019.8,766.1712,0.008452,770.0,750.0,negative,0.134,0.14425,0.01025,-0.0503,STEEP,1814763.0,1892845.0,1.043,45,0.15,1
2026-09-16 17:53:56,2026-09-16,2026-09-16T17:54:47+00:00,726.0,QQQ,709.45,4144,-2325787963.59,712.8798,0.004834,720.0,700.0,negative,0.1816,0.2007,0.0191,-0.0585,STEEP,1200653.0,1702547.0,1.418,45,0.15,1
2026-09-16 17:53:50,2026-09-16,2026-09-16T17:54:47+00:00,726.0,IWM,286.585,2370,-4118852002.87,296.6117,0.034987,300.0,285.0,negative,0.18325,0.19575,0.0125,-0.0475,STEEP,242141.0,378994.0,1.5652,45,0.15,1
2026-09-16 18:14:12,2026-09-16,2026-09-16T18:14:53+00:00,1206.0,SPX,7612.54,11748,-26111409446.45,7653.7968,0.00542,7800.0,7500.0,negative,0.1355,0.14485,0.00935,-0.0499,STEEP,876174.0,919816.0,1.0498,45,0.15,1
2026-09-16 18:14:14,2026-09-16,2026-09-16T18:14:53+00:00,1206.0,SPY,760.1201,4386,-9654469002.64,766.1995,0.007998,770.0,750.0,negative,0.1346,0.1445,0.0099,-0.0521,STEEP,1965716.0,2087143.0,1.0618,45,0.15,1
2026-09-16 18:14:20,2026-09-16,2026-09-16T18:14:53+00:00,1206.0,QQQ,709.915,4146,-2061423939.65,712.9427,0.004265,720.0,700.0,negative,0.1804,0.20065,0.02025,-0.0607,STEEP,1292466.0,1832926.0,1.4182,45,0.15,1
2026-09-16 18:14:14,2026-09-16,2026-09-16T18:14:53+00:00,1206.0,IWM,286.72,2370,-4055432974.58,296.6508,0.034636,300.0,285.0,negative,0.18425,0.19595,0.0117,-0.0485,STEEP,258142.0,431591.0,1.6719,45,0.15,1
2026-09-16 18:33:14,2026-09-16,2026-09-16T18:35:04+00:00,1211.0,SPX,7610.9199,11760,-30067128153.58,7651.1226,0.005282,7800.0,7500.0,negative,0.1345,0.1445,0.01,-0.0496,STEEP,997556.0,1033508.0,1.036,45,0.15,1
2026-09-16 18:32:15,2026-09-16,2026-09-16T18:35:04+00:00,1211.0,SPY,760.01,4386,-10176752623.03,765.7188,0.007511,770.0,750.0,negative,0.13305,0.1438,0.01075,-0.0514,STEEP,2303394.0,2442950.0,1.0606,45,0.15,1
2026-09-16 18:32:20,2026-09-16,2026-09-16T18:35:04+00:00,1211.0,QQQ,709.95,4146,-2046071260.06,712.9909,0.004283,720.0,700.0,negative,0.17895,0.1997,0.02075,-0.0612,STEEP,1541694.0,2081288.0,1.35,45,0.15,1
2026-09-16 18:32:14,2026-09-16,2026-09-16T18:35:04+00:00,1211.0,IWM,285.8,2360,-4462530272.95,295.9407,0.035482,300.0,283.0,negative,0.18395,0.1944,0.01045,-0.049,STEEP,298849.0,522711.0,1.7491,45,0.15,1
2026-09-16 18:54:56,2026-09-16,2026-09-16T18:55:07+00:00,1203.0,SPX,7588.3501,11766,-42436599887.8,7650.5809,0.008201,7800.0,7500.0,negative,0.13705,0.1464,0.00935,-0.0512,STEEP,1122714.0,1192458.0,1.0621,45,0.15,1
2026-09-16 18:54:06,2026-09-16,2026-09-16T18:55:07+00:00,1203.0,SPY,757.555,4430,-12770957377.13,765.2292,0.01013,770.0,750.0,negative,0.1359,0.14395,0.00805,-0.0537,STEEP,2651268.0,2998256.0,1.1309,45,0.15,1
2026-09-16 18:54:12,2026-09-16,2026-09-16T18:55:07+00:00,1203.0,QQQ,707.83,4116,-3278145157.29,712.7483,0.006948,720.0,700.0,negative,0.18395,0.2011,0.01715,-0.0624,STEEP,1755714.0,2423481.0,1.3803,45,0.15,1
2026-09-16 18:54:06,2026-09-16,2026-09-16T18:55:07+00:00,1203.0,IWM,285.29,2360,-4588911867.88,296.145,0.038049,300.0,283.0,negative,0.1876,0.1954,0.0078,-0.0523,STEEP,334509.0,619234.0,1.8512,45,0.15,1
2026-09-16 19:10:53,2026-09-16,2026-09-16T19:12:12+00:00,1025.0,SPX,7568.0298,11796,-54029754751.0,7648.0042,0.010567,7800.0,7500.0,negative,0.14025,0.1484,0.00815,-0.0553,STEEP,1256544.0,1347534.0,1.0724,45,0.15,1
2026-09-16 19:10:56,2026-09-16,2026-09-16T19:12:12+00:00,1025.0,SPY,755.41,4404,-14858997195.01,764.5065,0.012042,770.0,750.0,negative,0.14035,0.1488,0.00845,-0.0543,STEEP,3083374.0,3545794.0,1.15,45,0.15,1
2026-09-16 19:11:01,2026-09-16,2026-09-16T19:12:12+00:00,1025.0,QQQ,705.79,4144,-4263016975.34,711.8598,0.0086,720.0,700.0,negative,0.1894,0.20645,0.01705,-0.0643,STEEP,1998820.0,2763571.0,1.3826,45,0.15,1
2026-09-16 19:10:56,2026-09-16,2026-09-16T19:12:12+00:00,1025.0,IWM,283.9,2338,-4880567156.25,295.8364,0.042044,300.0,280.0,negative,0.1877,0.19365,0.00595,-0.0545,STEEP,376294.0,700997.0,1.8629,45,0.15,1
2026-09-16 19:26:57,2026-09-16,2026-09-16T19:27:48+00:00,936.0,SPX,7530.7002,11832,-69169055916.85,7633.5183,0.013653,7800.0,7500.0,negative,0.14665,0.1523,0.00565,-0.0573,STEEP,1420622.0,1536720.0,1.0817,45,0.15,1
2026-09-16 19:27:00,2026-09-16,2026-09-16T19:27:48+00:00,936.0,SPY,751.92,4416,-17289942314.66,764.2492,0.016397,775.0,745.0,negative,0.1453,0.1537,0.0084,-0.0593,STEEP,3497644.0,4134473.0,1.1821,45,0.15,1
2026-09-16 19:27:05,2026-09-16,2026-09-16T19:27:48+00:00,936.0,QQQ,702.2,4106,-6255754742.11,711.5927,0.013376,720.0,690.0,negative,0.1966,0.21185,0.01525,-0.0684,STEEP,2285761.0,3141120.0,1.3742,45,0.15,1
2026-09-16 19:26:59,2026-09-16,2026-09-16T19:27:48+00:00,936.0,IWM,282.3,2328,-4908565650.16,295.4367,0.046535,300.0,280.0,negative,0.19415,0.20305,0.0089,-0.0574,STEEP,455025.0,838018.0,1.8417,45,0.15,1
2026-09-16 19:40:57,2026-09-16,2026-09-16T19:41:58+00:00,850.0,SPX,7510.4702,11898,-75885791196.39,7612.2559,0.013553,7800.0,7450.0,negative,0.1519,0.15555,0.00365,-0.0602,STEEP,1575410.0,1739056.0,1.1039,45,0.15,1
2026-09-16 19:41:00,2026-09-16,2026-09-16T19:41:58+00:00,850.0,SPY,749.79,4424,-18424299869.56,762.9773,0.017588,775.0,745.0,negative,0.1508,0.155,0.0042,-0.0632,STEEP,3872204.0,4775632.0,1.2333,45,0.15,1
2026-09-16 19:41:06,2026-09-16,2026-09-16T19:41:58+00:00,850.0,QQQ,700.265,4102,-7242164997.31,711.5311,0.016088,720.0,690.0,negative,0.19965,0.2131,0.01345,-0.0709,STEEP,2518133.0,3438314.0,1.3654,45,0.15,1
2026-09-16 19:41:00,2026-09-16,2026-09-16T19:41:58+00:00,850.0,IWM,281.06,2300,-4803201777.73,294.5107,0.047857,300.0,275.0,negative,0.20255,0.2062,0.00365,-0.0603,STEEP,489392.0,957096.0,1.9557,45,0.15,1
2026-09-16 19:52:58,2026-09-16,2026-09-16T19:53:28+00:00,690.0,SPX,7531.7598,11832,-70593608802.67,7631.4292,0.013233,7800.0,7500.0,negative,0.1456,0.1519,0.0063,-0.0553,STEEP,1702213.0,1896855.0,1.1143,45,0.15,1
2026-09-16 19:53:01,2026-09-16,2026-09-16T19:53:28+00:00,690.0,SPY,752.13,4416,-17782163603.84,764.3423,0.016237,775.0,745.0,negative,0.14455,0.1532,0.00865,-0.057,STEEP,4235709.0,5248851.0,1.2392,45,0.15,1
2026-09-16 19:53:06,2026-09-16,2026-09-16T19:53:28+00:00,690.0,QQQ,702.88,4108,-6292185721.5,711.9074,0.012844,720.0,700.0,negative,0.19275,0.2067,0.01395,-0.0653,STEEP,2742682.0,3715739.0,1.3548,45,0.15,1
2026-09-16 19:53:00,2026-09-16,2026-09-16T19:53:28+00:00,690.0,IWM,282.38,2296,-4991521635.88,295.5102,0.046498,300.0,280.0,negative,0.1967,0.2048,0.0081,-0.0601,STEEP,542427.0,1057141.0,1.9489,45,0.15,1
2026-09-16 20:13:02,2026-09-16,2026-09-16T20:13:29+00:00,1201.0,SPX,7550.9502,11384,-60181141495.98,7635.4919,0.011196,7800.0,7500.0,negative,0.14205,0.1496,0.00755,-0.0539,STEEP,603592.0,705674.0,1.1691,45,0.15,1
2026-09-16 20:13:05,2026-09-16,2026-09-16T20:13:29+00:00,1201.0,SPY,753.825,4178,-17322474923.39,767.3016,0.017878,775.0,750.0,negative,0.14085,0.148,0.00715,-0.0535,STEEP,1820620.0,2610306.0,1.4337,45,0.15,1
2026-09-16 20:13:10,2026-09-16,2026-09-16T20:13:29+00:00,1201.0,QQQ,704.18,3818,-6052721623.57,715.4644,0.016025,720.0,700.0,negative,0.191,0.20575,0.01475,-0.0618,STEEP,1170767.0,1573718.0,1.3442,45,0.15,1
2026-09-16 20:13:05,2026-09-16,2026-09-16T20:13:29+00:00,1201.0,IWM,283.79,2194,-5854984092.42,296.1399,0.043518,305.0,280.0,negative,0.19,0.19505,0.00505,-0.0548,STEEP,399480.0,812066.0,2.0328,45,0.15,1
2026-09-16 20:30:03,2026-09-16,2026-09-16T20:30:23+00:00,1014.0,SPX,7551.8101,11384,-59472469277.06,7636.3089,0.011189,7800.0,7500.0,negative,0.1434,0.1504,0.007,-0.0539,STEEP,645964.0,789984.0,1.223,45,0.15,1
2026-09-16 20:30:06,2026-09-16,2026-09-16T20:30:23+00:00,1014.0,SPY,754.06,4178,-17269209320.94,767.7177,0.018112,775.0,750.0,negative,0.142,0.1486,0.0066,-0.056,STEEP,1918151.0,2696920.0,1.406,45,0.15,1
2026-09-16 20:30:11,2026-09-16,2026-09-16T20:30:23+00:00,1014.0,QQQ,705.0,3848,-5619290642.98,715.4875,0.014876,720.0,700.0,negative,0.1907,0.206,0.0153,-0.0612,STEEP,1239166.0,1651767.0,1.333,45,0.15,1
2026-09-16 20:30:05,2026-09-16,2026-09-16T20:30:23+00:00,1014.0,IWM,283.76,2194,-5829449555.95,295.6719,0.041979,305.0,280.0,negative,0.18985,0.1953,0.00545,-0.0549,STEEP,409097.0,849531.0,2.0766,45,0.15,1
2026-09-16 20:46:03,2026-09-16,2026-09-16T20:46:28+00:00,965.0,SPX,7551.8101,11384,-59861726421.23,7646.5827,0.01255,7800.0,7500.0,negative,0.14335,0.15045,0.0071,-0.0547,STEEP,645964.0,789984.0,1.223,45,0.15,1
2026-09-16 20:46:06,2026-09-16,2026-09-16T20:46:28+00:00,965.0,SPY,753.95,4178,-17264171328.02,767.7107,0.018251,775.0,750.0,negative,0.142,0.1486,0.0066,-0.056,STEEP,1918151.0,2696920.0,1.406,45,0.15,1
2026-09-16 20:46:11,2026-09-16,2026-09-16T20:46:28+00:00,965.0,QQQ,704.6,3848,-5612915951.89,715.4822,0.015445,720.0,700.0,negative,0.1907,0.206,0.0153,-0.0612,STEEP,1239166.0,1651767.0,1.333,45,0.15,1
2026-09-17 13:13:20,2026-09-17,2026-09-17T13:13:58+00:00,59250.0,SPX,7551.8101,11818,3658372717.96,7648.4701,0.0128,7800.0,7500.0,positive,0.13735,0.1476,0.01025,-0.0432,STEEP,645964.0,789984.0,1.223,45,0.15,1
2026-09-17 13:13:10,2026-09-17,2026-09-17T13:13:58+00:00,59250.0,SPY,763.66,4220,-15523547764.68,764.3787,0.000941,780.0,745.0,negative,0.1295,0.1394,0.0099,-0.056,STEEP,1918107.0,2673402.0,1.3938,45,0.15,1
2026-09-17 13:13:05,2026-09-17,2026-09-17T13:13:58+00:00,59250.0,QQQ,716.189,3916,-5531663052.44,712.2775,-0.005462,720.0,700.0,negative,0.17765,0.19815,0.0205,-0.0612,STEEP,1239125.0,1644033.0,1.3268,45,0.15,1
2026-09-17 13:13:04,2026-09-17,2026-09-17T13:13:58+00:00,60215.0,IWM,287.89,2378,-5798281098.64,294.3796,0.022542,295.0,285.0,negative,0.1803,0.1869,0.0066,-0.0549,STEEP,409172.0,849523.0,2.0762,45,0.15,1
2026-09-17 13:29:21,2026-09-17,2026-09-17T13:31:45+00:00,1067.0,SPX,7551.8101,11818,3204774513.07,7645.3463,0.012386,7800.0,7500.0,positive,0.1374,0.1475,0.0101,-0.0418,STEEP,645964.0,789984.0,1.223,45,0.15,1
2026-09-17 13:29:10,2026-09-17,2026-09-17T13:31:45+00:00,1067.0,SPY,763.52,4226,-15519611679.44,764.3774,0.001123,780.0,745.0,negative,0.1295,0.1394,0.0099,-0.056,STEEP,1918107.0,2674888.0,1.3945,45,0.15,1
2026-09-17 13:29:05,2026-09-17,2026-09-17T13:31:45+00:00,1067.0,QQQ,716.3,3916,-5533377857.28,712.2587,-0.005642,720.0,700.0,negative,0.17765,0.19815,0.0205,-0.0612,STEEP,1239125.0,1644033.0,1.3268,45,0.15,1
2026-09-17 13:29:05,2026-09-17,2026-09-17T13:31:45+00:00,1067.0,IWM,288.12,2378,-5807549481.51,294.3692,0.021689,295.0,285.0,negative,0.1803,0.1869,0.0066,-0.0549,STEEP,409172.0,849523.0,2.0762,45,0.15,1
2026-09-17 13:53:20,2026-09-17,2026-09-17T13:54:12+00:00,1347.0,SPX,7623.0298,11726,-14155011717.31,7648.8279,0.003384,7800.0,7500.0,negative,0.12695,0.13975,0.0128,-0.0428,STEEP,99109.0,148368.0,1.497,45,0.15,1
2026-09-17 13:53:33,2026-09-17,2026-09-17T13:54:12+00:00,1347.0,SPY,761.2,4232,-7621592292.28,764.2671,0.004029,765.0,745.0,negative,0.1262,0.1404,0.0142,-0.045,STEEP,312790.0,410165.0,1.3113,45,0.15,1
2026-09-17 13:53:17,2026-09-17,2026-09-17T13:54:12+00:00,1347.0,QQQ,713.757,3914,715698587.98,712.7618,-0.001394,720.0,700.0,positive,0.17275,0.19475,0.022,-0.0511,STEEP,194199.0,277277.0,1.4278,45,0.15,1
2026-09-17 13:53:17,2026-09-17,2026-09-17T13:54:12+00:00,1347.0,IWM,286.74,2336,-5677345833.61,294.1138,0.025716,295.0,285.0,negative,0.1731,0.19025,0.01715,-0.0481,STEEP,42387.0,130997.0,3.0905,45,0.15,1
2026-09-17 14:13:24,2026-09-17,2026-09-17T14:14:12+00:00,1200.0,SPX,7621.1201,11726,-15516569678.88,7647.7012,0.003488,7800.0,7500.0,negative,0.12765,0.1403,0.01265,-0.0444,STEEP,256568.0,333395.0,1.2994,45,0.15,1
2026-09-17 14:13:04,2026-09-17,2026-09-17T14:14:12+00:00,1200.0,SPY,760.91,4238,-8058778696.58,764.0065,0.00407,765.0,745.0,negative,0.12635,0.1403,0.01395,-0.0444,STEEP,741761.0,860552.0,1.1601,45,0.15,1
2026-09-17 14:12:59,2026-09-17,2026-09-17T14:14:12+00:00,1200.0,QQQ,714.94,3916,1594647078.23,713.0435,-0.002653,720.0,700.0,positive,0.1723,0.19655,0.02425,-0.0511,STEEP,542839.0,620803.0,1.1436,45,0.15,1
2026-09-17 14:13:59,2026-09-17,2026-09-17T14:14:12+00:00,1200.0,IWM,286.77,2336,-5698374306.09,293.7337,0.024283,295.0,285.0,negative,0.17425,0.19045,0.0162,-0.0453,STEEP,89995.0,239395.0,2.6601,45,0.15,1
2026-09-17 14:32:03,2026-09-17,2026-09-17T14:32:22+00:00,1090.0,SPX,7624.1401,11714,-13106021815.76,7646.5392,0.002938,7800.0,7500.0,negative,0.12745,0.1401,0.01265,-0.0419,STEEP,403671.0,491484.0,1.2175,45,0.15,1
2026-09-17 14:32:05,2026-09-17,2026-09-17T14:32:22+00:00,1090.0,SPY,761.295,4232,-7436423494.1,764.5377,0.004259,765.0,745.0,negative,0.1269,0.14065,0.01375,-0.0442,STEEP,1168210.0,1294095.0,1.1078,45,0.15,1
2026-09-17 14:32:00,2026-09-17,2026-09-17T14:32:22+00:00,1090.0,QQQ,715.93,3916,2327027775.32,713.517,-0.00337,720.0,700.0,positive,0.17225,0.1978,0.02555,-0.0512,STEEP,785525.0,910643.0,1.1593,45,0.15,1
2026-09-17 14:31:59,2026-09-17,2026-09-17T14:32:22+00:00,1090.0,IWM,287.13,2366,-5570820490.27,294.5344,0.025788,295.0,285.0,negative,0.17405,0.19025,0.0162,-0.0447,STEEP,120416.0,338257.0,2.8091,45,0.15,1
2026-09-17 14:54:25,2026-09-17,2026-09-17T14:54:59+00:00,1357.0,SPX,7629.6201,11712,-7738339528.95,7650.2403,0.002703,7800.0,7500.0,negative,0.12675,0.13985,0.0131,-0.0435,STEEP,577720.0,621983.0,1.0766,45,0.15,1
2026-09-17 14:54:06,2026-09-17,2026-09-17T14:54:59+00:00,1357.0,SPY,761.98,4232,-6533928910.18,764.7573,0.003645,780.0,745.0,negative,0.12555,0.1408,0.01525,-0.0434,STEEP,1669595.0,1624242.0,0.9728,45,0.15,1
2026-09-17 14:54:01,2026-09-17,2026-09-17T14:54:59+00:00,1357.0,QQQ,716.57,3916,2718202065.58,713.1471,-0.004777,720.0,700.0,positive,0.1707,0.1971,0.0264,-0.049,STEEP,1010694.0,1158477.0,1.1462,45,0.15,1
2026-09-17 14:54:00,2026-09-17,2026-09-17T14:54:59+00:00,1357.0,IWM,287.29,2366,-5557438727.55,294.8291,0.026242,295.0,285.0,negative,0.1712,0.1889,0.0177,-0.0433,STEEP,152671.0,382138.0,2.503,45,0.15,1
2026-09-17 15:12:26,2026-09-17,2026-09-17T15:13:15+00:00,1096.0,SPX,7619.7798,11726,-16573896657.71,7646.9184,0.003562,7800.0,7500.0,negative,0.12795,0.14065,0.0127,-0.0422,STEEP,679412.0,769740.0,1.133,45,0.15,1
2026-09-17 15:12:06,2026-09-17,2026-09-17T15:13:15+00:00,1096.0,SPY,760.8,4208,-8133060210.65,763.9065,0.004083,765.0,745.0,negative,0.12685,0.14075,0.0139,-0.0449,STEEP,1979531.0,2021869.0,1.0214,45,0.15,1
2026-09-17 15:13:01,2026-09-17,2026-09-17T15:13:15+00:00,1096.0,QQQ,715.38,3914,2020327464.63,713.0605,-0.003242,720.0,700.0,positive,0.1735,0.197,0.0235,-0.0521,STEEP,1187648.0,1433486.0,1.207,45,0.15,1
2026-09-17 15:13:01,2026-09-17,2026-09-17T15:13:15+00:00,1096.0,IWM,286.92,2336,-5732992324.1,294.8356,0.027588,295.0,285.0,negative,0.17205,0.18915,0.0171,-0.0458,STEEP,196672.0,423790.0,2.1548,45,0.15,1
2026-09-17 15:29:27,2026-09-17,2026-09-17T15:29:56+00:00,1001.0,SPX,7621.98,11726,-13818574111.15,7644.2943,0.002928,7800.0,7500.0,negative,0.1279,0.14075,0.01285,-0.0446,STEEP,758996.0,851722.0,1.1222,45,0.15,1
2026-09-17 15:29:07,2026-09-17,2026-09-17T15:29:56+00:00,1001.0,SPY,761.15,4238,-7607423150.13,764.485,0.004381,765.0,745.0,negative,0.12675,0.14085,0.0141,-0.0447,STEEP,2252773.0,2258125.0,1.0024,45,0.15,1
2026-09-17 15:29:02,2026-09-17,2026-09-17T15:29:56+00:00,1001.0,QQQ,715.29,3916,2175055933.26,713.2063,-0.002913,720.0,700.0,positive,0.17285,0.197,0.02415,-0.0522,STEEP,1318816.0,1596304.0,1.2104,45,0.15,1
2026-09-17 15:29:01,2026-09-17,2026-09-17T15:29:56+00:00,1001.0,IWM,286.95,2336,-5751886071.66,294.4972,0.026302,295.0,285.0,negative,0.17235,0.1895,0.01715,-0.0463,STEEP,214042.0,456832.0,2.1343,45,0.15,1
2026-09-17 15:45:27,2026-09-17,2026-09-17T15:46:09+00:00,973.0,SPX,7627.7202,11714,-10232331552.39,7646.6283,0.002479,7800.0,7500.0,negative,0.1267,0.1399,0.0132,-0.0429,STEEP,830969.0,916812.0,1.1033,45,0.15,1
2026-09-17 15:45:07,2026-09-17,2026-09-17T15:46:09+00:00,973.0,SPY,761.57,4232,-6994435281.12,764.681,0.004085,765.0,745.0,negative,0.12555,0.14095,0.0154,-0.0446,STEEP,2510380.0,2455773.0,0.9782,45,0.15,1
2026-09-17 15:45:02,2026-09-17,2026-09-17T15:46:09+00:00,973.0,QQQ,715.89,3916,2630782679.57,712.9904,-0.00405,720.0,700.0,positive,0.17225,0.1977,0.02545,-0.052,STEEP,1432061.0,1713758.0,1.1967,45,0.15,1
2026-09-17 15:45:02,2026-09-17,2026-09-17T15:46:09+00:00,973.0,IWM,286.95,2336,-5754981111.89,294.8277,0.027453,295.0,285.0,negative,0.1718,0.1891,0.0173,-0.0466,STEEP,225108.0,479787.0,2.1314,45,0.15,1
2026-09-17 16:13:29,2026-09-17,2026-09-17T16:13:48+00:00,1659.0,SPX,7633.54,11718,-6516059668.68,7646.732,0.001728,7800.0,7500.0,negative,0.12575,0.13945,0.0137,-0.0429,STEEP,961188.0,1045289.0,1.0875,45,0.15,1
2026-09-17 16:13:08,2026-09-17,2026-09-17T16:13:48+00:00,1659.0,SPY,762.1103,4232,-6300102753.56,764.4257,0.003038,780.0,745.0,negative,0.1251,0.14105,0.01595,-0.0443,STEEP,2920269.0,2786624.0,0.9542,45,0.15,1
2026-09-17 16:13:03,2026-09-17,2026-09-17T16:13:48+00:00,1659.0,QQQ,716.335,3916,3047828054.6,712.896,-0.004801,720.0,700.0,positive,0.17235,0.1978,0.02545,-0.052,STEEP,1620093.0,1955250.0,1.2069,45,0.15,1
2026-09-17 16:13:03,2026-09-17,2026-09-17T16:13:48+00:00,1659.0,IWM,287.0251,2368,-5735643318.48,293.7158,0.023311,295.0,285.0,negative,0.1715,0.18945,0.01795,-0.0429,STEEP,249254.0,508750.0,2.0411,45,0.15,1
2026-09-17 16:30:29,2026-09-17,2026-09-17T16:31:08+00:00,1040.0,SPX,7633.7402,11718,-6820480962.57,7645.9241,0.001596,7800.0,7500.0,negative,0.12525,0.1392,0.01395,-0.0438,STEEP,1027077.0,1116896.0,1.0875,45,0.15,1
2026-09-17 16:30:09,2026-09-17,2026-09-17T16:31:08+00:00,1040.0,SPY,762.275,4232,-6099111435.67,764.5752,0.003017,780.0,745.0,negative,0.12475,0.1407,0.01595,-0.0446,STEEP,3131739.0,2986748.0,0.9537,45,0.15,1
2026-09-17 16:30:04,2026-09-17,2026-09-17T16:31:08+00:00,1040.0,QQQ,716.6501,3916,3164471738.8,713.2021,-0.004811,720.0,700.0,positive,0.17005,0.1974,0.02735,-0.051,STEEP,1705474.0,2077094.0,1.2179,45,0.15,1
2026-09-17 16:30:03,2026-09-17,2026-09-17T16:31:08+00:00,1040.0,IWM,287.24,2366,-5650026119.13,294.6398,0.025762,295.0,285.0,negative,0.17105,0.1889,0.01785,-0.0439,STEEP,261268.0,520657.0,1.9928,45,0.15,1
2026-09-17 16:54:07,2026-09-17,2026-09-17T16:54:28+00:00,1400.0,SPX,7634.0801,11718,-6481175042.35,7646.0488,0.001568,7800.0,7500.0,negative,0.12525,0.1391,0.01385,-0.0443,STEEP,1092759.0,1203912.0,1.1017,45,0.15,1
2026-09-17 16:54:09,2026-09-17,2026-09-17T16:54:28+00:00,1400.0,SPY,762.23,4232,-6202071225.24,764.5776,0.00308,780.0,745.0,negative,0.12465,0.1406,0.01595,-0.0447,STEEP,3321947.0,3236274.0,0.9742,45,0.15,1
2026-09-17 16:54:04,2026-09-17,2026-09-17T16:54:28+00:00,1400.0,QQQ,716.475,3914,3201436067.82,713.4796,-0.004181,720.0,700.0,positive,0.17035,0.19665,0.0263,-0.0513,STEEP,1829790.0,2237307.0,1.2227,45,0.15,1
2026-09-17 16:54:04,2026-09-17,2026-09-17T16:54:28+00:00,1400.0,IWM,286.93,2336,-5864617621.73,294.6641,0.026955,295.0,285.0,negative,0.16965,0.18835,0.0187,-0.0443,STEEP,278529.0,541909.0,1.9456,45,0.15,1
2026-09-17 17:10:31,2026-09-17,2026-09-17T17:10:52+00:00,984.0,SPX,7631.7402,11718,-5165425953.55,7642.7578,0.001444,7800.0,7500.0,negative,0.1255,0.1394,0.0139,-0.0424,STEEP,1149077.0,1266100.0,1.1018,45,0.15,1
2026-09-17 17:10:10,2026-09-17,2026-09-17T17:10:52+00:00,984.0,SPY,762.4,4226,-5974046164.76,764.5104,0.002768,780.0,745.0,negative,0.1241,0.14045,0.01635,-0.0434,STEEP,3453453.0,3366300.0,0.9748,45,0.15,1
2026-09-17 17:10:05,2026-09-17,2026-09-17T17:10:52+00:00,984.0,QQQ,716.6895,3916,3370348171.1,713.0687,-0.005052,720.0,700.0,positive,0.1692,0.1965,0.0273,-0.0512,STEEP,1885812.0,2315860.0,1.228,45,0.15,1
2026-09-17 17:10:04,2026-09-17,2026-09-17T17:10:52+00:00,984.0,IWM,286.925,2336,-5913427413.5,293.3483,0.022387,295.0,285.0,negative,0.16865,0.1878,0.01915,-0.0437,STEEP,284425.0,551903.0,1.9404,45,0.15,1
2026-09-17 17:25:32,2026-09-17,2026-09-17T17:25:40+00:00,888.0,SPX,7634.9302,11718,-5686598319.29,7642.1506,0.000946,7800.0,7500.0,negative,0.1253,0.13905,0.01375,-0.0424,STEEP,1216849.0,1357150.0,1.1153,45,0.15,1
2026-09-17 17:25:10,2026-09-17,2026-09-17T17:25:40+00:00,888.0,SPY,762.33,4232,-6023096025.64,764.2158,0.002474,780.0,745.0,negative,0.1246,0.14065,0.01605,-0.0434,STEEP,3715974.0,3658849.0,0.9846,45,0.15,1
2026-09-17 17:25:05,2026-09-17,2026-09-17T17:25:40+00:00,888.0,QQQ,716.74,3916,3406081196.61,712.8841,-0.00538,720.0,700.0,positive,0.1698,0.1962,0.0264,-0.0512,STEEP,2029414.0,2508262.0,1.236,45,0.15,1
2026-09-17 17:25:05,2026-09-17,2026-09-17T17:25:40+00:00,888.0,IWM,286.68,2336,-6027549155.57,293.3795,0.023369,295.0,285.0,negative,0.16895,0.18795,0.019,-0.0455,STEEP,298073.0,571417.0,1.917,45,0.15,1
2026-09-17 17:40:32,2026-09-17,2026-09-17T17:40:58+00:00,918.0,SPX,7631.3398,11718,-7853044194.18,7643.0549,0.001535,7800.0,7500.0,negative,0.12575,0.1394,0.01365,-0.0425,STEEP,1264466.0,1408865.0,1.1142,45,0.15,1
2026-09-17 17:40:11,2026-09-17,2026-09-17T17:40:58+00:00,918.0,SPY,761.96,4232,-6521684081.05,764.1927,0.00293,780.0,745.0,negative,0.12435,0.1404,0.01605,-0.0446,STEEP,3858477.0,3872712.0,1.0037,45,0.15,1
2026-09-17 17:40:06,2026-09-17,2026-09-17T17:40:58+00:00,918.0,QQQ,716.295,3916,3270644211.37,712.8279,-0.00484,720.0,700.0,positive,0.1697,0.19575,0.02605,-0.0511,STEEP,2101880.0,2608000.0,1.2408,45,0.15,1
2026-09-17 17:40:05,2026-09-17,2026-09-17T17:40:58+00:00,918.0,IWM,286.46,2336,-6173302295.72,293.4002,0.024227,295.0,285.0,negative,0.1707,0.18725,0.01655,-0.0454,STEEP,307695.0,584471.0,1.8995,45,0.15,1
2026-09-17 17:53:09,2026-09-17,2026-09-17T17:53:34+00:00,756.0,SPX,7633.6899,11718,-5803290272.39,7639.5624,0.000769,7800.0,7500.0,negative,0.12495,0.1389,0.01395,-0.0449,STEEP,1303580.0,1452785.0,1.1145,45,0.15,1
2026-09-17 17:53:11,2026-09-17,2026-09-17T17:53:34+00:00,756.0,SPY,762.28,4232,-6018453636.09,764.5203,0.002939,780.0,745.0,negative,0.12415,0.1402,0.01605,-0.0448,STEEP,3970286.0,4025393.0,1.0139,45,0.15,1
2026-09-17 17:53:06,2026-09-17,2026-09-17T17:53:34+00:00,756.0,QQQ,716.3568,3916,3395482679.07,712.8068,-0.004956,720.0,700.0,positive,0.16915,0.19515,0.026,-0.0514,STEEP,2169714.0,2689283.0,1.2395,45,0.15,1
2026-09-17 17:53:06,2026-09-17,2026-09-17T17:53:34+00:00,756.0,IWM,286.525,2336,-6172034700.73,293.3009,0.023649,295.0,285.0,negative,0.1681,0.1867,0.0186,-0.0457,STEEP,326696.0,610728.0,1.8694,45,0.15,1
2026-09-17 18:15:34,2026-09-17,2026-09-17T18:15:43+00:00,1329.0,SPX,7637.3599,11706,-3778336550.1,7640.1924,0.000371,7800.0,7500.0,negative,0.12465,0.13875,0.0141,-0.0435,STEEP,1366770.0,1527722.0,1.1178,45,0.15,1
2026-09-17 18:15:12,2026-09-17,2026-09-17T18:15:43+00:00,1329.0,SPY,762.565,4226,-5615074383.09,764.8578,0.003007,780.0,745.0,negative,0.12275,0.1358,0.01305,-0.0441,STEEP,4163052.0,4219310.0,1.0135,45,0.15,1
2026-09-17 18:15:07,2026-09-17,2026-09-17T18:15:43+00:00,1329.0,QQQ,716.58,3916,3607428351.24,713.3949,-0.004445,720.0,700.0,positive,0.16825,0.195,0.02675,-0.0513,STEEP,2261571.0,2823376.0,1.2484,45,0.15,1
2026-09-17 18:15:06,2026-09-17,2026-09-17T18:15:43+00:00,1329.0,IWM,286.63,2336,-6181574275.34,294.7792,0.028431,295.0,285.0,negative,0.16705,0.1864,0.01935,-0.0449,STEEP,334723.0,659669.0,1.9708,45,0.15,1
2026-09-17 18:43:35,2026-09-17,2026-09-17T18:44:08+00:00,1705.0,SPX,7638.1602,11706,-2878230797.18,7641.9753,0.000499,7800.0,7500.0,negative,0.1241,0.1384,0.0143,-0.0418,STEEP,1500202.0,1639092.0,1.0926,45,0.15,1
2026-09-17 18:43:13,2026-09-17,2026-09-17T18:44:08+00:00,1705.0,SPY,762.705,4226,-5397582284.9,764.7355,0.002662,780.0,745.0,negative,0.1227,0.1359,0.0132,-0.0441,STEEP,4436074.0,4499305.0,1.0143,45,0.15,1
2026-09-17 18:43:08,2026-09-17,2026-09-17T18:44:08+00:00,1705.0,QQQ,716.37,3916,3626713626.62,713.2438,-0.004364,720.0,700.0,positive,0.16845,0.19455,0.0261,-0.0512,STEEP,2371465.0,2969954.0,1.2524,45,0.15,1
2026-09-17 18:43:07,2026-09-17,2026-09-17T18:44:08+00:00,1705.0,IWM,286.32,2336,-6302588423.18,292.8764,0.022899,295.0,285.0,negative,0.1697,0.1862,0.0165,-0.0446,STEEP,347480.0,712180.0,2.0496,45,0.15,1
2026-09-17 18:57:36,2026-09-17,2026-09-17T18:58:05+00:00,837.0,SPX,7633.73,11718,-5629654426.12,7652.3209,0.002435,7800.0,7500.0,negative,0.1247,0.13885,0.01415,-0.0436,STEEP,1558081.0,1708577.0,1.0966,45,0.15,1
2026-09-17 18:57:13,2026-09-17,2026-09-17T18:58:05+00:00,837.0,SPY,762.3,4232,-5943692852.04,764.3159,0.002644,780.0,745.0,negative,0.12405,0.1404,0.01635,-0.0437,STEEP,4564697.0,4666321.0,1.0223,45,0.15,1
2026-09-17 18:57:08,2026-09-17,2026-09-17T18:58:05+00:00,837.0,QQQ,716.01,3916,3598453688.66,712.811,-0.004468,720.0,700.0,positive,0.16945,0.19475,0.0253,-0.0523,STEEP,2434834.0,3075764.0,1.2632,45,0.15,1
2026-09-17 18:57:08,2026-09-17,2026-09-17T18:58:05+00:00,837.0,IWM,286.155,2336,-6346499752.09,293.2595,0.024827,295.0,285.0,negative,0.16995,0.18615,0.0162,-0.0451,STEEP,354269.0,752903.0,2.1252,45,0.15,1
2026-09-17 19:15:36,2026-09-17,2026-09-17T19:15:53+00:00,1068.0,SPX,7636.6602,11706,-4022885562.42,7650.9082,0.001866,7800.0,7500.0,negative,0.1248,0.13895,0.01415,-0.0429,STEEP,1611827.0,1799368.0,1.1164,45,0.15,1
2026-09-17 19:15:14,2026-09-17,2026-09-17T19:15:53+00:00,1068.0,SPY,762.46,4226,-5612065916.94,754.4671,-0.010483,780.0,745.0,negative,0.12415,0.1405,0.01635,-0.0436,STEEP,4726277.0,4805607.0,1.0168,45,0.15,1
2026-09-17 19:15:09,2026-09-17,2026-09-17T19:15:53+00:00,1068.0,QQQ,716.315,3916,3723646661.36,713.7752,-0.003546,720.0,700.0,positive,0.1705,0.19485,0.02435,-0.0515,STEEP,2506862.0,3180294.0,1.2686,45,0.15,1
2026-09-17 19:15:09,2026-09-17,2026-09-17T19:15:53+00:00,1068.0,IWM,286.13,2336,-6348625613.12,294.348,0.028721,295.0,284.0,negative,0.1693,0.18565,0.01635,-0.0445,STEEP,376649.0,776203.0,2.0608,45,0.15,1
2026-09-17 19:39:37,2026-09-17,2026-09-17T19:39:56+00:00,1443.0,SPX,7637.9902,11706,-4124612331.68,7656.2067,0.002385,7800.0,7500.0,negative,0.12405,0.1384,0.01435,-0.041,STEEP,1725793.0,1923415.0,1.1145,45,0.15,1
2026-09-17 19:39:15,2026-09-17,2026-09-17T19:39:56+00:00,1443.0,SPY,762.7,4226,-5443014776.6,764.479,0.002332,780.0,745.0,negative,0.1229,0.1359,0.013,-0.0432,STEEP,4977934.0,5062184.0,1.0169,45,0.15,1
2026-09-17 19:39:10,2026-09-17,2026-09-17T19:39:56+00:00,1443.0,QQQ,716.695,3916,3736379578.31,713.4381,-0.004544,720.0,700.0,positive,0.17035,0.1958,0.02545,-0.05,STEEP,2651371.0,3422239.0,1.2907,45,0.15,1
2026-09-17 19:39:09,2026-09-17,2026-09-17T19:39:56+00:00,1443.0,IWM,285.78,2326,-6536173349.71,292.1669,0.022349,295.0,284.0,negative,0.16905,0.18555,0.0165,-0.0453,STEEP,394998.0,810855.0,2.0528,45,0.15,1
2026-09-17 19:51:37,2026-09-17,2026-09-17T19:52:15+00:00,739.0,SPX,7641.0698,11706,-2760610217.2,7653.1141,0.001576,7800.0,7500.0,negative,0.12395,0.1384,0.01445,-0.0431,STEEP,1780730.0,1978570.0,1.1111,45,0.15,1
2026-09-17 19:51:15,2026-09-17,2026-09-17T19:52:15+00:00,739.0,SPY,762.97,4226,-5409738559.91,765.1976,0.00292,780.0,745.0,negative,0.1228,0.13595,0.01315,-0.0434,STEEP,5104113.0,5204172.0,1.0196,45,0.15,1
2026-09-17 19:51:10,2026-09-17,2026-09-17T19:52:15+00:00,739.0,QQQ,717.13,3916,3689257033.13,714.1576,-0.004145,720.0,700.0,positive,0.1703,0.1956,0.0253,-0.0503,STEEP,2732104.0,3542359.0,1.2966,45,0.15,1
2026-09-17 19:51:09,2026-09-17,2026-09-17T19:52:15+00:00,739.0,IWM,285.815,2326,-6531601978.41,294.1092,0.029019,295.0,284.0,negative,0.169,0.1856,0.0166,-0.0424,STEEP,404835.0,838652.0,2.0716,45,0.15,1
2026-09-17 20:12:39,2026-09-17,2026-09-17T20:13:19+00:00,1264.0,SPX,7641.9302,11258,-13253569987.01,7677.3998,0.004641,7800.0,7500.0,negative,0.1243,0.13855,0.01425,-0.0427,STEEP,537911.0,793845.0,1.4758,45,0.15,1
2026-09-17 20:12:16,2026-09-17,2026-09-17T20:13:19+00:00,1264.0,SPY,763.155,3986,-7747604744.05,766.076,0.003828,780.0,760.0,negative,0.1232,0.136,0.0128,-0.0414,STEEP,1748947.0,1627533.0,0.9306,45,0.15,1
2026-09-17 20:12:10,2026-09-17,2026-09-17T20:13:19+00:00,1264.0,QQQ,717.525,3650,972651636.58,715.9371,-0.002213,725.0,700.0,positive,0.16995,0.19205,0.0221,-0.0493,STEEP,983158.0,1236708.0,1.2579,45,0.15,1
2026-09-17 20:12:10,2026-09-17,2026-09-17T20:13:19+00:00,1264.0,IWM,285.685,2184,-6544901272.6,292.4569,0.023704,295.0,284.0,negative,0.16885,0.1855,0.01665,-0.0445,STEEP,229493.0,641932.0,2.7972,45,0.15,1
2026-09-17 20:29:39,2026-09-17,2026-09-17T20:30:12+00:00,1013.0,SPX,7637.7598,11260,-18937459377.45,7672.5126,0.00455,7800.0,7500.0,negative,0.1235,0.1381,0.0146,-0.0413,STEEP,582567.0,855454.0,1.4684,45,0.15,1
2026-09-17 20:29:16,2026-09-17,2026-09-17T20:30:12+00:00,1013.0,SPY,762.43,3986,-8662925795.51,765.602,0.00416,780.0,745.0,negative,0.1235,0.14015,0.01665,-0.0425,STEEP,2089017.0,1730343.0,0.8283,45,0.15,1
2026-09-17 20:29:11,2026-09-17,2026-09-17T20:30:12+00:00,1013.0,QQQ,716.52,3620,583685957.09,715.3308,-0.00166,720.0,700.0,positive,0.1699,0.1956,0.0257,-0.0491,STEEP,1016248.0,1318996.0,1.2979,45,0.15,1
2026-09-17 20:29:11,2026-09-17,2026-09-17T20:30:12+00:00,1013.0,IWM,285.21,2172,-6744521133.1,293.2351,0.028137,295.0,284.0,negative,0.171,0.18535,0.01435,-0.0438,STEEP,239172.0,759458.0,3.1754,45,0.15,1
2026-09-17 20:43:40,2026-09-17,2026-09-17T20:44:18+00:00,846.0,SPX,7637.7598,11260,-20622453343.31,7670.6417,0.004305,7800.0,7500.0,negative,0.12355,0.1381,0.01455,-0.04,STEEP,583907.0,859181.0,1.4714,45,0.15,1
2026-09-17 20:43:12,2026-09-17,2026-09-17T20:44:18+00:00,846.0,QQQ,716.25,3622,543736781.76,715.3393,-0.001271,720.0,700.0,positive,0.17085,0.19535,0.0245,-0.0492,STEEP,1017804.0,1324995.0,1.3018,45,0.15,1
2026-09-17 20:43:11,2026-09-17,2026-09-17T20:44:18+00:00,846.0,IWM,285.15,2172,-6737034290.91,292.3733,0.025332,295.0,284.0,negative,0.17095,0.1853,0.01435,-0.0445,STEEP,239906.0,759979.0,3.1678,45,0.15,1
2026-09-17 20:54:41,2026-09-17,2026-09-17T20:55:23+00:00,665.0,SPX,7637.7598,11260,-20305762260.8,7672.7187,0.004577,7800.0,7500.0,negative,0.1236,0.1382,0.0146,-0.0403,STEEP,583907.0,859181.0,1.4714,45,0.15,1
2026-09-17 20:54:17,2026-09-17,2026-09-17T20:55:23+00:00,1511.0,SPY,762.22,3992,-8728047163.64,765.6923,0.004556,780.0,745.0,negative,0.1236,0.1398,0.0162,-0.0424,STEEP,2092384.0,1743005.0,0.833,45,0.15,1
2026-09-17 20:54:12,2026-09-17,2026-09-17T20:55:23+00:00,665.0,QQQ,716.28,3622,543782331.34,715.3338,-0.001321,720.0,700.0,positive,0.17085,0.19535,0.0245,-0.0492,STEEP,1017804.0,1324995.0,1.3018,45,0.15,1
2026-09-17 20:54:12,2026-09-17,2026-09-17T20:55:23+00:00,665.0,IWM,285.1,2172,-6734671869.86,292.3654,0.025484,295.0,283.0,negative,0.17095,0.1853,0.01435,-0.0445,STEEP,239906.0,759979.0,3.1678,45,0.15,1
2026-09-18 13:11:18,2026-09-18,2026-09-18T13:12:01+00:00,58598.0,SPX,7637.7598,11682,-17653363607.56,7651.5878,0.00181,7800.0,7500.0,negative,0.12305,0.1386,0.01555,-0.0411,STEEP,583907.0,859181.0,1.4714,45,0.15,1
2026-09-18 13:11:08,2026-09-18,2026-09-18T13:12:01+00:00,58598.0,SPY,760.45,4152,-8455821095.42,764.9624,0.005934,770.0,745.0,negative,0.12575,0.1398,0.01405,-0.0424,STEEP,2092592.0,1742940.0,0.8329,45,0.15,1
2026-09-18 13:11:04,2026-09-18,2026-09-18T13:12:01+00:00,58598.0,QQQ,718.04,3810,-998405210.08,717.3278,-0.000992,725.0,700.0,negative,0.1688,0.1917,0.0229,-0.0492,STEEP,1018655.0,1316007.0,1.2919,45,0.15,1
2026-09-18 13:11:14,2026-09-18,2026-09-18T13:12:01+00:00,58598.0,IWM,284.5,2260,-6559503228.02,291.0129,0.022893,295.0,283.0,negative,0.1737,0.1853,0.0116,-0.0445,STEEP,239906.0,759979.0,3.1678,45,0.15,1
2026-09-18 13:27:18,2026-09-18,2026-09-18T13:28:16+00:00,975.0,SPX,7637.7598,11682,-17681597928.95,7651.4065,0.001787,7800.0,7500.0,negative,0.1224,0.13825,0.01585,-0.0409,STEEP,583907.0,859181.0,1.4714,45,0.15,1
2026-09-18 13:27:08,2026-09-18,2026-09-18T13:28:16+00:00,975.0,SPY,760.54,4152,-8457822723.23,764.959,0.00581,770.0,745.0,negative,0.12475,0.1398,0.01505,-0.0424,STEEP,2092592.0,1742940.0,0.8329,45,0.15,1
2026-09-18 13:27:05,2026-09-18,2026-09-18T13:28:16+00:00,975.0,QQQ,718.11,3810,-998599883.83,717.3299,-0.001086,725.0,700.0,negative,0.1688,0.1917,0.0229,-0.0492,STEEP,1018655.0,1316007.0,1.2919,45,0.15,1
2026-09-18 13:46:01,2026-09-18,2026-09-18T13:44:45+00:00,989.0,QQQ,718.81,3812,1504417851.57,717.394,-0.00197,725.0,690.0,positive,0.16895,0.19425,0.0253,-0.0494,STEEP,20529.0,26332.0,1.2827,45,0.15,1
2026-09-18 13:46:10,2026-09-18,2026-09-18T13:44:45+00:00,1964.0,IWM,285.0,2258,-7369584773.15,291.6542,0.023348,300.0,283.0,negative,0.1675,0.18385,0.01635,-0.0433,STEEP,5090.0,9806.0,1.9265,45,0.15,1
2026-09-18 13:56:15,2026-09-18,2026-09-18T13:56:49+00:00,1713.0,SPX,7642.0601,11680,-13982696715.13,7651.5672,0.001244,7800.0,7500.0,negative,0.1211,0.13795,0.01685,-0.0401,STEEP,112877.0,131307.0,1.1633,45,0.15,1
2026-09-18 13:56:06,2026-09-18,2026-09-18T13:56:49+00:00,1713.0,SPY,761.03,4182,-10439364156.06,764.1991,0.004164,770.0,745.0,negative,0.1232,0.14015,0.01695,-0.0406,STEEP,213385.0,264823.0,1.2411,45,0.15,1
2026-09-18 13:56:04,2026-09-18,2026-09-18T13:56:49+00:00,724.0,QQQ,719.16,3812,2070784984.61,717.4163,-0.002425,725.0,690.0,positive,0.16665,0.19195,0.0253,-0.0475,STEEP,170550.0,170038.0,0.997,45,0.15,1
2026-09-18 13:56:13,2026-09-18,2026-09-18T13:56:49+00:00,724.0,IWM,283.6007,2248,-7965037209.54,292.1862,0.030273,300.0,280.0,negative,0.1694,0.18295,0.01355,-0.0457,STEEP,41714.0,101985.0,2.4449,45,0.15,1
2026-09-18 14:15:05,2026-09-18,2026-09-18T14:15:30+00:00,1121.0,SPX,7627.4302,11690,-30436194519.9,7649.5676,0.002902,7800.0,7500.0,negative,0.1223,0.13885,0.01655,-0.0411,STEEP,280744.0,331017.0,1.1791,45,0.15,1
2026-09-18 14:15:07,2026-09-18,2026-09-18T14:15:30+00:00,1121.0,SPY,759.54,4158,-13802414796.46,763.9871,0.005855,770.0,745.0,negative,0.1238,0.1394,0.0156,-0.0423,STEEP,495148.0,753318.0,1.5214,45,0.15,1
2026-09-18 14:15:04,2026-09-18,2026-09-18T14:15:30+00:00,1121.0,QQQ,717.78,3810,504144136.88,717.3171,-0.000645,725.0,690.0,positive,0.1677,0.1919,0.0242,-0.047,STEEP,398952.0,517151.0,1.2963,45,0.15,1
2026-09-18 14:15:13,2026-09-18,2026-09-18T14:15:30+00:00,1121.0,IWM,282.96,2238,-8083219706.93,289.6415,0.023613,300.0,280.0,negative,0.17365,0.1842,0.01055,-0.0452,STEEP,81615.0,327743.0,4.0157,45,0.15,1
2026-09-18 14:41:06,2026-09-18,2026-09-18T14:41:24+00:00,1554.0,SPX,7622.1201,11702,-35539137346.82,7648.1428,0.003414,7800.0,7500.0,negative,0.12335,0.1392,0.01585,-0.0408,STEEP,496130.0,565088.0,1.139,45,0.15,1
2026-09-18 14:41:08,2026-09-18,2026-09-18T14:41:24+00:00,1554.0,SPY,759.17,4158,-14952858942.89,764.0002,0.006362,770.0,755.0,negative,0.12565,0.13955,0.0139,-0.0435,STEEP,971869.0,1369734.0,1.4094,45,0.15,1
2026-09-18 14:41:05,2026-09-18,2026-09-18T14:41:24+00:00,1554.0,QQQ,716.71,3810,-875764048.13,717.0463,0.000469,720.0,690.0,negative,0.16865,0.19595,0.0273,-0.0514,STEEP,800493.0,955131.0,1.1932,45,0.15,1
2026-09-18 14:41:14,2026-09-18,2026-09-18T14:41:24+00:00,1554.0,IWM,283.11,2238,-8285285215.98,289.6897,0.023241,300.0,280.0,negative,0.17345,0.1842,0.01075,-0.0432,STEEP,156750.0,429662.0,2.7411,45,0.15,1
2026-09-18 14:54:06,2026-09-18,2026-09-18T14:54:53+00:00,809.0,SPX,7624.1401,11690,-34492115932.8,7648.4733,0.003192,7800.0,7500.0,negative,0.12185,0.1382,0.01635,-0.0407,STEEP,586410.0,635230.0,1.0833,45,0.15,1
2026-09-18 14:54:08,2026-09-18,2026-09-18T14:54:53+00:00,809.0,SPY,759.34,4158,-15119352640.59,763.9872,0.00612,772.0,745.0,negative,0.12465,0.13895,0.0143,-0.0424,STEEP,1095860.0,1514323.0,1.3819,45,0.15,1
2026-09-18 14:54:05,2026-09-18,2026-09-18T14:54:53+00:00,809.0,QQQ,716.78,3810,-866737294.32,717.4544,0.000941,720.0,690.0,negative,0.16695,0.19525,0.0283,-0.0493,STEEP,911846.0,1050757.0,1.1523,45,0.15,1
2026-09-18 14:54:15,2026-09-18,2026-09-18T14:54:53+00:00,809.0,IWM,283.2,2238,-8363221294.67,289.6597,0.02281,300.0,282.0,negative,0.17215,0.1832,0.01105,-0.0438,STEEP,170867.0,461753.0,2.7024,45,0.15,1
2026-09-18 15:12:18,2026-09-18,2026-09-18T15:12:28+00:00,1055.0,SPX,7627.6401,11690,-31290208149.72,7648.3821,0.002719,7800.0,7500.0,negative,0.1212,0.13765,0.01645,-0.0396,STEEP,695428.0,753246.0,1.0831,45,0.15,1
2026-09-18 15:12:09,2026-09-18,2026-09-18T15:12:28+00:00,1055.0,SPY,759.66,4158,-14131860627.2,764.0025,0.005716,770.0,745.0,negative,0.1235,0.1389,0.0154,-0.0425,STEEP,1414255.0,1765282.0,1.2482,45,0.15,1
2026-09-18 15:12:06,2026-09-18,2026-09-18T15:12:28+00:00,1055.0,QQQ,717.31,3810,-42165311.13,717.2818,-3.9e-05,725.0,690.0,negative,0.168,0.1953,0.0273,-0.05,STEEP,1100147.0,1216448.0,1.1057,45,0.15,1
2026-09-18 15:12:15,2026-09-18,2026-09-18T15:12:28+00:00,1055.0,IWM,283.16,2238,-8469082463.74,292.0378,0.031352,300.0,282.0,negative,0.17155,0.1829,0.01135,-0.0434,STEEP,189047.0,501587.0,2.6532,45,0.15,1
2026-09-18 15:28:07,2026-09-18,2026-09-18T15:28:55+00:00,987.0,SPX,7626.3701,11690,-32852785176.13,7647.9371,0.002828,7800.0,7500.0,negative,0.12205,0.13825,0.0162,-0.0412,STEEP,756437.0,817284.0,1.0804,45,0.15,1
2026-09-18 15:28:09,2026-09-18,2026-09-18T15:28:55+00:00,987.0,SPY,759.57,4158,-14559649490.19,763.9653,0.005787,770.0,745.0,negative,0.12355,0.1389,0.01535,-0.0425,STEEP,1592599.0,1923871.0,1.208,45,0.15,1
2026-09-18 15:28:06,2026-09-18,2026-09-18T15:28:55+00:00,987.0,QQQ,716.81,3810,-798756230.22,716.8885,0.00011,720.0,690.0,negative,0.16875,0.19585,0.0271,-0.0506,STEEP,1233278.0,1326607.0,1.0757,45,0.15,1
2026-09-18 15:28:16,2026-09-18,2026-09-18T15:28:55+00:00,987.0,IWM,282.73,2238,-8441182222.89,289.8628,0.025228,300.0,280.0,negative,0.17135,0.18255,0.0112,-0.0441,STEEP,206521.0,517965.0,2.5081,45,0.15,1
2026-09-18 15:44:08,2026-09-18,2026-09-18T15:44:37+00:00,942.0,SPX,7629.8101,11688,-29371135473.04,7648.617,0.002465,7800.0,7500.0,negative,0.121,0.13765,0.01665,-0.0416,STEEP,814806.0,898481.0,1.1027,45,0.15,1
2026-09-18 15:44:10,2026-09-18,2026-09-18T15:44:37+00:00,942.0,SPY,759.93,4158,-14076321843.38,763.9311,0.005265,770.0,745.0,negative,0.12305,0.1389,0.01585,-0.0414,STEEP,1710155.0,2047502.0,1.1973,45,0.15,1
2026-09-18 15:44:07,2026-09-18,2026-09-18T15:44:37+00:00,942.0,QQQ,717.17,3810,-249294335.08,717.3574,0.000261,725.0,690.0,negative,0.1683,0.19575,0.02745,-0.0493,STEEP,1339851.0,1440985.0,1.0755,45,0.15,1
2026-09-18 15:44:16,2026-09-18,2026-09-18T15:44:37+00:00,942.0,IWM,283.02,2238,-8697162634.02,291.2285,0.029003,300.0,280.0,negative,0.16995,0.18135,0.0114,-0.0415,STEEP,219189.0,534902.0,2.4404,45,0.15,1
2026-09-18 15:56:08,2026-09-18,2026-09-18T15:56:44+00:00,727.0,SPX,7622.04,11702,-37981974008.03,7647.6475,0.00336,7800.0,7500.0,negative,0.1223,0.1386,0.0163,-0.0414,STEEP,864196.0,952198.0,1.1018,45,0.15,1
2026-09-18 15:56:10,2026-09-18,2026-09-18T15:56:44+00:00,727.0,SPY,759.16,4158,-15772562410.18,763.8218,0.006141,770.0,745.0,negative,0.1243,0.1389,0.0146,-0.0422,STEEP,1846515.0,2213295.0,1.1986,45,0.15,1
2026-09-18 15:56:07,2026-09-18,2026-09-18T15:56:44+00:00,727.0,QQQ,716.41,3810,-1489378593.44,716.8598,0.000628,720.0,690.0,negative,0.16925,0.19545,0.0262,-0.051,STEEP,1426527.0,1688809.0,1.1839,45,0.15,1
2026-09-18 15:56:17,2026-09-18,2026-09-18T15:56:44+00:00,727.0,IWM,283.06,2238,-8769246857.42,292.8176,0.034472,300.0,280.0,negative,0.17065,0.1816,0.01095,-0.0415,STEEP,235863.0,552131.0,2.3409,45,0.15,1
2026-09-18 16:13:09,2026-09-18,2026-09-18T16:13:32+00:00,1008.0,SPX,7620.48,11702,-40088049174.4,7646.731,0.003445,7800.0,7500.0,negative,0.1228,0.1389,0.0161,-0.0414,STEEP,919501.0,1009036.0,1.0974,45,0.15,1
2026-09-18 16:13:11,2026-09-18,2026-09-18T16:13:32+00:00,1008.0,SPY,758.92,4158,-16802224108.54,763.6928,0.006289,770.0,745.0,negative,0.125,0.1392,0.0142,-0.0436,STEEP,1993657.0,2385891.0,1.1967,45,0.15,1
2026-09-18 16:13:08,2026-09-18,2026-09-18T16:13:32+00:00,1008.0,QQQ,716.2801,3810,-1692800361.33,716.5997,0.000446,720.0,690.0,negative,0.1691,0.19565,0.02655,-0.0517,STEEP,1542281.0,1770202.0,1.1478,45,0.15,1
2026-09-18 16:13:17,2026-09-18,2026-09-18T16:13:32+00:00,1008.0,IWM,282.89,2238,-8806999695.2,289.6437,0.023874,300.0,280.0,negative,0.1719,0.1823,0.0104,-0.0415,STEEP,251776.0,575692.0,2.2865,45,0.15,1
2026-09-18 16:28:09,2026-09-18,2026-09-18T16:29:12+00:00,940.0,SPX,7621.4902,11702,-38653337360.85,7646.7229,0.003311,7800.0,7500.0,negative,0.12255,0.1387,0.01615,-0.0414,STEEP,973782.0,1078864.0,1.1079,45,0.15,1
2026-09-18 16:28:11,2026-09-18,2026-09-18T16:29:12+00:00,940.0,SPY,759.06,4158,-16495120820.6,763.6898,0.006099,772.0,745.0,negative,0.1247,0.139,0.0143,-0.0434,STEEP,2155626.0,2570608.0,1.1925,45,0.15,1
2026-09-18 16:28:08,2026-09-18,2026-09-18T16:29:12+00:00,940.0,QQQ,716.44,3810,-1421378695.44,717.3046,0.001207,720.0,690.0,negative,0.16845,0.1952,0.02675,-0.0514,STEEP,1629308.0,1854446.0,1.1382,45,0.15,1
2026-09-18 16:28:18,2026-09-18,2026-09-18T16:29:12+00:00,940.0,IWM,282.7,2238,-8961747306.45,289.5672,0.024291,300.0,280.0,negative,0.17095,0.1825,0.01155,-0.0401,STEEP,261744.0,620618.0,2.3711,45,0.15,1
2026-09-18 16:43:10,2026-09-18,2026-09-18T16:43:52+00:00,880.0,SPX,7616.3198,11720,-42613682941.47,7644.3854,0.003685,7800.0,7500.0,negative,0.1226,0.1391,0.0165,-0.0424,STEEP,1048475.0,1157091.0,1.1036,45,0.15,1
2026-09-18 16:43:29,2026-09-18,2026-09-18T16:43:52+00:00,880.0,SPY,758.69,4188,-17473175265.68,763.5657,0.006426,772.0,755.0,negative,0.12505,0.13905,0.014,-0.0437,STEEP,2346962.0,2806468.0,1.1958,45,0.15,1
2026-09-18 16:43:09,2026-09-18,2026-09-18T16:43:52+00:00,880.0,QQQ,715.81,3810,-2351066301.76,717.186,0.001922,720.0,690.0,negative,0.16915,0.1949,0.02575,-0.0523,STEEP,1774168.0,1969669.0,1.1102,45,0.15,1
2026-09-18 16:43:18,2026-09-18,2026-09-18T16:43:52+00:00,880.0,IWM,282.66,2238,-8820203394.07,289.522,0.024276,300.0,280.0,negative,0.17225,0.18295,0.0107,-0.0437,STEEP,273767.0,635484.0,2.3213,45,0.15,1
2026-09-18 16:54:23,2026-09-18,2026-09-18T16:55:07+00:00,675.0,SPX,7619.2798,11702,-41517969030.91,7647.0828,0.003649,7800.0,7500.0,negative,0.1224,0.13855,0.01615,-0.0426,STEEP,1106483.0,1210731.0,1.0942,45,0.15,1
2026-09-18 16:54:12,2026-09-18,2026-09-18T16:55:07+00:00,675.0,SPY,758.86,4158,-16699084218.5,763.5797,0.006219,772.0,745.0,negative,0.12455,0.1389,0.01435,-0.044,STEEP,2508007.0,2973428.0,1.1856,45,0.15,1
2026-09-18 16:54:09,2026-09-18,2026-09-18T16:55:07+00:00,675.0,QQQ,716.1,3810,-2139376202.47,717.0133,0.001275,720.0,690.0,negative,0.1694,0.19515,0.02575,-0.0515,STEEP,1874425.0,2053216.0,1.0954,45,0.15,1
2026-09-18 16:54:18,2026-09-18,2026-09-18T16:55:07+00:00,675.0,IWM,282.925,2238,-9097542585.08,292.992,0.035582,300.0,280.0,negative,0.17245,0.1831,0.01065,-0.0425,STEEP,284477.0,688560.0,2.4204,45,0.15,1
2026-09-18 17:10:23,2026-09-18,2026-09-18T17:11:05+00:00,958.0,SPX,7624.6899,11690,-36221494470.47,7647.7759,0.003028,7800.0,7500.0,negative,0.122,0.1384,0.0164,-0.0418,STEEP,1162698.0,1268937.0,1.0914,45,0.15,1
2026-09-18 17:10:13,2026-09-18,2026-09-18T17:11:05+00:00,958.0,SPY,759.42,4158,-15952221280.84,763.5113,0.005387,772.0,745.0,negative,0.1248,0.13895,0.01415,-0.0432,STEEP,2680546.0,3119120.0,1.1636,45,0.15,1
2026-09-18 17:10:10,2026-09-18,2026-09-18T17:11:05+00:00,958.0,QQQ,716.72,3810,-1306205391.29,717.2583,0.000751,720.0,690.0,negative,0.1678,0.19495,0.02715,-0.0517,STEEP,1959543.0,2143529.0,1.0939,45,0.15,1
2026-09-18 17:10:19,2026-09-18,2026-09-18T17:11:05+00:00,958.0,IWM,283.17,2238,-9324119491.05,292.6193,0.03337,300.0,282.0,negative,0.17175,0.1827,0.01095,-0.0436,STEEP,301568.0,707091.0,2.3447,45,0.15,1
2026-09-18 17:24:24,2026-09-18,2026-09-18T17:24:57+00:00,832.0,SPX,7624.2202,11690,-36346833400.58,7646.9574,0.002982,7800.0,7500.0,negative,0.12205,0.1384,0.01635,-0.0416,STEEP,1204675.0,1321501.0,1.097,45,0.15,1
2026-09-18 17:24:13,2026-09-18,2026-09-18T17:24:57+00:00,832.0,SPY,759.41,4158,-16523616345.83,763.5247,0.005418,772.0,745.0,negative,0.1246,0.13915,0.01455,-0.0431,STEEP,2771981.0,3222805.0,1.1626,45,0.15,1
2026-09-18 17:24:10,2026-09-18,2026-09-18T17:24:57+00:00,832.0,QQQ,716.94,3810,-954989082.0,717.2506,0.000433,720.0,690.0,negative,0.16715,0.19485,0.0277,-0.0508,STEEP,2040046.0,2212640.0,1.0846,45,0.15,1
2026-09-18 17:24:19,2026-09-18,2026-09-18T17:24:57+00:00,832.0,IWM,283.12,2238,-9501618346.25,289.5651,0.022764,300.0,280.0,negative,0.1719,0.18295,0.01105,-0.0435,STEEP,309431.0,718306.0,2.3214,45,0.15,1
2026-09-18 17:37:24,2026-09-18,2026-09-18T17:37:54+00:00,777.0,SPX,7624.1401,11690,-37412610718.75,7646.9948,0.002998,7800.0,7500.0,negative,0.1221,0.13845,0.01635,-0.0416,STEEP,1240279.0,1363668.0,1.0995,45,0.15,1
2026-09-18 17:37:14,2026-09-18,2026-09-18T17:37:54+00:00,777.0,SPY,759.36,4158,-16967480649.37,763.6509,0.005651,770.0,745.0,negative,0.12495,0.13905,0.0141,-0.0429,STEEP,2848320.0,3329986.0,1.1691,45,0.15,1
2026-09-18 17:37:11,2026-09-18,2026-09-18T17:37:54+00:00,777.0,QQQ,717.08,3810,-753151369.94,717.3879,0.000429,720.0,690.0,negative,0.1672,0.19475,0.02755,-0.0506,STEEP,2105999.0,2280196.0,1.0827,45,0.15,1
2026-09-18 17:37:20,2026-09-18,2026-09-18T17:37:54+00:00,777.0,IWM,283.235,2238,-9605267788.24,292.3518,0.032188,300.0,282.0,negative,0.1719,0.1828,0.0109,-0.0436,STEEP,317196.0,729335.0,2.2993,45,0.15,1
2026-09-18 17:51:25,2026-09-18,2026-09-18T17:51:48+00:00,834.0,SPX,7627.1899,11690,-34426992867.7,7646.6685,0.002554,7800.0,7500.0,negative,0.12165,0.1381,0.01645,-0.0404,STEEP,1279756.0,1413922.0,1.1048,45,0.15,1
2026-09-18 17:51:14,2026-09-18,2026-09-18T17:51:48+00:00,834.0,SPY,759.66,4158,-17226882060.01,763.4694,0.005015,772.0,745.0,negative,0.123,0.1388,0.0158,-0.0432,STEEP,2944193.0,3422498.0,1.1625,45,0.15,1
2026-09-18 17:51:11,2026-09-18,2026-09-18T17:51:48+00:00,834.0,QQQ,717.2799,3810,-434664688.41,717.5931,0.000437,725.0,690.0,negative,0.1659,0.1939,0.028,-0.0506,STEEP,2164299.0,2354904.0,1.0881,45,0.15,1
2026-09-18 17:51:21,2026-09-18,2026-09-18T17:51:48+00:00,834.0,IWM,283.39,2238,-9661653468.66,292.4683,0.032035,300.0,282.0,negative,0.17175,0.18265,0.0109,-0.0442,STEEP,324315.0,765840.0,2.3614,45,0.15,1
2026-09-18 18:13:26,2026-09-18,2026-09-18T18:14:08+00:00,1340.0,SPX,7628.21,11690,-33760859836.17,7647.1124,0.002478,7800.0,7500.0,negative,0.12045,0.1372,0.01675,-0.0404,STEEP,1347494.0,1494136.0,1.1088,45,0.15,1
2026-09-18 18:13:15,2026-09-18,2026-09-18T18:14:08+00:00,1340.0,SPY,759.805,4158,-17023420394.5,763.468,0.004821,772.0,745.0,negative,0.12245,0.13845,0.016,-0.042,STEEP,3132125.0,3587728.0,1.1455,45,0.15,1
2026-09-18 18:13:12,2026-09-18,2026-09-18T18:14:08+00:00,1340.0,QQQ,717.6093,3840,251822933.11,717.536,-0.000102,725.0,690.0,positive,0.1638,0.18955,0.02575,-0.0501,STEEP,2275687.0,2465867.0,1.0836,45,0.15,1
2026-09-18 18:13:21,2026-09-18,2026-09-18T18:14:08+00:00,1340.0,IWM,283.38,2238,-9736140925.28,292.5033,0.032195,300.0,282.0,negative,0.1707,0.1825,0.0118,-0.0437,STEEP,335391.0,777659.0,2.3187,45,0.15,1
2026-09-18 18:31:27,2026-09-18,2026-09-18T18:32:15+00:00,1087.0,SPX,7629.5801,11688,-32940910233.61,7647.2259,0.002313,7800.0,7500.0,negative,0.1205,0.1371,0.0166,-0.0403,STEEP,1400404.0,1557768.0,1.1124,45,0.15,1
2026-09-18 18:31:16,2026-09-18,2026-09-18T18:32:15+00:00,1087.0,SPY,759.88,4158,-17578311789.73,763.6833,0.005005,772.0,745.0,negative,0.1225,0.13825,0.01575,-0.0419,STEEP,3258610.0,3722144.0,1.1422,45,0.15,1
2026-09-18 18:31:13,2026-09-18,2026-09-18T18:32:15+00:00,1087.0,QQQ,717.42,3840,-194217997.57,717.5959,0.000245,725.0,690.0,negative,0.1647,0.1929,0.0282,-0.0494,STEEP,2357576.0,2544298.0,1.0792,45,0.15,1
2026-09-18 18:31:22,2026-09-18,2026-09-18T18:32:15+00:00,1087.0,IWM,283.36,2238,-9835006601.78,292.3613,0.031766,300.0,282.0,negative,0.1703,0.18215,0.01185,-0.0439,STEEP,344237.0,805117.0,2.3388,45,0.15,1
2026-09-18 18:52:28,2026-09-18,2026-09-18T18:52:42+00:00,1227.0,SPX,7633.4502,11694,-27174843472.86,7649.1003,0.00205,7800.0,7500.0,negative,0.12025,0.13655,0.0163,-0.0409,STEEP,1521372.0,1663725.0,1.0936,45,0.15,1
2026-09-18 18:52:16,2026-09-18,2026-09-18T18:52:42+00:00,1227.0,SPY,760.3,4152,-15841127705.99,763.6853,0.004453,772.0,745.0,negative,0.1222,0.13825,0.01605,-0.0421,STEEP,3582927.0,3997965.0,1.1158,45,0.15,1
2026-09-18 18:52:13,2026-09-18,2026-09-18T18:52:42+00:00,1227.0,QQQ,717.92,3810,978386816.27,717.4808,-0.000612,725.0,690.0,positive,0.164,0.189,0.025,-0.0496,STEEP,2497131.0,2684465.0,1.075,45,0.15,1
2026-09-18 18:52:23,2026-09-18,2026-09-18T18:52:42+00:00,1227.0,IWM,283.45,2238,-9808320587.41,291.0039,0.02665,300.0,280.0,negative,0.1698,0.18205,0.01225,-0.0441,STEEP,356490.0,819970.0,2.3001,45,0.15,1
2026-09-18 19:11:29,2026-09-18,2026-09-18T19:12:21+00:00,1179.0,SPX,7643.7998,11680,-11056233956.02,7651.2471,0.000974,7800.0,7500.0,negative,0.1195,0.13595,0.01645,-0.0398,STEEP,1692342.0,1802737.0,1.0652,45,0.15,1
2026-09-18 19:11:17,2026-09-18,2026-09-18T19:12:21+00:00,1179.0,SPY,761.43,4176,-9867068758.0,764.2111,0.003653,770.0,745.0,negative,0.12115,0.13825,0.0171,-0.0404,STEEP,3906966.0,4256197.0,1.0894,45,0.15,1
2026-09-18 19:11:14,2026-09-18,2026-09-18T19:12:21+00:00,1179.0,QQQ,719.27,3812,4089269380.65,717.9394,-0.00185,725.0,690.0,positive,0.1643,0.1895,0.0252,-0.0487,STEEP,2736489.0,2885634.0,1.0545,45,0.15,1
2026-09-18 19:11:23,2026-09-18,2026-09-18T19:12:21+00:00,1179.0,IWM,283.545,2248,-9761821201.8,292.643,0.032087,300.0,280.0,negative,0.1666,0.18145,0.01485,-0.0408,STEEP,371661.0,839640.0,2.2592,45,0.15,1
2026-09-18 19:26:29,2026-09-18,2026-09-18T19:26:33+00:00,852.0,SPX,7642.1499,11680,-13148062951.89,7652.026,0.001292,7800.0,7500.0,negative,0.1189,0.13615,0.01725,-0.0396,STEEP,1779296.0,1878290.0,1.0556,45,0.15,1
2026-09-18 19:26:17,2026-09-18,2026-09-18T19:26:33+00:00,852.0,SPY,761.16,4182,-10964860345.76,764.3283,0.004162,772.0,745.0,negative,0.1207,0.1381,0.0174,-0.0414,STEEP,4051825.0,4403799.0,1.0869,45,0.15,1
2026-09-18 19:26:14,2026-09-18,2026-09-18T19:26:33+00:00,852.0,QQQ,719.24,3812,4526627958.23,718.1375,-0.001533,725.0,690.0,positive,0.165,0.19015,0.02515,-0.0476,STEEP,2891446.0,3017178.0,1.0435,45,0.15,1
2026-09-18 19:26:24,2026-09-18,2026-09-18T19:26:33+00:00,852.0,IWM,283.55,2248,-9799641216.38,292.8653,0.032852,300.0,280.0,negative,0.16665,0.18145,0.0148,-0.0415,STEEP,381621.0,856451.0,2.2442,45,0.15,1
2026-09-18 19:38:30,2026-09-18,2026-09-18T19:38:52+00:00,739.0,SPX,7640.9502,11682,-14518274018.76,7651.3336,0.001359,7800.0,7500.0,negative,0.1188,0.13615,0.01735,-0.0398,STEEP,1827720.0,1929645.0,1.0558,45,0.15,1
2026-09-18 19:38:18,2026-09-18,2026-09-18T19:38:52+00:00,739.0,SPY,761.14,4182,-11203832528.28,764.5925,0.004536,772.0,745.0,negative,0.12045,0.138,0.01755,-0.0417,STEEP,4136542.0,4523416.0,1.0935,45,0.15,1
2026-09-18 19:38:15,2026-09-18,2026-09-18T19:38:52+00:00,739.0,QQQ,719.3799,3812,5146906734.01,718.2012,-0.001639,725.0,690.0,positive,0.16475,0.19045,0.0257,-0.0475,STEEP,2968110.0,3087997.0,1.0404,45,0.15,1
2026-09-18 19:38:24,2026-09-18,2026-09-18T19:38:52+00:00,739.0,IWM,283.665,2248,-9901060710.42,291.1523,0.026395,300.0,280.0,negative,0.16695,0.1815,0.01455,-0.0416,STEEP,391375.0,869355.0,2.2213,45,0.15,1
2026-09-18 19:51:26,2026-09-18,2026-09-18T19:51:49+00:00,777.0,SPX,7638.1401,11682,-20296862974.03,7652.1714,0.001837,7800.0,7500.0,negative,0.11865,0.136,0.01735,-0.0406,STEEP,1887546.0,1997210.0,1.0581,45,0.15,1
2026-09-18 19:51:28,2026-09-18,2026-09-18T19:51:49+00:00,777.0,SPY,760.84,4152,-13566077238.99,764.8619,0.005286,772.0,745.0,negative,0.12025,0.1378,0.01755,-0.0412,STEEP,4256141.0,4678884.0,1.0993,45,0.15,1
2026-09-18 19:51:25,2026-09-18,2026-09-18T19:51:49+00:00,777.0,QQQ,719.01,3810,4071768454.02,717.9707,-0.001445,725.0,690.0,positive,0.16485,0.1903,0.02545,-0.0473,STEEP,3061147.0,3200118.0,1.0454,45,0.15,1
2026-09-18 19:51:34,2026-09-18,2026-09-18T19:51:49+00:00,777.0,IWM,283.63,2248,-9289901002.14,293.0488,0.033208,300.0,280.0,negative,0.16645,0.18125,0.0148,-0.0411,STEEP,401937.0,892277.0,2.2199,45,0.15,1
2026-09-18 20:11:52,2026-09-18,2026-09-18T20:12:16+00:00,1227.0,SPX,7647.0601,10244,-11486980616.89,7666.1445,0.002496,7800.0,7500.0,negative,0.11725,0.1355,0.01825,-0.0382,STEEP,425826.0,655648.0,1.5397,45,0.15,1
2026-09-18 20:11:54,2026-09-18,2026-09-18T20:12:16+00:00,1227.0,SPY,761.58,3800,-4846674252.65,765.3915,0.005005,772.0,745.0,negative,0.11895,0.13765,0.0187,-0.0398,STEEP,1125808.0,1356180.0,1.2046,45,0.15,1
2026-09-18 20:11:51,2026-09-18,2026-09-18T20:12:16+00:00,1227.0,QQQ,721.06,3552,574491577.53,719.3758,-0.002336,725.0,690.0,positive,0.16415,0.1906,0.02645,-0.0481,STEEP,967008.0,1092651.0,1.1299,45,0.15,1
2026-09-18 20:12:00,2026-09-18,2026-09-18T20:12:16+00:00,1227.0,IWM,283.915,2092,-2985186870.74,296.386,0.043925,300.0,280.0,negative,0.16625,0.18115,0.0149,-0.041,STEEP,202765.0,544653.0,2.6861,45,0.15,1
2026-09-18 20:27:42,2026-09-18,2026-09-18T20:28:02+00:00,946.0,SPX,7650.5,10244,-2608706355.69,7667.4973,0.002222,7800.0,7500.0,negative,0.11815,0.1356,0.01745,-0.0387,STEEP,474045.0,740738.0,1.5626,45,0.15,1
2026-09-18 20:26:54,2026-09-18,2026-09-18T20:28:02+00:00,946.0,SPY,763.08,3796,-3231692587.25,765.6158,0.003323,770.0,745.0,negative,0.1184,0.13385,0.01545,-0.039,STEEP,1236869.0,1459227.0,1.1798,45,0.15,1
2026-09-18 20:26:51,2026-09-18,2026-09-18T20:28:02+00:00,946.0,QQQ,722.8607,3578,1286238922.95,719.7657,-0.004282,730.0,690.0,positive,0.16355,0.18855,0.025,-0.0457,STEEP,1070053.0,1189092.0,1.1112,45,0.15,1
2026-09-18 20:27:01,2026-09-18,2026-09-18T20:28:02+00:00,946.0,IWM,284.13,2092,-2934331073.17,296.4719,0.043438,300.0,280.0,negative,0.1668,0.1816,0.0148,-0.0426,STEEP,220709.0,543455.0,2.4623,45,0.15,1
2026-09-18 20:42:42,2026-09-18,2026-09-18T20:42:53+00:00,891.0,SPX,7650.5,10244,-3669594594.04,7666.5569,0.002099,7800.0,7500.0,negative,0.118,0.13565,0.01765,-0.0384,STEEP,478634.0,751118.0,1.5693,45,0.15,1
2026-09-18 20:41:55,2026-09-18,2026-09-18T20:42:53+00:00,891.0,SPY,762.8084,3796,-3463676358.77,765.5765,0.003629,770.0,745.0,negative,0.1185,0.134,0.0155,-0.0399,STEEP,1256233.0,1488964.0,1.1853,45,0.15,1
2026-09-18 20:41:52,2026-09-18,2026-09-18T20:42:53+00:00,891.0,QQQ,722.39,3576,1151069457.48,719.4175,-0.004115,730.0,690.0,positive,0.16455,0.19195,0.0274,-0.0452,STEEP,1090381.0,1204353.0,1.1045,45,0.15,1
2026-09-18 20:42:01,2026-09-18,2026-09-18T20:42:53+00:00,891.0,IWM,284.06,2092,-2934232282.68,296.4665,0.043676,300.0,280.0,negative,0.1668,0.1811,0.0143,-0.0427,STEEP,221477.0,544377.0,2.4579,45,0.15,1
2026-09-18 20:53:43,2026-09-18,2026-09-18T20:53:57+00:00,664.0,SPX,7650.5,10244,-3874297941.53,7666.5668,0.0021,7800.0,7500.0,negative,0.11795,0.13565,0.0177,-0.0391,STEEP,478634.0,751118.0,1.5693,45,0.15,1
2026-09-18 20:52:55,2026-09-18,2026-09-18T20:53:57+00:00,664.0,SPY,762.79,3796,-3463509263.4,765.5756,0.003652,770.0,745.0,negative,0.1185,0.134,0.0155,-0.0399,STEEP,1256233.0,1488964.0,1.1853,45,0.15,1
2026-09-18 20:52:52,2026-09-18,2026-09-18T20:53:57+00:00,664.0,QQQ,722.22,3578,1102187953.69,719.4142,-0.003885,730.0,690.0,positive,0.16455,0.19195,0.0274,-0.0452,STEEP,1090381.0,1204360.0,1.1045,45,0.15,1
2026-09-21 13:11:19,2026-09-21,2026-09-21T13:12:18+00:00,231501.0,SPX,7650.5,10670,43543950107.63,7660.4307,0.001298,7700.0,7500.0,positive,0.12425,0.13845,0.0142,-0.0377,STEEP,479467.0,752544.0,1.5695,45,0.15,1
2026-09-21 13:12:03,2026-09-21,2026-09-21T13:12:18+00:00,231501.0,SPY,766.35,3864,-4056727062.03,764.0854,-0.002955,770.0,745.0,negative,0.1188,0.134,0.0152,-0.0416,STEEP,1256192.0,1487145.0,1.1839,45,0.15,1
2026-09-21 13:12:05,2026-09-21,2026-09-21T13:12:18+00:00,231501.0,QQQ,728.0553,3706,2540277335.5,719.1382,-0.012248,735.0,705.0,positive,0.16405,0.18485,0.0208,-0.0474,STEEP,1091098.0,1202857.0,1.1024,45,0.15,1
2026-09-21 13:12:04,2026-09-21,2026-09-21T13:12:18+00:00,232165.0,IWM,286.11,2216,-2912488864.63,293.6176,0.02624,292.0,280.0,negative,0.1653,0.1811,0.0158,-0.0434,STEEP,221477.0,544376.0,2.4579,45,0.15,1
2026-09-21 13:28:20,2026-09-21,2026-09-21T13:28:53+00:00,995.0,SPX,7650.5,10670,44669771694.67,7660.327,0.001284,7700.0,7500.0,positive,0.1243,0.1385,0.0142,-0.0374,STEEP,479467.0,752544.0,1.5695,45,0.15,1
2026-09-21 13:28:04,2026-09-21,2026-09-21T13:28:53+00:00,995.0,SPY,766.43,3864,-4057401259.9,764.0763,-0.003071,770.0,745.0,negative,0.1188,0.134,0.0152,-0.0416,STEEP,1256192.0,1487145.0,1.1839,45,0.15,1
2026-09-21 13:28:06,2026-09-21,2026-09-21T13:28:53+00:00,995.0,QQQ,728.06,3706,2540310133.4,719.14,-0.012252,735.0,705.0,positive,0.16405,0.18485,0.0208,-0.0474,STEEP,1091098.0,1202857.0,1.1024,45,0.15,1
2026-09-21 13:28:05,2026-09-21,2026-09-21T13:28:53+00:00,995.0,IWM,286.3,2216,-2916288368.51,293.613,0.025543,292.0,280.0,negative,0.1653,0.1811,0.0158,-0.0434,STEEP,221477.0,544376.0,2.4579,45,0.15,1
2026-09-21 13:41:08,2026-09-21,2026-09-21T13:45:08+00:00,975.0,SPY,766.28,3864,-4044955020.56,764.0545,-0.002904,770.0,745.0,negative,0.11885,0.134,0.01515,-0.0417,STEEP,1256322.0,1487151.0,1.1837,45,0.15,1
2026-09-21 13:36:47,2026-09-21,2026-09-21T13:45:08+00:00,975.0,IWM,286.41,2216,-2914454708.61,293.6031,0.025115,292.0,280.0,negative,0.1653,0.1811,0.0158,-0.0434,STEEP,221477.0,544376.0,2.4579,45,0.15,1
2026-09-21 13:56:50,2026-09-21,2026-09-21T13:58:01+00:00,1748.0,SPX,7696.6499,10652,50915344707.74,7660.5191,-0.004694,7800.0,7500.0,positive,0.11885,0.13465,0.0158,-0.0353,STEEP,106032.0,114987.0,1.0845,45,0.15,1
2026-09-21 13:55:51,2026-09-21,2026-09-21T13:58:01+00:00,773.0,SPY,766.63,3864,3723821004.76,765.0246,-0.002094,770.0,745.0,positive,0.12155,0.1369,0.01535,-0.0377,STEEP,251425.0,358128.0,1.4244,45,0.15,1
2026-09-21 13:55:52,2026-09-21,2026-09-21T13:58:01+00:00,1748.0,QQQ,730.0,3680,8270140380.25,720.4654,-0.013061,735.0,705.0,positive,0.17015,0.19085,0.0207,-0.0421,STEEP,265897.0,261194.0,0.9823,45,0.15,1
2026-09-21 13:55:52,2026-09-21,2026-09-21T13:58:01+00:00,773.0,IWM,285.3493,2206,-2521367523.97,294.0514,0.030496,292.0,280.0,negative,0.172,0.1842,0.0122,-0.0393,STEEP,32707.0,66495.0,2.0331,45,0.15,1
2026-09-21 14:17:58,2026-09-21,2026-09-21T14:18:13+00:00,1212.0,SPX,7706.3101,10598,58022330864.25,7661.572,-0.005805,7800.0,7500.0,positive,0.11885,0.13495,0.0161,-0.0347,STEEP,312685.0,284250.0,0.9091,45,0.15,1
2026-09-21 14:17:52,2026-09-21,2026-09-21T14:18:13+00:00,1212.0,SPY,767.56,3860,5458270497.31,765.2653,-0.00299,772.0,745.0,positive,0.1217,0.13395,0.01225,-0.036,STEEP,764070.0,719572.0,0.9418,45,0.15,1
2026-09-21 14:17:53,2026-09-21,2026-09-21T14:18:13+00:00,1212.0,QQQ,732.71,3704,7527506851.08,719.9053,-0.017476,740.0,705.0,positive,0.17665,0.1946,0.01795,-0.0394,STEEP,712554.0,693378.0,0.9731,45,0.15,1
2026-09-21 14:17:53,2026-09-21,2026-09-21T14:18:13+00:00,1212.0,IWM,285.43,2206,-2474356443.32,294.3509,0.031254,292.0,280.0,negative,0.17115,0.18425,0.0131,-0.0402,STEEP,109139.0,130600.0,1.1966,45,0.15,1
2026-09-21 14:41:58,2026-09-21,2026-09-21T14:42:15+00:00,1442.0,SPX,7721.77,10590,66127840486.73,7662.4663,-0.00768,7800.0,7500.0,positive,0.1192,0.13475,0.01555,-0.0324,STEEP,564452.0,487868.0,0.8643,45,0.15,1
2026-09-21 14:41:53,2026-09-21,2026-09-21T14:42:15+00:00,1442.0,SPY,769.14,3856,7997910147.23,765.7745,-0.004376,780.0,745.0,positive,0.12195,0.13465,0.0127,-0.0351,STEEP,1519505.0,1132930.0,0.7456,45,0.15,1
2026-09-21 14:41:54,2026-09-21,2026-09-21T14:42:15+00:00,1442.0,QQQ,734.7,3700,7054676370.97,719.8714,-0.020183,740.0,705.0,positive,0.17555,0.1956,0.02005,-0.04,STEEP,1082853.0,1116640.0,1.0312,45,0.15,1
2026-09-21 14:41:54,2026-09-21,2026-09-21T14:42:15+00:00,1442.0,IWM,285.9399,2204,-2275301834.43,294.4041,0.029601,292.0,280.0,negative,0.1693,0.18385,0.01455,-0.0393,STEEP,165577.0,168015.0,1.0147,45,0.15,1
2026-09-21 14:55:07,2026-09-21,2026-09-21T14:55:53+00:00,818.0,SPX,7723.1699,10590,68129475357.22,7662.4408,-0.007863,7800.0,7500.0,positive,0.11825,0.13425,0.016,-0.031,STEEP,672289.0,584313.0,0.8691,45,0.15,1
2026-09-21 14:54:53,2026-09-21,2026-09-21T14:55:53+00:00,818.0,SPY,769.27,3856,8252408130.94,765.68,-0.004667,780.0,745.0,positive,0.1213,0.1345,0.0132,-0.0337,STEEP,1790965.0,1353047.0,0.7555,45,0.15,1
2026-09-21 14:54:54,2026-09-21,2026-09-21T14:55:53+00:00,818.0,QQQ,735.299,3700,6927341075.06,720.1871,-0.020552,740.0,705.0,positive,0.1753,0.19575,0.02045,-0.0382,STEEP,1281761.0,1367215.0,1.0667,45,0.15,1
2026-09-21 14:54:54,2026-09-21,2026-09-21T14:55:53+00:00,818.0,IWM,285.75,2206,-2326178717.29,294.3704,0.030168,293.0,280.0,negative,0.1684,0.18395,0.01555,-0.0379,STEEP,194105.0,214630.0,1.1057,45,0.15,1
2026-09-21 15:12:07,2026-09-21,2026-09-21T15:12:25+00:00,992.0,SPX,7722.4702,10590,68679646950.5,7663.3202,-0.007659,7800.0,7500.0,positive,0.1174,0.13365,0.01625,-0.0316,STEEP,805891.0,697381.0,0.8654,45,0.15,1
2026-09-21 15:11:54,2026-09-21,2026-09-21T15:12:25+00:00,992.0,SPY,769.1575,3856,8392410070.68,765.4867,-0.004772,780.0,745.0,positive,0.12,0.1335,0.0135,-0.0339,STEEP,2040013.0,1668781.0,0.818,45,0.15,1
2026-09-21 15:11:55,2026-09-21,2026-09-21T15:12:25+00:00,992.0,QQQ,735.41,3700,6948624377.33,720.1649,-0.02073,740.0,705.0,positive,0.1737,0.1944,0.0207,-0.0395,STEEP,1484261.0,1611082.0,1.0854,45,0.15,1
2026-09-21 15:11:55,2026-09-21,2026-09-21T15:12:25+00:00,992.0,IWM,285.62,2206,-2410055954.95,294.1844,0.029985,292.0,280.0,negative,0.1667,0.1824,0.0157,-0.0368,STEEP,209173.0,305938.0,1.4626,45,0.15,1
2026-09-21 15:27:00,2026-09-21,2026-09-21T15:27:44+00:00,919.0,SPX,7725.1699,10588,70114460078.49,7662.7165,-0.008084,7800.0,7500.0,positive,0.11785,0.13405,0.0162,-0.032,STEEP,884841.0,774623.0,0.8754,45,0.15,1
2026-09-21 15:26:54,2026-09-21,2026-09-21T15:27:44+00:00,919.0,SPY,769.46,3852,9028136116.36,765.5345,-0.005102,780.0,745.0,positive,0.1209,0.1345,0.0136,-0.0338,STEEP,2278516.0,1847557.0,0.8109,45,0.15,1
2026-09-21 15:26:56,2026-09-21,2026-09-21T15:27:44+00:00,919.0,QQQ,736.19,3702,6593176264.29,720.6777,-0.021071,740.0,705.0,positive,0.17335,0.19485,0.0215,-0.0394,STEEP,1684582.0,1854688.0,1.101,45,0.15,1
2026-09-21 15:26:55,2026-09-21,2026-09-21T15:27:44+00:00,919.0,IWM,285.9,2204,-2287178541.74,294.2502,0.029207,292.0,280.0,negative,0.1672,0.1822,0.015,-0.0386,STEEP,225169.0,327061.0,1.4525,45,0.15,1
2026-09-21 15:42:09,2026-09-21,2026-09-21T15:42:57+00:00,913.0,SPX,7730.1699,10580,71804224745.62,7662.6279,-0.008737,7800.0,7500.0,positive,0.11905,0.1345,0.01545,-0.0317,STEEP,1018638.0,864377.0,0.8486,45,0.15,1
2026-09-21 15:41:55,2026-09-21,2026-09-21T15:42:57+00:00,913.0,SPY,769.935,3880,9318582650.37,765.5349,-0.005715,780.0,745.0,positive,0.12135,0.13545,0.0141,-0.0338,STEEP,2552143.0,2088712.0,0.8184,45,0.15,1
2026-09-21 15:41:56,2026-09-21,2026-09-21T15:42:57+00:00,913.0,QQQ,736.36,3702,6507833376.44,720.0871,-0.022099,740.0,705.0,positive,0.1744,0.19545,0.02105,-0.0391,STEEP,1790329.0,2007810.0,1.1215,45,0.15,1
2026-09-21 15:41:56,2026-09-21,2026-09-21T15:42:57+00:00,913.0,IWM,285.995,2204,-2241108643.85,294.3883,0.029348,292.0,280.0,negative,0.1689,0.1831,0.0142,-0.0369,STEEP,244350.0,339343.0,1.3888,45,0.15,1
2026-09-21 15:55:01,2026-09-21,2026-09-21T15:55:28+00:00,751.0,SPX,7735.6099,10526,73808816380.88,7663.1428,-0.009368,7800.0,7500.0,positive,0.1202,0.13475,0.01455,-0.0303,STEEP,1099386.0,931053.0,0.8469,45,0.15,1
2026-09-21 15:54:55,2026-09-21,2026-09-21T15:55:28+00:00,751.0,SPY,770.55,3880,9641758955.14,765.8444,-0.006107,780.0,745.0,positive,0.1214,0.136,0.0146,-0.0324,STEEP,2747203.0,2249921.0,0.819,45,0.15,1
2026-09-21 15:54:57,2026-09-21,2026-09-21T15:55:28+00:00,751.0,QQQ,737.15,3700,6110824579.59,719.9085,-0.023389,750.0,705.0,positive,0.17575,0.1967,0.02095,-0.0372,STEEP,1898261.0,2195468.0,1.1566,45,0.15,1
2026-09-21 15:54:56,2026-09-21,2026-09-21T15:55:28+00:00,751.0,IWM,285.91,2204,-2259978731.22,294.3876,0.029651,293.0,280.0,negative,0.16875,0.18315,0.0144,-0.0374,STEEP,253128.0,353013.0,1.3946,45,0.15,1
2026-09-21 16:13:01,2026-09-21,2026-09-21T16:13:13+00:00,1065.0,SPX,7736.2598,10526,74205112889.98,7662.4502,-0.009541,7800.0,7500.0,positive,0.1201,0.13505,0.01495,-0.0295,STEEP,1263592.0,1050248.0,0.8312,45,0.15,1
2026-09-21 16:12:56,2026-09-21,2026-09-21T16:13:13+00:00,1065.0,SPY,770.555,3880,9739429540.94,765.5461,-0.0065,780.0,745.0,positive,0.12145,0.1363,0.01485,-0.0321,STEEP,3117003.0,2537293.0,0.814,45,0.15,1
2026-09-21 16:12:57,2026-09-21,2026-09-21T16:13:13+00:00,1065.0,QQQ,736.99,3700,6214034092.36,720.213,-0.022764,740.0,705.0,positive,0.17645,0.19775,0.0213,-0.0372,STEEP,2090101.0,2413571.0,1.1548,45,0.15,1
2026-09-21 16:12:57,2026-09-21,2026-09-21T16:13:13+00:00,1065.0,IWM,285.96,2204,-2227035549.13,294.4209,0.029588,293.0,280.0,negative,0.1688,0.18295,0.01415,-0.0374,STEEP,269487.0,377139.0,1.3995,45,0.15,1
2026-09-21 16:30:11,2026-09-21,2026-09-21T16:30:44+00:00,1051.0,SPX,7746.7402,10526,77636513148.98,7662.864,-0.010827,7800.0,7500.0,positive,0.11985,0.1353,0.01545,-0.0289,STEEP,1433351.0,1158520.0,0.8083,45,0.15,1
2026-09-21 16:29:56,2026-09-21,2026-09-21T16:30:44+00:00,1051.0,SPY,771.55,3852,9205033370.51,765.8174,-0.00743,780.0,745.0,positive,0.12225,0.13715,0.0149,-0.0311,STEEP,3464834.0,2793423.0,0.8062,45,0.15,1
2026-09-21 16:29:58,2026-09-21,2026-09-21T16:30:44+00:00,1051.0,QQQ,738.14,3698,5672110745.9,721.3867,-0.022697,750.0,705.0,positive,0.17875,0.1967,0.01795,-0.0354,STEEP,2282085.0,2642193.0,1.1578,45,0.15,1
2026-09-21 16:29:57,2026-09-21,2026-09-21T16:30:44+00:00,1051.0,IWM,285.95,2204,-2214607225.76,294.531,0.030009,293.0,280.0,negative,0.1698,0.18375,0.01395,-0.036,STEEP,285149.0,400447.0,1.4043,45,0.15,1
2026-09-21 16:53:12,2026-09-21,2026-09-21T16:54:03+00:00,1399.0,SPX,7752.8301,10524,79270378470.86,7663.1036,-0.011573,7800.0,7500.0,positive,0.12125,0.1355,0.01425,-0.0297,STEEP,1632372.0,1262826.0,0.7736,45,0.15,1
2026-09-21 16:52:57,2026-09-21,2026-09-21T16:54:03+00:00,1399.0,SPY,772.26,3848,8780116441.07,765.9124,-0.008219,780.0,745.0,positive,0.12385,0.1384,0.01455,-0.0322,STEEP,3902708.0,3150374.0,0.8072,45,0.15,1
2026-09-21 16:52:58,2026-09-21,2026-09-21T16:54:03+00:00,1399.0,QQQ,738.9074,3696,5353505312.52,720.4841,-0.024933,750.0,705.0,positive,0.18085,0.1988,0.01795,-0.0343,STEEP,2557033.0,2921281.0,1.1424,45,0.15,1
2026-09-21 16:52:58,2026-09-21,2026-09-21T16:54:03+00:00,1399.0,IWM,285.995,2204,-2173068153.31,294.58,0.030018,293.0,280.0,negative,0.17075,0.18445,0.0137,-0.0324,STEEP,306819.0,416989.0,1.3591,45,0.15,1
2026-09-21 17:10:03,2026-09-21,2026-09-21T17:10:22+00:00,979.0,SPX,7751.8599,10524,80019089807.96,7663.8921,-0.011348,7800.0,7500.0,positive,0.1201,0.1353,0.0152,-0.0308,STEEP,1752263.0,1330683.0,0.7594,45,0.15,1
2026-09-21 17:09:57,2026-09-21,2026-09-21T17:10:22+00:00,979.0,SPY,772.145,3848,8929760298.49,765.9627,-0.008007,780.0,745.0,positive,0.1226,0.13765,0.01505,-0.0329,STEEP,4216645.0,3347471.0,0.7939,45,0.15,1
2026-09-21 17:09:59,2026-09-21,2026-09-21T17:10:22+00:00,979.0,QQQ,738.69,3700,5470829274.46,723.2825,-0.020858,750.0,705.0,positive,0.1778,0.1972,0.0194,-0.0354,STEEP,2710595.0,3096989.0,1.1425,45,0.15,1
2026-09-21 17:09:58,2026-09-21,2026-09-21T17:10:22+00:00,979.0,IWM,285.72,2206,-2283051066.24,294.4796,0.030658,293.0,280.0,negative,0.17015,0.184,0.01385,-0.0335,STEEP,327656.0,430669.0,1.3144,45,0.15,1
2026-09-21 17:24:13,2026-09-21,2026-09-21T17:24:28+00:00,846.0,SPX,7754.1099,10516,82062231649.18,7664.1611,-0.0116,7800.0,7500.0,positive,0.1197,0.13475,0.01505,-0.0307,STEEP,1813151.0,1382307.0,0.7624,45,0.15,1
2026-09-21 17:23:58,2026-09-21,2026-09-21T17:24:28+00:00,846.0,SPY,772.33,3848,9011309241.59,766.0294,-0.008158,780.0,745.0,positive,0.12225,0.1376,0.01535,-0.0322,STEEP,4407450.0,3468689.0,0.787,45,0.15,1
2026-09-21 17:23:59,2026-09-21,2026-09-21T17:24:28+00:00,846.0,QQQ,738.78,3700,5456922253.87,720.1994,-0.02515,750.0,705.0,positive,0.17655,0.19635,0.0198,-0.0353,STEEP,2818017.0,3207867.0,1.1383,45,0.15,1
2026-09-21 17:23:59,2026-09-21,2026-09-21T17:24:28+00:00,846.0,IWM,285.655,2206,-2329304768.18,294.3167,0.030322,292.0,280.0,negative,0.16825,0.18275,0.0145,-0.0343,STEEP,338596.0,441171.0,1.3029,45,0.15,1
2026-09-21 17:39:13,2026-09-21,2026-09-21T17:39:52+00:00,924.0,SPX,7756.2402,10516,82766438931.03,7664.4563,-0.011834,7800.0,7500.0,positive,0.12075,0.1355,0.01475,-0.0309,STEEP,1922403.0,1482876.0,0.7714,45,0.15,1
2026-09-21 17:38:58,2026-09-21,2026-09-21T17:39:52+00:00,924.0,SPY,772.635,3848,8939394092.49,765.8739,-0.008751,780.0,745.0,positive,0.1223,0.13445,0.01215,-0.0327,STEEP,4672700.0,3658775.0,0.783,45,0.15,1
2026-09-21 17:39:00,2026-09-21,2026-09-21T17:39:52+00:00,924.0,QQQ,738.62,3700,5420970291.71,720.2623,-0.024854,750.0,705.0,positive,0.1765,0.1961,0.0196,-0.0353,STEEP,2911257.0,3338359.0,1.1467,45,0.15,1
2026-09-21 17:38:59,2026-09-21,2026-09-21T17:39:52+00:00,924.0,IWM,285.66,2206,-2328372337.71,294.3163,0.030303,293.0,280.0,negative,0.1688,0.1828,0.014,-0.0347,STEEP,352073.0,449632.0,1.2771,45,0.15,1
2026-09-21 17:52:14,2026-09-21,2026-09-21T17:52:36+00:00,764.0,SPX,7755.25,10516,83334290757.18,7664.8793,-0.011653,7800.0,7500.0,positive,0.1203,0.13545,0.01515,-0.0318,STEEP,2001136.0,1543326.0,0.7712,45,0.15,1
2026-09-21 17:51:59,2026-09-21,2026-09-21T17:52:36+00:00,764.0,SPY,772.45,3848,9089237737.63,765.861,-0.00853,780.0,745.0,positive,0.1228,0.13815,0.01535,-0.0333,STEEP,4844254.0,3826217.0,0.7898,45,0.15,1
2026-09-21 17:52:00,2026-09-21,2026-09-21T17:52:36+00:00,764.0,QQQ,738.785,3700,5356811088.56,720.1796,-0.025184,750.0,705.0,positive,0.178,0.19685,0.01885,-0.0351,STEEP,3016497.0,3453316.0,1.1448,45,0.15,1
2026-09-21 17:52:00,2026-09-21,2026-09-21T17:52:36+00:00,764.0,IWM,285.425,2206,-2401818031.99,294.3023,0.031102,293.0,280.0,negative,0.17025,0.1826,0.01235,-0.0345,STEEP,360705.0,499338.0,1.3843,45,0.15,1
2026-09-21 18:14:15,2026-09-21,2026-09-21T18:14:32+00:00,1316.0,SPX,7759.7998,10514,84490748551.67,7664.7595,-0.012248,7800.0,7500.0,positive,0.12115,0.13555,0.0144,-0.0315,STEEP,2125526.0,1642563.0,0.7728,45,0.15,1
2026-09-21 18:14:00,2026-09-21,2026-09-21T18:14:32+00:00,1316.0,SPY,772.95,3844,8866586306.02,766.1163,-0.008841,780.0,745.0,positive,0.1225,0.1349,0.0124,-0.034,STEEP,5162867.0,4069837.0,0.7883,45,0.15,1
2026-09-21 18:14:01,2026-09-21,2026-09-21T18:14:32+00:00,1316.0,QQQ,739.64,3724,5115255304.49,720.9728,-0.025238,750.0,705.0,positive,0.1779,0.197,0.0191,-0.0351,STEEP,3233873.0,3711434.0,1.1477,45,0.15,1
2026-09-21 18:14:01,2026-09-21,2026-09-21T18:14:32+00:00,1316.0,IWM,285.58,2206,-2336739768.15,294.4066,0.030908,293.0,280.0,negative,0.1689,0.183,0.0141,-0.0342,STEEP,386697.0,512036.0,1.3241,45,0.15,1
2026-09-21 18:34:16,2026-09-21,2026-09-21T18:34:33+00:00,1201.0,SPX,7763.3301,10514,85912323993.56,7664.8786,-0.012682,7800.0,7500.0,positive,0.11915,0.13565,0.0165,-0.0317,STEEP,2246699.0,1736482.0,0.7729,45,0.15,1
2026-09-21 18:34:00,2026-09-21,2026-09-21T18:34:33+00:00,1201.0,SPY,773.38,3844,8794564971.91,766.0359,-0.009496,780.0,745.0,positive,0.123,0.13545,0.01245,-0.0339,STEEP,5445373.0,4250506.0,0.7806,45,0.15,1
2026-09-21 18:34:02,2026-09-21,2026-09-21T18:34:33+00:00,1201.0,QQQ,740.245,3722,4978817935.4,724.1158,-0.021789,750.0,705.0,positive,0.17775,0.1968,0.01905,-0.0359,STEEP,3376256.0,3899972.0,1.1551,45,0.15,1
2026-09-21 18:34:01,2026-09-21,2026-09-21T18:34:33+00:00,1201.0,IWM,286.03,2204,-2167579581.73,294.4091,0.029294,293.0,280.0,negative,0.16895,0.1831,0.01415,-0.0333,STEEP,410586.0,527103.0,1.2838,45,0.15,1
2026-09-21 18:55:16,2026-09-21,2026-09-21T18:55:54+00:00,1281.0,SPX,7769.25,10450,87267427711.22,7664.1105,-0.013533,7900.0,7500.0,positive,0.11915,0.13545,0.0163,-0.0307,STEEP,2413305.0,1835455.0,0.7606,45,0.15,1
2026-09-21 18:55:01,2026-09-21,2026-09-21T18:55:54+00:00,1281.0,SPY,773.91,3844,8758559462.8,765.8843,-0.01037,780.0,745.0,positive,0.1222,0.13555,0.01335,-0.0331,STEEP,5831256.0,4564545.0,0.7828,45,0.15,1
2026-09-21 18:55:03,2026-09-21,2026-09-21T18:55:54+00:00,1281.0,QQQ,740.785,3722,4878095253.26,723.1196,-0.023847,750.0,705.0,positive,0.1771,0.19685,0.01975,-0.0352,STEEP,3585631.0,4098720.0,1.1431,45,0.15,1
2026-09-21 18:55:02,2026-09-21,2026-09-21T18:55:54+00:00,1281.0,IWM,286.02,2204,-2161802704.45,294.3791,0.029225,293.0,280.0,negative,0.16885,0.1831,0.01425,-0.0331,STEEP,440827.0,544805.0,1.2359,45,0.15,1
2026-09-21 19:12:17,2026-09-21,2026-09-21T19:12:39+00:00,1005.0,SPX,7774.3501,10448,87703962518.65,7663.9448,-0.014201,7900.0,7500.0,positive,0.1197,0.13555,0.01585,-0.0317,STEEP,2578295.0,1936854.0,0.7512,45,0.15,1
2026-09-21 19:12:01,2026-09-21,2026-09-21T19:12:39+00:00,1005.0,SPY,774.44,3868,8621414582.17,766.2749,-0.010543,780.0,745.0,positive,0.12275,0.136,0.01325,-0.0324,STEEP,6232385.0,4816140.0,0.7728,45,0.15,1
2026-09-21 19:12:03,2026-09-21,2026-09-21T19:12:39+00:00,1005.0,QQQ,741.4,3696,4717093268.48,723.8519,-0.023669,750.0,705.0,positive,0.1789,0.19765,0.01875,-0.036,STEEP,3797797.0,4259453.0,1.1216,45,0.15,1
2026-09-21 19:12:03,2026-09-21,2026-09-21T19:12:39+00:00,1005.0,IWM,286.33,2216,-2057743528.94,294.4469,0.028348,293.0,280.0,negative,0.1695,0.18345,0.01395,-0.0331,STEEP,456394.0,555604.0,1.2174,45,0.15,1
2026-09-21 19:28:18,2026-09-21,2026-09-21T19:28:33+00:00,954.0,SPX,7773.4502,10448,88037306053.49,7663.5894,-0.014133,7900.0,7500.0,positive,0.11955,0.1355,0.01595,-0.0316,STEEP,2717554.0,2022468.0,0.7442,45,0.15,1
2026-09-21 19:28:02,2026-09-21,2026-09-21T19:28:33+00:00,954.0,SPY,774.32,3868,8629980469.3,765.6755,-0.011164,780.0,745.0,positive,0.12285,0.1359,0.01305,-0.0335,STEEP,6513525.0,5026771.0,0.7717,45,0.15,1
2026-09-21 19:28:03,2026-09-21,2026-09-21T19:28:33+00:00,954.0,QQQ,741.53,3696,4733329887.01,723.8148,-0.02389,750.0,705.0,positive,0.1772,0.19735,0.02015,-0.0352,STEEP,3968477.0,4405615.0,1.1102,45,0.15,1
2026-09-21 19:28:03,2026-09-21,2026-09-21T19:28:33+00:00,954.0,IWM,286.165,2216,-2097325707.24,294.5306,0.029234,293.0,280.0,negative,0.17005,0.184,0.01395,-0.0326,STEEP,476564.0,566955.0,1.1897,45,0.15,1
2026-09-21 19:42:18,2026-09-21,2026-09-21T19:42:51+00:00,858.0,SPX,7772.46,10448,88772126221.4,7661.4227,-0.014286,7900.0,7500.0,positive,0.11885,0.13555,0.0167,-0.0314,STEEP,2794277.0,2087777.0,0.7472,45,0.15,1
2026-09-21 19:42:02,2026-09-21,2026-09-21T19:42:51+00:00,858.0,SPY,774.25,3868,8707629898.63,768.1338,-0.0079,780.0,745.0,positive,0.1221,0.13565,0.01355,-0.0331,STEEP,6703025.0,5205221.0,0.7765,45,0.15,1
2026-09-21 19:42:04,2026-09-21,2026-09-21T19:42:51+00:00,858.0,QQQ,741.8099,3698,4692552030.51,723.8381,-0.024227,750.0,705.0,positive,0.1771,0.19745,0.02035,-0.0353,STEEP,4109329.0,4535428.0,1.1037,45,0.15,1
2026-09-21 19:42:03,2026-09-21,2026-09-21T19:42:51+00:00,858.0,IWM,286.13,2216,-2108674222.51,294.4889,0.029214,293.0,280.0,negative,0.17025,0.1841,0.01385,-0.0327,STEEP,492992.0,577154.0,1.1707,45,0.15,1
2026-09-21 19:53:19,2026-09-21,2026-09-21T19:53:56+00:00,665.0,SPX,7778.23,10440,88862274487.22,7677.5142,-0.012948,7900.0,7500.0,positive,0.11905,0.1348,0.01575,-0.03,STEEP,2906236.0,2159166.0,0.7429,45,0.15,1
2026-09-21 19:53:03,2026-09-21,2026-09-21T19:53:56+00:00,665.0,SPY,774.71,3868,8632421994.36,768.0105,-0.008648,780.0,745.0,positive,0.12125,0.13555,0.0143,-0.0322,STEEP,6867405.0,5356491.0,0.78,45,0.15,1
2026-09-21 19:53:04,2026-09-21,2026-09-21T19:53:56+00:00,665.0,QQQ,742.99,3696,4576403651.14,723.5142,-0.026213,750.0,705.0,positive,0.1775,0.19535,0.01785,-0.0342,STEEP,4256514.0,4709632.0,1.1065,45,0.15,1
2026-09-21 19:53:04,2026-09-21,2026-09-21T19:53:56+00:00,665.0,IWM,286.215,2216,-2084378144.38,294.3456,0.028407,293.0,280.0,negative,0.1698,0.18405,0.01425,-0.033,STEEP,501320.0,588903.0,1.1747,45,0.15,1
2026-09-21 20:12:20,2026-09-21,2026-09-21T20:12:33+00:00,1117.0,SPX,7767.2998,10022,64484526702.57,7671.5053,-0.012333,7800.0,7500.0,positive,0.1176,0.1346,0.017,-0.0293,STEEP,772389.0,724840.0,0.9384,45,0.15,1
2026-09-21 20:12:03,2026-09-21,2026-09-21T20:12:33+00:00,1117.0,SPY,773.72,3604,6067056363.68,767.393,-0.008177,780.0,745.0,positive,0.12075,0.13435,0.0136,-0.0323,STEEP,2028461.0,1916937.0,0.945,45,0.15,1
2026-09-21 20:12:05,2026-09-21,2026-09-21T20:12:33+00:00,1117.0,QQQ,741.68,3448,4248754106.91,719.9688,-0.029273,750.0,705.0,positive,0.1771,0.1978,0.0207,-0.0355,STEEP,1588282.0,1742312.0,1.097,45,0.15,1
2026-09-21 20:12:05,2026-09-21,2026-09-21T20:12:33+00:00,1117.0,IWM,285.735,2058,-2382064635.28,295.0205,0.032497,293.0,280.0,negative,0.16875,0.18335,0.0146,-0.0342,STEEP,265867.0,389806.0,1.4662,45,0.15,1
2026-09-21 20:27:21,2026-09-21,2026-09-21T20:28:11+00:00,938.0,SPX,7764.7002,10084,63789068141.78,7670.9284,-0.012077,7800.0,7500.0,positive,0.118,0.13475,0.01675,-0.0283,STEEP,830953.0,790861.0,0.9518,45,0.15,1
2026-09-21 20:27:04,2026-09-21,2026-09-21T20:28:11+00:00,938.0,SPY,773.28,3604,5899351502.76,767.2734,-0.007768,780.0,745.0,positive,0.12195,0.13455,0.0126,-0.0307,STEEP,2114217.0,2050853.0,0.97,45,0.15,1
2026-09-21 20:27:06,2026-09-21,2026-09-21T20:28:11+00:00,938.0,QQQ,741.11,3474,4231216852.38,720.2041,-0.028209,750.0,705.0,positive,0.1782,0.19795,0.01975,-0.036,STEEP,1667550.0,1853527.0,1.1115,45,0.15,1
2026-09-21 20:27:05,2026-09-21,2026-09-21T20:28:11+00:00,938.0,IWM,285.67,2058,-2419131241.86,294.9962,0.032647,293.0,280.0,negative,0.169,0.1833,0.0143,-0.0334,STEEP,278630.0,413205.0,1.483,45,0.15,1
2026-09-21 20:42:21,2026-09-21,2026-09-21T20:42:42+00:00,871.0,SPX,7764.7002,10084,63296608743.53,7670.8428,-0.012088,7800.0,7500.0,positive,0.11875,0.1353,0.01655,-0.0297,STEEP,835317.0,795598.0,0.9525,45,0.15,1
2026-09-21 20:42:04,2026-09-21,2026-09-21T20:42:42+00:00,871.0,SPY,773.21,3604,5906269142.89,767.2558,-0.007701,780.0,745.0,positive,0.123,0.13455,0.01155,-0.0306,STEEP,2130791.0,2069203.0,0.9711,45,0.15,1
2026-09-21 20:42:06,2026-09-21,2026-09-21T20:42:42+00:00,871.0,QQQ,741.16,3474,4255057577.13,720.0974,-0.028418,750.0,705.0,positive,0.1783,0.19805,0.01975,-0.0361,STEEP,1676457.0,1883000.0,1.1232,45,0.15,1
2026-09-21 20:42:05,2026-09-21,2026-09-21T20:42:42+00:00,871.0,IWM,285.64,2058,-2411520059.12,295.0105,0.032805,293.0,280.0,negative,0.16885,0.18335,0.0145,-0.034,STEEP,281682.0,415255.0,1.4742,45,0.15,1
2026-09-21 20:53:22,2026-09-21,2026-09-21T20:53:38+00:00,656.0,SPX,7764.7002,10084,63186861820.42,7670.2766,-0.012161,7800.0,7500.0,positive,0.1187,0.13515,0.01645,-0.0299,STEEP,835317.0,795598.0,0.9525,45,0.15,1
2026-09-21 20:53:05,2026-09-21,2026-09-21T20:53:38+00:00,656.0,SPY,773.05,3604,5903825032.52,767.2497,-0.007503,780.0,745.0,positive,0.123,0.13455,0.01155,-0.0306,STEEP,2130791.0,2069203.0,0.9711,45,0.15,1
2026-09-21 20:53:06,2026-09-21,2026-09-21T20:53:38+00:00,656.0,QQQ,740.84,3472,4247828559.64,720.0944,-0.028003,750.0,705.0,positive,0.1783,0.19805,0.01975,-0.0361,STEEP,1676457.0,1883000.0,1.1232,45,0.15,1
2026-09-21 20:53:06,2026-09-21,2026-09-21T20:53:38+00:00,656.0,IWM,285.63,2058,-2411351211.77,295.0072,0.03283,293.0,280.0,negative,0.16885,0.18335,0.0145,-0.034,STEEP,281682.0,415255.0,1.4742,45,0.15,1
2026-09-22 13:13:10,2026-09-22,2026-09-22T13:13:22+00:00,58784.0,SPX,7764.7002,11210,77064448573.02,7706.3034,-0.007521,7800.0,7500.0,positive,0.1189,0.13415,0.01525,-0.0296,STEEP,835317.0,795598.0,0.9525,45,0.15,1
2026-09-22 13:13:08,2026-09-22,2026-09-22T13:13:22+00:00,58784.0,SPY,774.07,3864,5825219464.89,770.8787,-0.004123,785.0,745.0,positive,0.12175,0.13455,0.0128,-0.0306,STEEP,2131324.0,2069205.0,0.9709,45,0.15,1
2026-09-22 13:13:14,2026-09-22,2026-09-22T13:13:22+00:00,58784.0,QQQ,740.75,3988,3496831013.1,736.216,-0.006121,750.0,700.0,positive,0.1783,0.19805,0.01975,-0.0361,STEEP,1676457.0,1883000.0,1.1232,45,0.15,1
2026-09-22 13:13:13,2026-09-22,2026-09-22T13:13:22+00:00,58784.0,IWM,287.53,2232,-2313978197.27,292.2108,0.016279,293.0,285.0,negative,0.16645,0.1764,0.00995,-0.034,STEEP,281779.0,415255.0,1.4737,45,0.15,1
2026-09-22 13:30:19,2026-09-22,2026-09-22T13:31:28+00:00,1086.0,SPX,7764.7002,11210,81149834006.64,7706.0967,-0.007547,7800.0,7500.0,positive,0.1191,0.1344,0.0153,-0.0285,STEEP,835317.0,795598.0,0.9525,45,0.15,1
2026-09-22 13:29:08,2026-09-22,2026-09-22T13:31:28+00:00,1086.0,SPY,774.37,3860,5829735605.51,770.8962,-0.004486,785.0,745.0,positive,0.12175,0.13455,0.0128,-0.0306,STEEP,2131324.0,2067949.0,0.9703,45,0.15,1
2026-09-22 13:29:15,2026-09-22,2026-09-22T13:31:28+00:00,1086.0,QQQ,741.08,3990,3502022000.87,736.2295,-0.006545,750.0,700.0,positive,0.1783,0.19805,0.01975,-0.0361,STEEP,1676457.0,1883000.0,1.1232,45,0.15,1
2026-09-22 13:29:14,2026-09-22,2026-09-22T13:31:28+00:00,1086.0,IWM,288.17,2242,-2324171497.2,292.2064,0.014007,293.0,285.0,negative,0.1658,0.1764,0.0106,-0.034,STEEP,281779.0,415255.0,1.4737,45,0.15,1
2026-09-22 13:51:28,2026-09-22,2026-09-22T13:54:37+00:00,1389.0,SPX,7780.79,11136,88302632785.81,7706.0918,-0.0096,7900.0,7500.0,positive,0.11835,0.1339,0.01555,-0.0285,STEEP,78625.0,81217.0,1.033,45,0.15,1
2026-09-22 13:53:28,2026-09-22,2026-09-22T13:54:37+00:00,1389.0,SPY,774.97,3860,9549017690.47,770.7849,-0.0054,785.0,745.0,positive,0.1201,0.1347,0.0146,-0.0292,STEEP,287448.0,209779.0,0.7298,45,0.15,1
2026-09-22 13:45:52,2026-09-22,2026-09-22T13:54:37+00:00,1389.0,QQQ,742.145,3964,4567564216.62,736.5895,-0.007486,750.0,700.0,positive,0.1761,0.19685,0.02075,-0.0338,STEEP,17669.0,24000.0,1.3583,45,0.15,1
2026-09-22 13:53:02,2026-09-22,2026-09-22T13:54:37+00:00,1389.0,IWM,287.4,2232,-1493985247.8,292.5881,0.018052,293.0,285.0,negative,0.1684,0.1849,0.0165,-0.0311,STEEP,57985.0,39896.0,0.688,45,0.15,1
2026-09-22 14:12:39,2026-09-22,2026-09-22T14:13:22+00:00,1125.0,SPX,7769.6299,11146,78600563135.68,7707.0531,-0.008054,7900.0,7500.0,positive,0.1178,0.13375,0.01595,-0.0292,STEEP,231393.0,254271.0,1.0989,45,0.15,1
2026-09-22 14:12:36,2026-09-22,2026-09-22T14:13:22+00:00,1125.0,SPY,773.95,3864,8017670630.19,770.8538,-0.004,785.0,745.0,positive,0.11955,0.1338,0.01425,-0.0304,STEEP,727093.0,640210.0,0.8805,45,0.15,1
2026-09-22 14:12:43,2026-09-22,2026-09-22T14:13:22+00:00,1125.0,QQQ,744.73,3976,6108574067.71,736.6302,-0.010876,750.0,700.0,positive,0.1743,0.19555,0.02125,-0.0334,STEEP,696278.0,430999.0,0.619,45,0.15,1
2026-09-22 14:12:42,2026-09-22,2026-09-22T14:13:22+00:00,1125.0,IWM,288.12,2242,-1176268246.94,292.7734,0.016151,293.0,285.0,negative,0.1714,0.181,0.0096,-0.0283,STEEP,219260.0,205741.0,0.9383,45,0.15,1
2026-09-22 14:30:13,2026-09-22,2026-09-22T14:31:16+00:00,1074.0,SPX,7774.2798,11144,84455787985.01,7707.6108,-0.008576,7900.0,7500.0,positive,0.11615,0.1326,0.01645,-0.028,STEEP,341987.0,362310.0,1.0594,45,0.15,1
2026-09-22 14:30:10,2026-09-22,2026-09-22T14:31:16+00:00,1074.0,SPY,774.26,3860,9074717118.09,770.9388,-0.00429,785.0,745.0,positive,0.11795,0.133,0.01505,-0.0292,STEEP,1081861.0,937557.0,0.8666,45,0.15,1
2026-09-22 14:30:17,2026-09-22,2026-09-22T14:31:16+00:00,1074.0,QQQ,745.62,3978,6813667393.79,737.0731,-0.011463,750.0,700.0,positive,0.173,0.19485,0.02185,-0.0334,STEEP,986477.0,647901.0,0.6568,45,0.15,1
2026-09-22 14:30:15,2026-09-22,2026-09-22T14:31:16+00:00,1074.0,IWM,288.55,2214,-975763104.1,292.784,0.014673,293.0,285.0,negative,0.1679,0.17975,0.01185,-0.0287,STEEP,298051.0,267005.0,0.8958,45,0.15,1
2026-09-22 14:55:34,2026-09-22,2026-09-22T14:55:46+00:00,1470.0,SPX,7764.3799,11210,72456099425.34,7707.5611,-0.007318,7800.0,7500.0,positive,0.1168,0.13255,0.01575,-0.029,STEEP,494927.0,519839.0,1.0503,45,0.15,1
2026-09-22 14:55:32,2026-09-22,2026-09-22T14:55:46+00:00,1470.0,SPY,773.33,3836,6651420720.17,770.84,-0.00322,785.0,745.0,positive,0.11805,0.13225,0.0142,-0.0301,STEEP,1518066.0,1436204.0,0.9461,45,0.15,1
2026-09-22 14:55:38,2026-09-22,2026-09-22T14:55:46+00:00,1470.0,QQQ,745.285,3978,6664423904.5,736.9652,-0.011163,750.0,700.0,positive,0.17305,0.1948,0.02175,-0.0344,STEEP,1383222.0,981090.0,0.7093,45,0.15,1
2026-09-22 14:55:37,2026-09-22,2026-09-22T14:55:46+00:00,1470.0,IWM,286.65,2204,-1888276344.02,292.4879,0.020366,293.0,285.0,negative,0.16745,0.18335,0.0159,-0.0316,STEEP,369935.0,347206.0,0.9386,45,0.15,1
2026-09-22 15:12:35,2026-09-22,2026-09-22T15:13:03+00:00,1037.0,SPX,7767.1499,11146,77289471473.92,7708.9304,-0.007496,7800.0,7500.0,positive,0.1155,0.1326,0.0171,-0.0295,STEEP,582802.0,612392.0,1.0508,45,0.15,1
2026-09-22 15:12:32,2026-09-22,2026-09-22T15:13:03+00:00,1037.0,SPY,773.69,3836,7562536315.04,771.009,-0.003465,785.0,745.0,positive,0.11695,0.13225,0.0153,-0.0307,STEEP,1794552.0,1780453.0,0.9921,45,0.15,1
2026-09-22 15:12:39,2026-09-22,2026-09-22T15:13:03+00:00,1037.0,QQQ,745.1,3976,6772481418.43,737.933,-0.009619,750.0,700.0,positive,0.17255,0.19445,0.0219,-0.0355,STEEP,1634789.0,1254430.0,0.7673,45,0.15,1
2026-09-22 15:12:38,2026-09-22,2026-09-22T15:13:03+00:00,1037.0,IWM,286.59,2204,-1883198249.81,292.3599,0.020133,293.0,285.0,negative,0.1675,0.18325,0.01575,-0.0317,STEEP,419356.0,397779.0,0.9485,45,0.15,1
2026-09-22 15:28:35,2026-09-22,2026-09-22T15:29:17+00:00,974.0,SPX,7762.8901,11210,73218825897.47,7708.0402,-0.007066,7800.0,7500.0,positive,0.11545,0.13205,0.0166,-0.0295,STEEP,640747.0,675845.0,1.0548,45,0.15,1
2026-09-22 15:28:33,2026-09-22,2026-09-22T15:29:17+00:00,974.0,SPY,773.2599,3836,6698640736.39,770.9552,-0.002981,785.0,745.0,positive,0.11665,0.1317,0.01505,-0.0304,STEEP,1948849.0,1941449.0,0.9962,45,0.15,1
2026-09-22 15:28:39,2026-09-22,2026-09-22T15:29:17+00:00,974.0,QQQ,744.56,3980,6596556331.27,736.6668,-0.010601,750.0,700.0,positive,0.17115,0.19375,0.0226,-0.0354,STEEP,1756383.0,1373894.0,0.7822,45,0.15,1
2026-09-22 15:28:38,2026-09-22,2026-09-22T15:29:17+00:00,974.0,IWM,286.58,2204,-1905239503.48,292.1907,0.019578,293.0,285.0,negative,0.16605,0.18225,0.0162,-0.0312,STEEP,446967.0,423186.0,0.9468,45,0.15,1
2026-09-22 15:43:36,2026-09-22,2026-09-22T15:44:21+00:00,904.0,SPX,7764.75,11146,77169698922.31,7708.2653,-0.007274,7800.0,7500.0,positive,0.11535,0.13205,0.0167,-0.0295,STEEP,688838.0,716533.0,1.0402,45,0.15,1
2026-09-22 15:43:33,2026-09-22,2026-09-22T15:44:21+00:00,904.0,SPY,773.44,3836,7429395479.89,771.0102,-0.003142,785.0,745.0,positive,0.1168,0.1318,0.015,-0.0304,STEEP,2079088.0,2050969.0,0.9865,45,0.15,1
2026-09-22 15:43:40,2026-09-22,2026-09-22T15:44:21+00:00,904.0,QQQ,744.89,3976,6937188396.18,737.0906,-0.01047,750.0,700.0,positive,0.1714,0.19385,0.02245,-0.0347,STEEP,1856372.0,1465623.0,0.7895,45,0.15,1
2026-09-22 15:43:39,2026-09-22,2026-09-22T15:44:21+00:00,904.0,IWM,286.62,2204,-1898155445.76,292.2233,0.01955,293.0,285.0,negative,0.16625,0.18235,0.0161,-0.0281,STEEP,466589.0,437167.0,0.9369,45,0.15,1
2026-09-22 15:55:36,2026-09-22,2026-09-22T15:56:25+00:00,724.0,SPX,7756.9502,11212,65126989452.02,7707.6461,-0.006356,7800.0,7500.0,positive,0.11525,0.1326,0.01735,-0.0305,STEEP,766038.0,800094.0,1.0445,45,0.15,1
2026-09-22 15:55:34,2026-09-22,2026-09-22T15:56:25+00:00,724.0,SPY,772.611,3840,4909864336.7,770.9451,-0.002156,785.0,745.0,positive,0.1166,0.13155,0.01495,-0.0311,STEEP,2243496.0,2292278.0,1.0217,45,0.15,1
2026-09-22 15:55:40,2026-09-22,2026-09-22T15:56:25+00:00,724.0,QQQ,744.2302,3978,6354289491.88,736.9059,-0.009841,750.0,700.0,positive,0.17165,0.1934,0.02175,-0.0364,STEEP,1960572.0,1585173.0,0.8085,45,0.15,1
2026-09-22 15:55:39,2026-09-22,2026-09-22T15:56:25+00:00,724.0,IWM,286.28,2204,-2084025634.19,292.2463,0.020841,293.0,285.0,negative,0.16725,0.18175,0.0145,-0.03,STEEP,481393.0,472509.0,0.9815,45,0.15,1
2026-09-22 16:13:25,2026-09-22,2026-09-22T16:13:34+00:00,1029.0,SPX,7758.8701,11210,67614473822.42,7708.2844,-0.00652,7800.0,7500.0,positive,0.11535,0.13225,0.0169,-0.0292,STEEP,850276.0,882975.0,1.0385,45,0.15,1
2026-09-22 16:12:35,2026-09-22,2026-09-22T16:13:34+00:00,1029.0,SPY,772.67,3840,5170448403.66,771.029,-0.002124,785.0,745.0,positive,0.1168,0.1316,0.0148,-0.0312,STEEP,2416227.0,2477701.0,1.0254,45,0.15,1
2026-09-22 16:12:41,2026-09-22,2026-09-22T16:13:34+00:00,1029.0,QQQ,744.08,3978,6346067058.21,737.1409,-0.009326,750.0,700.0,positive,0.1713,0.193,0.0217,-0.0361,STEEP,2078746.0,1724647.0,0.8297,45,0.15,1
2026-09-22 16:12:40,2026-09-22,2026-09-22T16:13:34+00:00,1029.0,IWM,286.51,2204,-1951450174.58,292.1989,0.019856,293.0,285.0,negative,0.16585,0.18205,0.0162,-0.0314,STEEP,495698.0,485884.0,0.9802,45,0.15,1
2026-09-22 16:31:26,2026-09-22,2026-09-22T16:31:46+00:00,1092.0,SPX,7762.3901,11210,73119259292.47,7708.4643,-0.006947,7800.0,7500.0,positive,0.11545,0.13235,0.0169,-0.0288,STEEP,915574.0,943357.0,1.0303,45,0.15,1
2026-09-22 16:31:35,2026-09-22,2026-09-22T16:31:46+00:00,1092.0,SPY,773.15,3836,6452627593.4,771.1893,-0.002536,785.0,745.0,positive,0.11715,0.13165,0.0145,-0.0297,STEEP,2649213.0,2652222.0,1.0011,45,0.15,1
2026-09-22 16:31:42,2026-09-22,2026-09-22T16:31:46+00:00,1092.0,QQQ,744.71,3976,6960895864.16,737.2605,-0.010003,750.0,700.0,positive,0.17205,0.19395,0.0219,-0.0349,STEEP,2249740.0,1897826.0,0.8436,45,0.15,1
2026-09-22 16:31:40,2026-09-22,2026-09-22T16:31:46+00:00,1092.0,IWM,286.5341,2204,-1933606631.72,292.2485,0.019943,293.0,285.0,negative,0.1655,0.18155,0.01605,-0.0306,STEEP,509473.0,494887.0,0.9714,45,0.15,1
2026-09-22 16:53:38,2026-09-22,2026-09-22T16:53:52+00:00,1326.0,SPX,7759.1499,11210,68668984266.97,7708.4651,-0.006532,7800.0,7500.0,positive,0.115,0.1319,0.0169,-0.0282,STEEP,987244.0,1014801.0,1.0279,45,0.15,1
2026-09-22 16:53:36,2026-09-22,2026-09-22T16:53:52+00:00,1326.0,SPY,772.8793,3840,5764290065.05,771.1283,-0.002266,785.0,761.0,positive,0.1164,0.1312,0.0148,-0.0304,STEEP,2848483.0,2854228.0,1.002,45,0.15,1
2026-09-22 16:53:42,2026-09-22,2026-09-22T16:53:52+00:00,1326.0,QQQ,744.31,3978,6688671974.62,737.209,-0.00954,750.0,700.0,positive,0.1729,0.19405,0.02115,-0.0359,STEEP,2417520.0,2034939.0,0.8417,45,0.15,1
2026-09-22 16:53:41,2026-09-22,2026-09-22T16:53:52+00:00,1326.0,IWM,286.765,2204,-1796114263.29,292.1859,0.018904,293.0,285.0,negative,0.1651,0.18125,0.01615,-0.0283,STEEP,524450.0,508664.0,0.9699,45,0.15,1
2026-09-22 17:11:27,2026-09-22,2026-09-22T17:11:39+00:00,1067.0,SPX,7764.6099,11210,76763139551.96,7707.8848,-0.007306,7800.0,7500.0,positive,0.11575,0.13205,0.0163,-0.0283,STEEP,1075177.0,1084530.0,1.0087,45,0.15,1
2026-09-22 17:10:36,2026-09-22,2026-09-22T17:11:39+00:00,1067.0,SPY,773.58,3836,8133420669.5,771.3447,-0.00289,785.0,745.0,positive,0.11635,0.1317,0.01535,-0.0293,STEEP,3119765.0,3046379.0,0.9765,45,0.15,1
2026-09-22 17:10:43,2026-09-22,2026-09-22T17:11:39+00:00,1067.0,QQQ,745.23,3978,7531901741.16,737.8689,-0.009878,750.0,700.0,positive,0.1734,0.1946,0.0212,-0.0348,STEEP,2588261.0,2176418.0,0.8409,45,0.15,1
2026-09-22 17:10:42,2026-09-22,2026-09-22T17:11:39+00:00,1067.0,IWM,286.96,2234,-1672377979.01,292.3172,0.018669,293.0,285.0,negative,0.16645,0.18215,0.0157,-0.0281,STEEP,549276.0,540635.0,0.9843,45,0.15,1
2026-09-22 17:26:39,2026-09-22,2026-09-22T17:27:18+00:00,939.0,SPX,7763.6001,11210,75862621064.37,7707.9769,-0.007165,7800.0,7500.0,positive,0.11555,0.13185,0.0163,-0.0283,STEEP,1124189.0,1129575.0,1.0048,45,0.15,1
2026-09-22 17:26:37,2026-09-22,2026-09-22T17:27:18+00:00,939.0,SPY,773.35,3836,7024634396.44,771.3101,-0.002638,785.0,761.0,positive,0.1171,0.13155,0.01445,-0.0292,STEEP,3280324.0,3175813.0,0.9681,45,0.15,1
2026-09-22 17:26:43,2026-09-22,2026-09-22T17:27:18+00:00,939.0,QQQ,745.29,3978,7255806830.1,737.4141,-0.010568,750.0,700.0,positive,0.17315,0.19465,0.0215,-0.0351,STEEP,2673217.0,2268134.0,0.8485,45,0.15,1
2026-09-22 17:26:42,2026-09-22,2026-09-22T17:27:18+00:00,939.0,IWM,286.84,2204,-1728697733.79,292.2216,0.018762,293.0,285.0,negative,0.16585,0.18195,0.0161,-0.0279,STEEP,566844.0,559734.0,0.9875,45,0.15,1
2026-09-22 17:41:29,2026-09-22,2026-09-22T17:41:49+00:00,871.0,SPX,7763.1099,11210,74715342117.83,7709.4655,-0.00691,7800.0,7500.0,positive,0.1159,0.132,0.0161,-0.028,STEEP,1158793.0,1176616.0,1.0154,45,0.15,1
2026-09-22 17:41:37,2026-09-22,2026-09-22T17:41:49+00:00,871.0,SPY,773.3,3836,6993273598.56,771.4034,-0.002453,785.0,761.0,positive,0.11725,0.1318,0.01455,-0.029,STEEP,3384898.0,3261913.0,0.9637,45,0.15,1
2026-09-22 17:41:44,2026-09-22,2026-09-22T17:41:49+00:00,871.0,QQQ,745.305,3978,7296162306.05,740.6169,-0.00629,750.0,700.0,positive,0.17345,0.1949,0.02145,-0.0349,STEEP,2731501.0,2330629.0,0.8532,45,0.15,1
2026-09-22 17:41:43,2026-09-22,2026-09-22T17:41:49+00:00,871.0,IWM,286.72,2204,-1802346736.65,292.1994,0.019111,293.0,285.0,negative,0.1658,0.1817,0.0159,-0.0268,STEEP,574018.0,567434.0,0.9885,45,0.15,1
2026-09-22 17:52:29,2026-09-22,2026-09-22T17:52:37+00:00,648.0,SPX,7762.6401,11210,75234152417.75,7708.7405,-0.006943,7800.0,7500.0,positive,0.1158,0.13195,0.01615,-0.0279,STEEP,1197454.0,1212117.0,1.0122,45,0.15,1
2026-09-22 17:51:38,2026-09-22,2026-09-22T17:52:37+00:00,648.0,SPY,773.335,3836,7075218859.49,771.4064,-0.002494,785.0,761.0,positive,0.11725,0.13185,0.0146,-0.029,STEEP,3474499.0,3337886.0,0.9607,45,0.15,1
2026-09-22 17:51:44,2026-09-22,2026-09-22T17:52:37+00:00,648.0,QQQ,745.11,3976,7426306267.06,737.3753,-0.010381,750.0,700.0,positive,0.1727,0.19445,0.02175,-0.0343,STEEP,2805661.0,2392701.0,0.8528,45,0.15,1
2026-09-22 17:51:43,2026-09-22,2026-09-22T17:52:37+00:00,648.0,IWM,286.99,2234,-1634270272.75,292.2614,0.018368,293.0,285.0,negative,0.1663,0.182,0.0157,-0.0275,STEEP,585466.0,572054.0,0.9771,45,0.15,1
2026-09-22 18:14:41,2026-09-22,2026-09-22T18:15:32+00:00,1375.0,SPX,7770.8301,11144,86243604050.79,7711.8154,-0.007594,7900.0,7500.0,positive,0.116,0.1323,0.0163,-0.0269,STEEP,1330317.0,1303953.0,0.9802,45,0.15,1
2026-09-22 18:14:38,2026-09-22,2026-09-22T18:15:32+00:00,1375.0,SPY,774.08,3864,10191146167.42,771.5619,-0.003253,785.0,745.0,positive,0.1173,0.1324,0.0151,-0.0281,STEEP,3809211.0,3582187.0,0.9404,45,0.15,1
2026-09-22 18:14:45,2026-09-22,2026-09-22T18:15:32+00:00,1375.0,QQQ,746.09,3976,7964175915.21,740.9017,-0.006954,750.0,700.0,positive,0.1734,0.1951,0.0217,-0.0331,STEEP,3014902.0,2556902.0,0.8481,45,0.15,1
2026-09-22 18:14:44,2026-09-22,2026-09-22T18:15:32+00:00,1375.0,IWM,287.93,2242,-1109019513.55,292.645,0.016376,293.0,285.0,negative,0.1684,0.17755,0.00915,-0.0261,STEEP,649434.0,596036.0,0.9178,45,0.15,1
2026-09-22 18:35:31,2026-09-22,2026-09-22T18:35:42+00:00,1210.0,SPX,7771.0898,11144,87983601701.14,7709.4881,-0.007927,7900.0,7500.0,positive,0.1162,0.13235,0.01615,-0.0272,STEEP,1405144.0,1368081.0,0.9736,45,0.15,1
2026-09-22 18:34:39,2026-09-22,2026-09-22T18:35:42+00:00,1210.0,SPY,774.095,3864,10401286887.33,771.6236,-0.003193,785.0,761.0,positive,0.11745,0.13235,0.0149,-0.0283,STEEP,4044864.0,3768772.0,0.9317,45,0.15,1
2026-09-22 18:34:46,2026-09-22,2026-09-22T18:35:42+00:00,1210.0,QQQ,746.54,3976,8233847499.64,740.2992,-0.00836,750.0,700.0,positive,0.1732,0.19555,0.02235,-0.0321,STEEP,3190134.0,2681993.0,0.8407,45,0.15,1
2026-09-22 18:34:45,2026-09-22,2026-09-22T18:35:42+00:00,1210.0,IWM,287.88,2242,-1114816023.82,292.3723,0.015605,293.0,285.0,negative,0.16745,0.1774,0.00995,-0.0261,STEEP,702134.0,625612.0,0.891,45,0.15,1
2026-09-22 18:54:43,2026-09-22,2026-09-22T18:54:55+00:00,1153.0,SPX,7768.3901,11146,84198605928.95,7713.9295,-0.007011,7800.0,7500.0,positive,0.1158,0.1319,0.0161,-0.0272,STEEP,1492121.0,1435890.0,0.9623,45,0.15,1
2026-09-22 18:54:40,2026-09-22,2026-09-22T18:54:55+00:00,1153.0,SPY,773.85,3836,9426112865.52,771.6166,-0.002886,785.0,761.0,positive,0.11715,0.13205,0.0149,-0.0298,STEEP,4348660.0,3952400.0,0.9089,45,0.15,1
2026-09-22 18:54:47,2026-09-22,2026-09-22T18:54:55+00:00,1153.0,QQQ,745.99,3974,7951267287.13,738.735,-0.009725,750.0,700.0,positive,0.1741,0.19575,0.02165,-0.0329,STEEP,3425458.0,2833244.0,0.8271,45,0.15,1
2026-09-22 18:54:45,2026-09-22,2026-09-22T18:54:55+00:00,1153.0,IWM,287.43,2232,-1356166720.04,292.3717,0.017193,293.0,285.0,negative,0.1683,0.18385,0.01555,-0.0273,STEEP,732281.0,650122.0,0.8878,45,0.15,1
2026-09-22 19:10:43,2026-09-22,2026-09-22T19:11:27+00:00,992.0,SPX,7770.2002,11146,87187947156.35,7707.6609,-0.008049,7900.0,7500.0,positive,0.1154,0.1319,0.0165,-0.0274,STEEP,1538240.0,1473553.0,0.9579,45,0.15,1
2026-09-22 19:10:41,2026-09-22,2026-09-22T19:11:27+00:00,992.0,SPY,774.02,3864,10589587091.21,771.8127,-0.002852,785.0,761.0,positive,0.1167,0.1318,0.0151,-0.0286,STEEP,4501389.0,4033313.0,0.896,45,0.15,1
2026-09-22 19:10:47,2026-09-22,2026-09-22T19:11:27+00:00,992.0,QQQ,746.335,3976,8216227580.76,739.532,-0.009115,750.0,700.0,positive,0.1736,0.1955,0.0219,-0.0332,STEEP,3525170.0,2946765.0,0.8359,45,0.15,1
2026-09-22 19:10:46,2026-09-22,2026-09-22T19:11:27+00:00,992.0,IWM,287.4299,2232,-1350206514.61,292.4215,0.017366,293.0,285.0,negative,0.1683,0.18345,0.01515,-0.0273,STEEP,746486.0,660057.0,0.8842,45,0.15,1
2026-09-22 19:27:33,2026-09-22,2026-09-22T19:27:44+00:00,977.0,SPX,7770.0698,11146,86833511379.72,7708.1698,-0.007966,7900.0,7500.0,positive,0.11525,0.1318,0.01655,-0.0275,STEEP,1606833.0,1523024.0,0.9478,45,0.15,1
2026-09-22 19:26:41,2026-09-22,2026-09-22T19:27:44+00:00,977.0,SPY,773.97,3864,10322262222.01,771.6628,-0.002981,785.0,761.0,positive,0.1166,0.1318,0.0152,-0.0287,STEEP,4662137.0,4152582.0,0.8907,45,0.15,1
2026-09-22 19:26:48,2026-09-22,2026-09-22T19:27:44+00:00,977.0,QQQ,746.7501,3976,8582356328.28,738.0001,-0.011717,750.0,700.0,positive,0.1733,0.1957,0.0224,-0.0326,STEEP,3630960.0,3030473.0,0.8346,45,0.15,1
2026-09-22 19:26:46,2026-09-22,2026-09-22T19:27:44+00:00,977.0,IWM,287.3,2232,-1403282151.88,292.3813,0.017687,293.0,285.0,negative,0.1678,0.18345,0.01565,-0.0274,STEEP,766440.0,666731.0,0.8699,45,0.15,1
2026-09-22 19:40:33,2026-09-22,2026-09-22T19:40:56+00:00,792.0,SPX,7773.77,11144,92531431671.95,7726.0211,-0.006142,7900.0,7500.0,positive,0.1148,0.1317,0.0169,-0.0278,STEEP,1667607.0,1573106.0,0.9433,45,0.15,1
2026-09-22 19:40:42,2026-09-22,2026-09-22T19:40:56+00:00,792.0,SPY,774.44,3860,13084627203.34,772.057,-0.003077,785.0,761.0,positive,0.1168,0.13205,0.01525,-0.0288,STEEP,4829472.0,4267477.0,0.8836,45,0.15,1
2026-09-22 19:40:48,2026-09-22,2026-09-22T19:40:56+00:00,792.0,QQQ,747.14,3950,9072681890.92,737.6763,-0.012667,755.0,700.0,positive,0.174,0.1962,0.0222,-0.0326,STEEP,3764233.0,3152013.0,0.8374,45,0.15,1
2026-09-22 19:40:47,2026-09-22,2026-09-22T19:40:56+00:00,792.0,IWM,287.46,2232,-1329897039.2,292.4389,0.01732,293.0,285.0,negative,0.1679,0.18375,0.01585,-0.0274,STEEP,788472.0,674964.0,0.856,45,0.15,1
2026-09-22 19:52:34,2026-09-22,2026-09-22T19:52:40+00:00,704.0,SPX,7778.6602,11136,98102047765.84,7711.186,-0.008674,7900.0,7500.0,positive,0.11535,0.132,0.01665,-0.0273,STEEP,1781311.0,1641768.0,0.9217,45,0.15,1
2026-09-22 19:51:42,2026-09-22,2026-09-22T19:52:40+00:00,704.0,SPY,774.885,3860,14921714041.48,772.54,-0.003026,785.0,761.0,positive,0.1165,0.13255,0.01605,-0.0291,STEEP,5049347.0,4386262.0,0.8687,45,0.15,1
2026-09-22 19:51:49,2026-09-22,2026-09-22T19:52:40+00:00,704.0,QQQ,747.71,3950,9964258197.02,741.4686,-0.008347,755.0,700.0,positive,0.17545,0.1948,0.01935,-0.0326,STEEP,3939412.0,3280584.0,0.8328,45,0.15,1
2026-09-22 19:51:47,2026-09-22,2026-09-22T19:52:40+00:00,704.0,IWM,287.89,2242,-1083871595.23,292.6934,0.016685,293.0,285.0,negative,0.16835,0.17805,0.0097,-0.0261,STEEP,818640.0,685518.0,0.8374,45,0.15,1
2026-09-22 20:11:45,2026-09-22,2026-09-22T20:12:03+00:00,1163.0,SPX,7767.5498,10858,64842034760.13,7693.1995,-0.009572,7800.0,7500.0,positive,0.1161,0.13245,0.01635,-0.0274,STEEP,394915.0,514626.0,1.3031,45,0.15,1
2026-09-22 20:11:43,2026-09-22,2026-09-22T20:12:03+00:00,1163.0,SPY,773.76,3592,4763649769.83,770.4063,-0.004334,785.0,761.0,positive,0.11735,0.1326,0.01525,-0.0296,STEEP,1314094.0,1322330.0,1.0063,45,0.15,1
2026-09-22 20:11:49,2026-09-22,2026-09-22T20:12:03+00:00,1163.0,QQQ,747.375,3676,4492471390.6,733.5513,-0.018496,755.0,700.0,positive,0.1766,0.1981,0.0215,-0.0327,STEEP,1082645.0,1185793.0,1.0953,45,0.15,1
2026-09-22 20:11:48,2026-09-22,2026-09-22T20:12:03+00:00,1163.0,IWM,287.185,2082,-1828466813.74,292.973,0.020154,293.0,285.0,negative,0.16935,0.18465,0.0153,-0.0272,STEEP,425642.0,374834.0,0.8806,45,0.15,1
2026-09-22 20:27:46,2026-09-22,2026-09-22T20:28:06+00:00,963.0,SPX,7764.6401,10922,64788659525.81,7692.2695,-0.009321,7800.0,7500.0,positive,0.11605,0.13195,0.0159,-0.0272,STEEP,445323.0,565164.0,1.2691,45,0.15,1
2026-09-22 20:27:43,2026-09-22,2026-09-22T20:28:06+00:00,963.0,SPY,773.71,3592,4690303813.17,770.4365,-0.004231,785.0,761.0,positive,0.11655,0.13175,0.0152,-0.0295,STEEP,1394280.0,1403813.0,1.0068,45,0.15,1
2026-09-22 20:27:50,2026-09-22,2026-09-22T20:28:06+00:00,963.0,QQQ,747.5154,3676,4482515539.67,733.9872,-0.018098,755.0,700.0,positive,0.177,0.19585,0.01885,-0.0334,STEEP,1183755.0,1294103.0,1.0932,45,0.15,1
2026-09-22 20:27:49,2026-09-22,2026-09-22T20:28:06+00:00,963.0,IWM,287.25,2082,-1799131975.27,292.9792,0.019945,293.0,285.0,negative,0.16965,0.18485,0.0152,-0.0286,STEEP,441271.0,456196.0,1.0338,45,0.15,1
2026-09-22 20:43:47,2026-09-22,2026-09-22T20:44:36+00:00,990.0,SPX,7764.6401,10922,62650795066.38,7692.0467,-0.009349,7800.0,7500.0,positive,0.1159,0.1318,0.0159,-0.0284,STEEP,450169.0,568746.0,1.2634,45,0.15,1
2026-09-22 20:43:44,2026-09-22,2026-09-22T20:44:36+00:00,990.0,SPY,773.3,3592,4534144327.45,770.3959,-0.003756,785.0,761.0,positive,0.1176,0.1317,0.0141,-0.0291,STEEP,1401886.0,1409359.0,1.0053,45,0.15,1
2026-09-22 20:43:50,2026-09-22,2026-09-22T20:44:36+00:00,990.0,QQQ,746.9081,3700,4470827285.12,734.3152,-0.01686,750.0,700.0,positive,0.1772,0.19855,0.02135,-0.033,STEEP,1194202.0,1305388.0,1.0931,45,0.15,1
2026-09-22 20:43:49,2026-09-22,2026-09-22T20:44:36+00:00,990.0,IWM,287.17,2082,-1808073580.14,292.9861,0.020253,293.0,285.0,negative,0.1697,0.1848,0.0151,-0.0283,STEEP,442071.0,456713.0,1.0331,45,0.15,1
2026-09-22 20:55:37,2026-09-22,2026-09-22T20:55:55+00:00,679.0,SPX,7764.6401,10922,62200455602.19,7692.235,-0.009325,7800.0,7500.0,positive,0.11585,0.13185,0.016,-0.0282,STEEP,450169.0,568746.0,1.2634,45,0.15,1
2026-09-22 20:55:44,2026-09-22,2026-09-22T20:55:55+00:00,679.0,SPY,773.26,3592,4533675269.95,770.3947,-0.003705,785.0,761.0,positive,0.1176,0.1317,0.0141,-0.0291,STEEP,1401886.0,1409359.0,1.0053,45,0.15,1
2026-09-22 20:55:51,2026-09-22,2026-09-22T20:55:55+00:00,679.0,QQQ,746.9362,3700,4471163692.26,734.3134,-0.016899,750.0,700.0,positive,0.1772,0.19855,0.02135,-0.033,STEEP,1194202.0,1305388.0,1.0931,45,0.15,1
2026-09-22 20:55:50,2026-09-22,2026-09-22T20:55:55+00:00,679.0,IWM,287.11,2082,-1807318117.65,292.9804,0.020446,293.0,285.0,negative,0.1697,0.1848,0.0151,-0.0283,STEEP,442071.0,456713.0,1.0331,45,0.15,1
2026-09-24 17:42:54,2026-09-24,2026-09-24T17:43:16+00:00,102541.0,SPX,7698.29,11066,-9698161616.52,7707.3271,0.001174,7800.0,7600.0,negative,0.1276,0.1392,0.0116,-0.0376,STEEP,1593370.0,1496570.0,0.9392,45,0.15,1
2026-09-24 17:42:51,2026-09-24,2026-09-24T17:43:16+00:00,102541.0,SPY,766.85,3964,-2854493640.19,768.0142,0.001518,785.0,760.0,negative,0.1278,0.14025,0.01245,-0.0386,STEEP,4633559.0,4675587.0,1.0091,45,0.15,1
2026-09-24 17:42:35,2026-09-24,2026-09-24T17:43:16+00:00,102541.0,QQQ,739.915,3988,-1043672856.16,740.5375,0.000841,745.0,736.0,negative,0.18505,0.20315,0.0181,-0.0392,STEEP,3352894.0,3014194.0,0.899,45,0.15,1
2026-09-24 17:42:28,2026-09-24,2026-09-24T17:43:16+00:00,102541.0,IWM,280.89,2206,-3846089220.59,289.8392,0.03186,289.0,275.0,negative,0.18385,0.1937,0.00985,-0.0363,STEEP,694171.0,967968.0,1.3944,45,0.15,1
2026-09-24 17:53:55,2026-09-24,2026-09-24T17:54:38+00:00,682.0,SPX,7696.6802,11066,-12546879010.65,7706.2307,0.001241,7800.0,7500.0,negative,0.12745,0.1395,0.01205,-0.0375,STEEP,1646566.0,1546068.0,0.939,45,0.15,1
2026-09-24 17:53:33,2026-09-24,2026-09-24T17:54:38+00:00,682.0,SPY,766.69,3964,-3093771432.48,767.9542,0.001649,785.0,760.0,negative,0.12765,0.1401,0.01245,-0.0385,STEEP,4765229.0,4842439.0,1.0162,45,0.15,1
2026-09-24 17:53:35,2026-09-24,2026-09-24T17:54:38+00:00,682.0,QQQ,739.845,3988,-1069791766.58,740.3554,0.00069,745.0,736.0,negative,0.1851,0.2033,0.0182,-0.0392,STEEP,3445542.0,3108530.0,0.9022,45,0.15,1
2026-09-24 17:54:28,2026-09-24,2026-09-24T17:54:38+00:00,682.0,IWM,280.87,2206,-3855044256.74,289.8435,0.031949,289.0,275.0,negative,0.1837,0.1935,0.0098,-0.0371,STEEP,706314.0,985863.0,1.3958,45,0.15,1
2026-09-24 18:14:56,2026-09-24,2026-09-24T18:15:31+00:00,1253.0,SPX,7699.8599,11066,-7781333675.57,7706.8657,0.00091,7800.0,7500.0,negative,0.12745,0.1391,0.01165,-0.0375,STEEP,1748044.0,1631445.0,0.9333,45,0.15,1
2026-09-24 18:14:33,2026-09-24,2026-09-24T18:15:31+00:00,1253.0,SPY,767.06,3960,-2478331090.66,767.9922,0.001215,785.0,760.0,negative,0.12765,0.1401,0.01245,-0.0386,STEEP,4997727.0,5161905.0,1.0329,45,0.15,1
2026-09-24 18:14:36,2026-09-24,2026-09-24T18:15:31+00:00,1253.0,QQQ,739.69,3988,-1302019503.37,740.4975,0.001092,745.0,736.0,negative,0.1842,0.20275,0.01855,-0.04,STEEP,3624658.0,3298338.0,0.91,45,0.15,1
2026-09-24 18:14:29,2026-09-24,2026-09-24T18:15:31+00:00,1253.0,IWM,281.16,2206,-3804288053.66,289.6943,0.030354,289.0,280.0,negative,0.18415,0.1943,0.01015,-0.0382,STEEP,730482.0,1087877.0,1.4893,45,0.15,1
2026-09-24 18:34:56,2026-09-24,2026-09-24T18:35:46+00:00,1215.0,SPX,7703.02,11064,-4729369627.87,7707.0857,0.000528,7800.0,7500.0,negative,0.1267,0.13825,0.01155,-0.038,STEEP,1866773.0,1749866.0,0.9374,45,0.15,1
2026-09-24 18:35:34,2026-09-24,2026-09-24T18:35:46+00:00,1215.0,SPY,767.0,3964,-2417490226.12,767.9487,0.001237,785.0,760.0,negative,0.1269,0.1398,0.0129,-0.0384,STEEP,5342722.0,5533535.0,1.0357,45,0.15,1
2026-09-24 18:34:37,2026-09-24,2026-09-24T18:35:46+00:00,1215.0,QQQ,739.93,3988,-882884982.84,740.2988,0.000498,745.0,736.0,negative,0.18345,0.20265,0.0192,-0.0413,STEEP,3866426.0,3538465.0,0.9152,45,0.15,1
2026-09-24 18:35:29,2026-09-24,2026-09-24T18:35:46+00:00,1215.0,IWM,281.23,2204,-3759967743.16,289.6438,0.029918,289.0,280.0,negative,0.1849,0.1948,0.0099,-0.0352,STEEP,787418.0,1130173.0,1.4353,45,0.15,1
2026-09-24 18:54:57,2026-09-24,2026-09-24T18:55:50+00:00,1204.0,SPX,7708.02,11016,2599955748.81,7707.3733,-8.4e-05,7800.0,7500.0,positive,0.1257,0.13775,0.01205,-0.0369,STEEP,1987174.0,1837686.0,0.9248,45,0.15,1
2026-09-24 18:55:01,2026-09-24,2026-09-24T18:55:50+00:00,1204.0,SPY,767.82,3960,-545010831.06,767.9664,0.000191,785.0,760.0,negative,0.1259,0.1388,0.0129,-0.0373,STEEP,5655902.0,5847441.0,1.0339,45,0.15,1
2026-09-24 18:55:46,2026-09-24,2026-09-24T18:55:50+00:00,1204.0,QQQ,740.42,3986,224807988.12,740.1103,-0.000418,745.0,736.0,positive,0.1836,0.2024,0.0188,-0.0395,STEEP,4083504.0,3686668.0,0.9028,45,0.15,1
2026-09-24 18:55:39,2026-09-24,2026-09-24T18:55:50+00:00,1204.0,IWM,281.65,2204,-3644200323.89,289.6201,0.028298,289.0,280.0,negative,0.1822,0.19265,0.01045,-0.0348,STEEP,822647.0,1180766.0,1.4353,45,0.15,1
2026-09-24 19:11:58,2026-09-24,2026-09-24T19:12:48+00:00,1018.0,SPX,7711.8599,11014,8933561381.27,7708.6211,-0.00042,7800.0,7500.0,positive,0.12545,0.1375,0.01205,-0.0364,STEEP,2056024.0,1899364.0,0.9238,45,0.15,1
2026-09-24 19:11:44,2026-09-24,2026-09-24T19:12:48+00:00,1018.0,SPY,768.15,3960,297126152.84,768.0049,-0.000189,785.0,760.0,positive,0.1257,0.13835,0.01265,-0.0364,STEEP,5847279.0,6015871.0,1.0288,45,0.15,1
2026-09-24 19:11:47,2026-09-24,2026-09-24T19:12:48+00:00,1018.0,QQQ,741.615,3960,1995445242.31,740.3919,-0.001649,745.0,736.0,positive,0.18135,0.2005,0.01915,-0.0385,STEEP,4214580.0,3784045.0,0.8978,45,0.15,1
2026-09-24 19:11:39,2026-09-24,2026-09-24T19:12:48+00:00,1018.0,IWM,281.83,2230,-3595714842.4,289.8398,0.028421,289.0,280.0,negative,0.18215,0.19255,0.0104,-0.0353,STEEP,838986.0,1208672.0,1.4406,45,0.15,1
2026-09-24 19:26:59,2026-09-24,2026-09-24T19:27:51+00:00,903.0,SPX,7704.0898,11064,-4249520456.89,7707.6753,0.000465,7800.0,7500.0,negative,0.12675,0.1381,0.01135,-0.0368,STEEP,2138444.0,1978186.0,0.9251,45,0.15,1
2026-09-24 19:26:44,2026-09-24,2026-09-24T19:27:51+00:00,903.0,SPY,767.27,3960,-1967102056.4,767.8219,0.000719,785.0,760.0,negative,0.12695,0.13965,0.0127,-0.0374,STEEP,6066298.0,6246597.0,1.0297,45,0.15,1
2026-09-24 19:26:47,2026-09-24,2026-09-24T19:27:51+00:00,903.0,QQQ,740.28,3986,20263492.96,739.7651,-0.000696,745.0,736.0,positive,0.18355,0.20205,0.0185,-0.0396,STEEP,4356953.0,3919649.0,0.8996,45,0.15,1
2026-09-24 19:26:40,2026-09-24,2026-09-24T19:27:51+00:00,903.0,IWM,281.405,2204,-3652991497.0,289.4541,0.028603,289.0,280.0,negative,0.1865,0.19535,0.00885,-0.0333,STEEP,882004.0,1247793.0,1.4147,45,0.15,1
2026-09-24 19:42:43,2026-09-24,2026-09-24T19:43:07+00:00,916.0,SPX,7707.98,11016,1560035683.78,7708.3738,5.1e-05,7800.0,7500.0,positive,0.1259,0.13785,0.01195,-0.0368,STEEP,2192872.0,2028843.0,0.9252,45,0.15,1
2026-09-24 19:42:45,2026-09-24,2026-09-24T19:43:07+00:00,916.0,SPY,767.8,3960,-420200352.49,767.7902,-1.3e-05,785.0,760.0,negative,0.1261,0.13895,0.01285,-0.0374,STEEP,6248386.0,6393106.0,1.0232,45,0.15,1
2026-09-24 19:42:48,2026-09-24,2026-09-24T19:43:07+00:00,916.0,QQQ,741.265,3960,1866699648.02,739.7935,-0.001985,745.0,730.0,positive,0.18285,0.20165,0.0188,-0.0391,STEEP,4475318.0,4024484.0,0.8993,45,0.15,1
2026-09-24 19:42:41,2026-09-24,2026-09-24T19:43:07+00:00,916.0,IWM,281.41,2204,-3651693755.67,289.7231,0.029541,289.0,280.0,negative,0.18635,0.1953,0.00895,-0.0345,STEEP,911158.0,1266834.0,1.3904,45,0.15,1
2026-09-24 19:55:00,2026-09-24,2026-09-24T19:55:27+00:00,740.0,SPX,7707.75,11016,1238733727.33,7707.7052,-6e-06,7800.0,7500.0,positive,0.125,0.1373,0.0123,-0.0367,STEEP,2249777.0,2076849.0,0.9231,45,0.15,1
2026-09-24 19:54:46,2026-09-24,2026-09-24T19:55:27+00:00,740.0,SPY,767.71,3960,-511622508.96,767.612,-0.000128,785.0,760.0,negative,0.1251,0.13845,0.01335,-0.0372,STEEP,6385895.0,6506859.0,1.0189,45,0.15,1
2026-09-24 19:54:48,2026-09-24,2026-09-24T19:55:27+00:00,740.0,QQQ,741.1,3988,1761297614.39,739.4508,-0.002225,745.0,730.0,positive,0.1816,0.20085,0.01925,-0.0392,STEEP,4551108.0,4100593.0,0.901,45,0.15,1
2026-09-24 19:54:41,2026-09-24,2026-09-24T19:55:27+00:00,740.0,IWM,281.63,2204,-3637694173.68,289.4037,0.027602,289.0,280.0,negative,0.183,0.19285,0.00985,-0.0342,STEEP,925422.0,1287250.0,1.391,45,0.15,1
2026-09-24 20:13:01,2026-09-24,2026-09-24T20:13:46+00:00,1099.0,SPX,7705.0698,10614,4926103770.04,7703.9351,-0.000147,7800.0,7500.0,positive,0.12525,0.13775,0.0125,-0.037,STEEP,526331.0,563931.0,1.0714,45,0.15,1
2026-09-24 20:12:46,2026-09-24,2026-09-24T20:13:46+00:00,1099.0,SPY,767.495,3688,-1212759124.4,768.4172,0.001202,785.0,760.0,negative,0.12675,0.13955,0.0128,-0.0373,STEEP,1826099.0,1817209.0,0.9951,45,0.15,1
2026-09-24 20:12:49,2026-09-24,2026-09-24T20:13:46+00:00,1099.0,QQQ,741.355,3684,1481703240.38,739.1614,-0.002959,745.0,730.0,positive,0.183,0.2019,0.0189,-0.0397,STEEP,1214303.0,1300678.0,1.0711,45,0.15,1
2026-09-24 20:12:42,2026-09-24,2026-09-24T20:13:46+00:00,1099.0,IWM,281.7,2058,-3461481314.97,290.0977,0.029811,289.0,280.0,negative,0.1838,0.1932,0.0094,-0.0344,STEEP,513677.0,749255.0,1.4586,45,0.15,1
2026-09-24 20:31:02,2026-09-24,2026-09-24T20:31:53+00:00,1087.0,SPX,7704.1299,10614,-3844535608.82,7702.457,-0.000217,7800.0,7500.0,negative,0.12625,0.1375,0.01125,-0.0377,STEEP,564663.0,598910.0,1.0607,45,0.15,1
2026-09-24 20:30:47,2026-09-24,2026-09-24T20:31:53+00:00,1087.0,SPY,766.41,3692,-2619730753.05,768.1844,0.002315,785.0,760.0,negative,0.12765,0.14,0.01235,-0.0382,STEEP,1903211.0,1931947.0,1.0151,45,0.15,1
2026-09-24 20:30:49,2026-09-24,2026-09-24T20:31:53+00:00,1087.0,QQQ,739.55,3710,655852867.32,738.8,-0.001014,745.0,730.0,positive,0.18405,0.20285,0.0188,-0.0409,STEEP,1272570.0,1381368.0,1.0855,45,0.15,1
2026-09-24 20:30:42,2026-09-24,2026-09-24T20:31:53+00:00,1087.0,IWM,281.38,2058,-3527540231.37,290.1606,0.031206,289.0,280.0,negative,0.18605,0.1947,0.00865,-0.0348,STEEP,525109.0,756892.0,1.4414,45,0.15,1
2026-09-24 20:54:03,2026-09-24,2026-09-24T20:54:33+00:00,1360.0,SPX,7704.1299,10614,-7383530665.38,7702.6463,-0.000193,7800.0,7500.0,negative,0.12805,0.13845,0.0104,-0.0392,STEEP,564663.0,598910.0,1.0607,45,0.15,1
2026-09-24 20:53:48,2026-09-24,2026-09-24T20:54:33+00:00,1360.0,SPY,765.94,3692,-2616748147.86,768.1809,0.002926,785.0,760.0,negative,0.12765,0.14,0.01235,-0.0382,STEEP,1903211.0,1931947.0,1.0151,45,0.15,1
2026-09-24 20:53:50,2026-09-24,2026-09-24T20:54:33+00:00,1360.0,QQQ,739.28,3710,655374068.19,738.8039,-0.000644,745.0,730.0,positive,0.1848,0.20345,0.01865,-0.0409,STEEP,1272570.0,1381368.0,1.0855,45,0.15,1
2026-09-24 20:53:43,2026-09-24,2026-09-24T20:54:33+00:00,1360.0,IWM,281.08,2060,-3520183249.82,290.1494,0.032266,289.0,275.0,negative,0.18605,0.1947,0.00865,-0.0348,STEEP,525110.0,756892.0,1.4414,45,0.15,1
2026-09-25 13:13:19,2026-09-25,2026-09-25T13:14:11+00:00,58778.0,SPX,7704.1299,10794,32510089302.34,7704.3972,3.5e-05,7800.0,7500.0,positive,0.12255,0.1369,0.01435,-0.0367,STEEP,564663.0,598910.0,1.0607,45,0.15,1
2026-09-25 13:13:10,2026-09-25,2026-09-25T13:14:11+00:00,58778.0,SPY,769.48,4020,-2961075833.18,767.9191,-0.002029,785.0,760.0,negative,0.1243,0.1373,0.013,-0.0382,STEEP,1903211.0,1914996.0,1.0062,45,0.15,1
2026-09-25 13:13:13,2026-09-25,2026-09-25T13:14:11+00:00,58778.0,QQQ,744.16,4038,1470245275.16,738.6703,-0.007377,750.0,730.0,positive,0.18095,0.2004,0.01945,-0.0409,STEEP,1273596.0,1378427.0,1.0823,45,0.15,1
2026-09-25 13:13:12,2026-09-25,2026-09-25T13:14:11+00:00,58778.0,IWM,282.39,2224,-2823085817.46,288.1764,0.020491,287.0,280.0,negative,0.18335,0.1931,0.00975,-0.0348,STEEP,525104.0,756755.0,1.4412,45,0.15,1
2026-09-25 13:31:19,2026-09-25,2026-09-25T13:33:01+00:00,1130.0,SPX,7704.1299,10794,37405545998.25,7704.7857,8.5e-05,7800.0,7500.0,positive,0.1222,0.1368,0.0146,-0.0335,STEEP,564663.0,598910.0,1.0607,45,0.15,1
2026-09-25 13:32:22,2026-09-25,2026-09-25T13:33:01+00:00,1130.0,SPY,769.55,4020,-2940985949.35,767.9147,-0.002125,785.0,760.0,negative,0.12325,0.1365,0.01325,-0.0383,STEEP,1903211.0,1914996.0,1.0062,45,0.15,1
2026-09-25 13:30:14,2026-09-25,2026-09-25T13:33:01+00:00,1130.0,QQQ,744.75,4036,1555425659.08,738.6808,-0.008149,750.0,730.0,positive,0.18015,0.1997,0.01955,-0.0409,STEEP,1273596.0,1378322.0,1.0822,45,0.15,1
2026-09-25 13:31:41,2026-09-25,2026-09-25T13:33:01+00:00,1130.0,IWM,282.51,2224,-2825485635.29,288.1881,0.020099,287.0,280.0,negative,0.18335,0.1918,0.00845,-0.0348,STEEP,525104.0,756755.0,1.4412,45,0.15,1
2026-09-25 13:54:30,2026-09-25,2026-09-25T13:54:56+00:00,1315.0,SPX,7725.9502,10738,32456675783.87,7704.3756,-0.002792,7800.0,7500.0,positive,0.1194,0.135,0.0156,-0.0329,STEEP,99115.0,82259.0,0.8299,45,0.15,1
2026-09-25 13:54:35,2026-09-25,2026-09-25T13:54:56+00:00,1315.0,SPY,769.6201,4050,3410170010.63,768.278,-0.001744,785.0,761.0,positive,0.121,0.13565,0.01465,-0.0368,STEEP,295743.0,199667.0,0.6751,45,0.15,1
2026-09-25 13:52:29,2026-09-25,2026-09-25T13:54:56+00:00,1315.0,QQQ,743.86,4038,4893217005.47,739.0458,-0.006472,750.0,730.0,positive,0.17815,0.1997,0.02155,-0.0384,STEEP,177050.0,142805.0,0.8066,45,0.15,1
2026-09-25 13:54:37,2026-09-25,2026-09-25T13:54:56+00:00,1315.0,IWM,282.05,2254,-2718602505.64,287.8071,0.020412,300.0,280.0,negative,0.1809,0.1921,0.0112,-0.0323,STEEP,27183.0,106736.0,3.9266,45,0.15,1
2026-09-25 14:12:57,2026-09-25,2026-09-25T14:13:43+00:00,1127.0,SPX,7727.79,10738,34977760678.53,7705.0717,-0.00294,7800.0,7500.0,positive,0.11905,0.1347,0.01565,-0.0343,STEEP,238163.0,214043.0,0.8987,45,0.15,1
2026-09-25 14:12:26,2026-09-25,2026-09-25T14:13:43+00:00,1127.0,SPY,770.015,4050,4820247439.22,768.393,-0.002106,785.0,761.0,positive,0.1213,0.136,0.0147,-0.0363,STEEP,769909.0,484277.0,0.629,45,0.15,1
2026-09-25 14:13:29,2026-09-25,2026-09-25T14:13:43+00:00,1127.0,QQQ,744.625,4040,5676520061.55,738.9584,-0.00761,750.0,730.0,positive,0.1785,0.20015,0.02165,-0.0383,STEEP,549337.0,392331.0,0.7142,45,0.15,1
2026-09-25 14:13:28,2026-09-25,2026-09-25T14:13:43+00:00,1127.0,IWM,282.04,2254,-2705301169.17,287.8212,0.020498,300.0,280.0,negative,0.18085,0.19225,0.0114,-0.0327,STEEP,85087.0,169804.0,1.9957,45,0.15,1
2026-09-25 14:31:50,2026-09-25,2026-09-25T14:32:36+00:00,1133.0,SPX,7697.21,10796,-2553754865.54,7702.0905,0.000634,7800.0,7500.0,negative,0.1245,0.1392,0.0147,-0.0404,STEEP,413555.0,449410.0,1.0867,45,0.15,1
2026-09-25 14:31:54,2026-09-25,2026-09-25T14:32:36+00:00,1133.0,SPY,766.68,4032,-3780537653.64,768.0545,0.001793,785.0,760.0,negative,0.12705,0.14,0.01295,-0.0408,STEEP,1425438.0,1200585.0,0.8423,45,0.15,1
2026-09-25 14:31:57,2026-09-25,2026-09-25T14:32:36+00:00,1133.0,QQQ,740.34,4048,1828460109.28,738.416,-0.002599,745.0,730.0,positive,0.1859,0.20505,0.01915,-0.046,STEEP,971520.0,853164.0,0.8782,45,0.15,1
2026-09-25 14:31:56,2026-09-25,2026-09-25T14:32:36+00:00,1133.0,IWM,280.69,2200,-3217885006.1,287.8774,0.025606,300.0,275.0,negative,0.18515,0.1948,0.00965,-0.0375,STEEP,123102.0,262560.0,2.1329,45,0.15,1
2026-09-25 14:54:50,2026-09-25,2026-09-25T14:56:05+00:00,1409.0,SPX,7712.6099,10746,14549658225.79,7703.0973,-0.001233,7800.0,7500.0,positive,0.12285,0.13715,0.0143,-0.0371,STEEP,548813.0,586763.0,1.0691,45,0.15,1
2026-09-25 14:55:55,2026-09-25,2026-09-25T14:56:05+00:00,1409.0,SPY,768.05,4028,-93674418.74,768.1272,0.0001,785.0,761.0,negative,0.125,0.13875,0.01375,-0.0403,STEEP,1877933.0,1609758.0,0.8572,45,0.15,1
2026-09-25 14:54:57,2026-09-25,2026-09-25T14:56:05+00:00,1409.0,QQQ,742.235,4022,3510689473.74,738.8558,-0.004553,750.0,730.0,positive,0.18125,0.2018,0.02055,-0.0443,STEEP,1264805.0,1165313.0,0.9213,45,0.15,1
2026-09-25 14:55:56,2026-09-25,2026-09-25T14:56:05+00:00,1409.0,IWM,280.865,2200,-3213432471.43,287.8254,0.024782,300.0,275.0,negative,0.1838,0.194,0.0102,-0.0389,STEEP,154192.0,310399.0,2.0131,45,0.15,1
2026-09-25 15:14:51,2026-09-25,2026-09-25T15:15:24+00:00,1159.0,SPX,7717.98,10740,22977082348.81,7704.897,-0.001695,7800.0,7500.0,positive,0.1211,0.1365,0.0154,-0.0375,STEEP,632039.0,676390.0,1.0702,45,0.15,1
2026-09-25 15:15:08,2026-09-25,2026-09-25T15:15:24+00:00,1159.0,SPY,768.748,4024,1477572361.14,768.2339,-0.000669,785.0,761.0,positive,0.1232,0.1376,0.0144,-0.0389,STEEP,2182513.0,1924273.0,0.8817,45,0.15,1
2026-09-25 15:14:58,2026-09-25,2026-09-25T15:15:24+00:00,1159.0,QQQ,742.98,4020,4403454322.03,739.4484,-0.004753,750.0,730.0,positive,0.17995,0.2012,0.02125,-0.0421,STEEP,1486793.0,1348869.0,0.9072,45,0.15,1
2026-09-25 15:14:57,2026-09-25,2026-09-25T15:15:24+00:00,1159.0,IWM,281.06,2228,-3170482925.8,287.7712,0.023878,300.0,275.0,negative,0.18195,0.19305,0.0111,-0.04,STEEP,179891.0,353465.0,1.9649,45,0.15,1
2026-09-25 15:31:51,2026-09-25,2026-09-25T15:32:45+00:00,1041.0,SPX,7720.4702,10740,25963248010.69,7704.9406,-0.002011,7800.0,7500.0,positive,0.12095,0.13635,0.0154,-0.037,STEEP,744413.0,779896.0,1.0477,45,0.15,1
2026-09-25 15:31:56,2026-09-25,2026-09-25T15:32:45+00:00,1041.0,SPY,769.01,4024,2219254534.21,768.2598,-0.000975,785.0,761.0,positive,0.123,0.1374,0.0144,-0.0376,STEEP,2569447.0,2242943.0,0.8729,45,0.15,1
2026-09-25 15:31:58,2026-09-25,2026-09-25T15:32:45+00:00,1041.0,QQQ,743.16,4020,4631615166.2,739.6172,-0.004767,750.0,730.0,positive,0.17945,0.2003,0.02085,-0.0414,STEEP,1691202.0,1525155.0,0.9018,45,0.15,1
2026-09-25 15:31:58,2026-09-25,2026-09-25T15:32:45+00:00,1041.0,IWM,281.395,2226,-3036246575.76,287.7354,0.022532,300.0,280.0,negative,0.17985,0.1918,0.01195,-0.0375,STEEP,209696.0,402167.0,1.9179,45,0.15,1
2026-09-25 15:52:52,2026-09-25,2026-09-25T15:53:43+00:00,1258.0,SPX,7716.48,10746,20330695300.27,7704.3863,-0.001567,7800.0,7500.0,positive,0.12045,0.1362,0.01575,-0.0368,STEEP,844766.0,875200.0,1.036,45,0.15,1
2026-09-25 15:52:56,2026-09-25,2026-09-25T15:53:43+00:00,1258.0,SPY,768.67,4024,1423091146.06,768.1678,-0.000653,785.0,761.0,positive,0.12245,0.1369,0.01445,-0.0382,STEEP,2938056.0,2584811.0,0.8798,45,0.15,1
2026-09-25 15:52:59,2026-09-25,2026-09-25T15:53:43+00:00,1258.0,QQQ,742.2199,4022,3754392529.96,739.4639,-0.003713,760.0,730.0,positive,0.17915,0.20035,0.0212,-0.0428,STEEP,1938027.0,1721030.0,0.888,45,0.15,1
2026-09-25 15:52:58,2026-09-25,2026-09-25T15:53:43+00:00,1258.0,IWM,281.55,2226,-2947660816.72,287.726,0.021936,300.0,280.0,negative,0.17855,0.19075,0.0122,-0.0381,STEEP,236249.0,442217.0,1.8718,45,0.15,1
2026-09-25 16:13:00,2026-09-25,2026-09-25T16:13:52+00:00,1209.0,SPX,7720.25,10740,26790166898.32,7705.1739,-0.001953,7800.0,7500.0,positive,0.12,0.13565,0.01565,-0.0375,STEEP,947067.0,975479.0,1.03,45,0.15,1
2026-09-25 16:13:04,2026-09-25,2026-09-25T16:13:52+00:00,1209.0,SPY,769.205,4024,2475130311.78,768.2342,-0.001262,785.0,761.0,positive,0.12205,0.1367,0.01465,-0.0381,STEEP,3289652.0,2959284.0,0.8996,45,0.15,1
2026-09-25 16:13:07,2026-09-25,2026-09-25T16:13:52+00:00,1209.0,QQQ,742.76,4020,4478575601.45,739.7684,-0.004028,750.0,730.0,positive,0.1765,0.19815,0.02165,-0.0416,STEEP,2158841.0,1904093.0,0.882,45,0.15,1
2026-09-25 16:13:06,2026-09-25,2026-09-25T16:13:52+00:00,1209.0,IWM,281.54,2226,-2935811257.96,287.7015,0.021885,300.0,280.0,negative,0.1783,0.1899,0.0116,-0.0398,STEEP,260435.0,471288.0,1.8096,45,0.15,1
2026-09-25 16:32:00,2026-09-25,2026-09-25T16:33:04+00:00,1152.0,SPX,7747.0098,10684,62171929335.48,7708.1187,-0.00502,7800.0,7500.0,positive,0.118,0.1341,0.0161,-0.0338,STEEP,1186149.0,1138744.0,0.96,45,0.15,1
2026-09-25 16:32:05,2026-09-25,2026-09-25T16:33:04+00:00,1152.0,SPY,771.77,4016,8469564850.19,768.5402,-0.004185,785.0,761.0,positive,0.1199,0.1348,0.0149,-0.0344,STEEP,3973279.0,3402431.0,0.8563,45,0.15,1
2026-09-25 16:32:07,2026-09-25,2026-09-25T16:33:04+00:00,1152.0,QQQ,745.8101,4038,6881475576.2,740.1198,-0.00763,750.0,730.0,positive,0.1771,0.19745,0.02035,-0.0381,STEEP,2590359.0,2134127.0,0.8239,45,0.15,1
2026-09-25 16:32:07,2026-09-25,2026-09-25T16:33:04+00:00,1152.0,IWM,283.33,2254,-2114689125.31,287.8777,0.016051,287.0,280.0,negative,0.1789,0.18985,0.01095,-0.0347,STEEP,383997.0,519653.0,1.3533,45,0.15,1
2026-09-25 16:54:01,2026-09-25,2026-09-25T16:54:55+00:00,1311.0,SPX,7739.8398,10692,52884845092.18,7707.6757,-0.004156,7800.0,7500.0,positive,0.11805,0.1333,0.01525,-0.0333,STEEP,1324023.0,1282028.0,0.9683,45,0.15,1
2026-09-25 16:54:05,2026-09-25,2026-09-25T16:54:55+00:00,1311.0,SPY,771.035,4020,6963562568.05,768.523,-0.003258,785.0,761.0,positive,0.12,0.1345,0.0145,-0.0351,STEEP,4451006.0,4017784.0,0.9027,45,0.15,1
2026-09-25 16:54:08,2026-09-25,2026-09-25T16:54:55+00:00,1311.0,QQQ,744.9,4036,6187272238.06,739.8191,-0.006821,750.0,730.0,positive,0.17645,0.19745,0.021,-0.0388,STEEP,2854128.0,2477570.0,0.8681,45,0.15,1
2026-09-25 16:54:07,2026-09-25,2026-09-25T16:54:55+00:00,1311.0,IWM,282.7,2254,-2458944774.78,287.7953,0.018024,287.0,280.0,negative,0.1766,0.18715,0.01055,-0.0366,STEEP,429735.0,567762.0,1.3212,45,0.15,1
2026-09-25 17:12:01,2026-09-25,2026-09-25T17:12:38+00:00,1063.0,SPX,7738.6001,10684,54172370485.99,7707.5975,-0.004006,7800.0,7500.0,positive,0.11795,0.13335,0.0154,-0.0347,STEEP,1383401.0,1339146.0,0.968,45,0.15,1
2026-09-25 17:12:06,2026-09-25,2026-09-25T17:12:38+00:00,1063.0,SPY,770.75,4020,7032420303.39,768.4306,-0.003009,785.0,761.0,positive,0.11985,0.1346,0.01475,-0.035,STEEP,4667287.0,4245287.0,0.9096,45,0.15,1
2026-09-25 17:12:09,2026-09-25,2026-09-25T17:12:38+00:00,1063.0,QQQ,744.48,4040,6261539825.16,739.4867,-0.006707,750.0,730.0,positive,0.17675,0.19795,0.0212,-0.0385,STEEP,2961826.0,2571975.0,0.8684,45,0.15,1
2026-09-25 17:12:08,2026-09-25,2026-09-25T17:12:38+00:00,1063.0,IWM,282.37,2224,-2564267557.89,287.7738,0.019137,300.0,280.0,negative,0.17595,0.1881,0.01215,-0.0351,STEEP,443910.0,590035.0,1.3292,45,0.15,1
2026-09-25 17:28:02,2026-09-25,2026-09-25T17:28:41+00:00,963.0,SPX,7739.3599,10692,55295602267.13,7708.239,-0.004021,7800.0,7500.0,positive,0.11835,0.1336,0.01525,-0.0347,STEEP,1446238.0,1397011.0,0.966,45,0.15,1
2026-09-25 17:28:06,2026-09-25,2026-09-25T17:28:41+00:00,963.0,SPY,770.925,4020,7390951552.74,768.4823,-0.003169,785.0,761.0,positive,0.12025,0.13455,0.0143,-0.0352,STEEP,4923189.0,4456192.0,0.9051,45,0.15,1
2026-09-25 17:28:09,2026-09-25,2026-09-25T17:28:41+00:00,963.0,QQQ,744.92,4036,6634009619.22,740.7968,-0.005535,750.0,730.0,positive,0.17685,0.1978,0.02095,-0.0387,STEEP,3063450.0,2669150.0,0.8713,45,0.15,1
2026-09-25 17:28:08,2026-09-25,2026-09-25T17:28:41+00:00,963.0,IWM,282.305,2254,-2563447798.33,287.7343,0.019232,300.0,280.0,negative,0.17605,0.18845,0.0124,-0.0358,STEEP,456961.0,605769.0,1.3256,45,0.15,1
2026-09-25 17:45:03,2026-09-25,2026-09-25T17:45:24+00:00,1003.0,SPX,7743.0,10684,62240522562.12,7709.2108,-0.004364,7800.0,7500.0,positive,0.1182,0.1334,0.0152,-0.0333,STEEP,1494516.0,1460094.0,0.977,45,0.15,1
2026-09-25 17:45:07,2026-09-25,2026-09-25T17:45:24+00:00,1003.0,SPY,771.32,4020,8702383601.31,768.5546,-0.003585,785.0,761.0,positive,0.12005,0.13485,0.0148,-0.0342,STEEP,5073894.0,4590500.0,0.9047,45,0.15,1
2026-09-25 17:45:10,2026-09-25,2026-09-25T17:45:24+00:00,1003.0,QQQ,745.17,4036,7126305308.05,739.9169,-0.007049,750.0,730.0,positive,0.17605,0.1974,0.02135,-0.038,STEEP,3138976.0,2762194.0,0.88,45,0.15,1
2026-09-25 17:45:09,2026-09-25,2026-09-25T17:45:24+00:00,1003.0,IWM,282.095,2254,-2624962044.28,287.7281,0.019969,300.0,280.0,negative,0.17765,0.1887,0.01105,-0.0336,STEEP,467766.0,623882.0,1.3337,45,0.15,1
2026-09-25 17:57:03,2026-09-25,2026-09-25T17:57:45+00:00,741.0,SPX,7740.8301,10692,61324908103.41,7708.8944,-0.004126,7800.0,7500.0,positive,0.11815,0.1338,0.01565,-0.0331,STEEP,1548683.0,1517823.0,0.9801,45,0.15,1
2026-09-25 17:57:07,2026-09-25,2026-09-25T17:57:45+00:00,741.0,SPY,771.15,4020,8495662086.75,768.4541,-0.003496,785.0,761.0,positive,0.12,0.13485,0.01485,-0.0354,STEEP,5213077.0,4746808.0,0.9106,45,0.15,1
2026-09-25 17:57:10,2026-09-25,2026-09-25T17:57:45+00:00,741.0,QQQ,745.19,4036,7132891360.09,740.128,-0.006793,750.0,730.0,positive,0.17645,0.19745,0.021,-0.0371,STEEP,3211959.0,2840801.0,0.8844,45,0.15,1
2026-09-25 17:57:09,2026-09-25,2026-09-25T17:57:45+00:00,741.0,IWM,282.0,2254,-2666777927.62,287.774,0.020475,300.0,280.0,negative,0.1774,0.1885,0.0111,-0.0334,STEEP,482291.0,638162.0,1.3232,45,0.15,1
2026-09-25 18:19:04,2026-09-25,2026-09-25T18:19:31+00:00,1306.0,SPX,7741.6602,10684,64059680573.22,7709.2255,-0.00419,7800.0,7500.0,positive,0.11835,0.1339,0.01555,-0.0329,STEEP,1610652.0,1592435.0,0.9887,45,0.15,1
2026-09-25 18:19:08,2026-09-25,2026-09-25T18:19:31+00:00,1306.0,SPY,771.06,4020,8932251147.16,768.5556,-0.003248,785.0,761.0,positive,0.1202,0.13515,0.01495,-0.0349,STEEP,5382168.0,4935259.0,0.917,45,0.15,1
2026-09-25 18:19:11,2026-09-25,2026-09-25T18:19:31+00:00,1306.0,QQQ,744.935,4036,7270373676.85,739.4805,-0.007322,750.0,730.0,positive,0.1761,0.19775,0.02165,-0.0379,STEEP,3305798.0,2955438.0,0.894,45,0.15,1
2026-09-25 18:19:10,2026-09-25,2026-09-25T18:19:31+00:00,1306.0,IWM,281.89,2254,-2685879148.32,287.7875,0.020921,300.0,280.0,negative,0.1778,0.1885,0.0107,-0.0335,STEEP,514598.0,651121.0,1.2653,45,0.15,1
2026-09-25 18:42:05,2026-09-25,2026-09-25T18:43:05+00:00,1414.0,SPX,7738.25,10684,60567091049.17,7709.9499,-0.003657,7800.0,7500.0,positive,0.11845,0.13415,0.0157,-0.0329,STEEP,1695992.0,1683925.0,0.9929,45,0.15,1
2026-09-25 18:42:09,2026-09-25,2026-09-25T18:43:05+00:00,1414.0,SPY,770.77,4020,8073795552.19,768.3184,-0.003181,785.0,761.0,positive,0.12055,0.1352,0.01465,-0.0345,STEEP,5619993.0,5193397.0,0.9241,45,0.15,1
2026-09-25 18:42:12,2026-09-25,2026-09-25T18:43:05+00:00,1414.0,QQQ,744.49,4040,6948519086.8,739.2772,-0.007002,760.0,730.0,positive,0.17775,0.19865,0.0209,-0.0383,STEEP,3421856.0,3095082.0,0.9045,45,0.15,1
2026-09-25 18:42:11,2026-09-25,2026-09-25T18:43:05+00:00,1414.0,IWM,281.99,2254,-2584113038.55,287.769,0.020494,300.0,280.0,negative,0.1783,0.1887,0.0104,-0.034,STEEP,531559.0,667833.0,1.2564,45,0.15,1
2026-09-25 18:57:08,2026-09-25,2026-09-25T18:57:14+00:00,849.0,SPX,7737.9702,10684,60289777548.89,7709.152,-0.003724,7800.0,7500.0,positive,0.1182,0.13385,0.01565,-0.0327,STEEP,1762398.0,1769156.0,1.0038,45,0.15,1
2026-09-25 18:56:09,2026-09-25,2026-09-25T18:57:14+00:00,849.0,SPY,770.57,4050,7331960470.08,768.2507,-0.00301,785.0,761.0,positive,0.1199,0.13475,0.01485,-0.0344,STEEP,5797674.0,5443858.0,0.939,45,0.15,1
2026-09-25 18:56:12,2026-09-25,2026-09-25T18:57:14+00:00,849.0,QQQ,744.13,4038,6496943765.6,740.2597,-0.005201,760.0,730.0,positive,0.17765,0.1987,0.02105,-0.0392,STEEP,3541186.0,3250010.0,0.9178,45,0.15,1
2026-09-25 18:56:11,2026-09-25,2026-09-25T18:57:14+00:00,849.0,IWM,281.95,2254,-2633087110.27,287.8172,0.020809,300.0,280.0,negative,0.17825,0.18895,0.0107,-0.034,STEEP,540955.0,679841.0,1.2567,45,0.15,1
2026-09-25 19:13:06,2026-09-25,2026-09-25T19:13:57+00:00,1003.0,SPX,7736.54,10684,60877322015.83,7708.669,-0.003603,7800.0,7500.0,positive,0.1178,0.1338,0.016,-0.0324,STEEP,1810209.0,1817563.0,1.0041,45,0.15,1
2026-09-25 19:13:10,2026-09-25,2026-09-25T19:13:57+00:00,1003.0,SPY,770.66,4020,8145975758.15,768.1857,-0.003211,785.0,761.0,positive,0.11955,0.1345,0.01495,-0.0341,STEEP,5942101.0,5601958.0,0.9428,45,0.15,1
2026-09-25 19:13:13,2026-09-25,2026-09-25T19:13:57+00:00,1003.0,QQQ,744.04,4038,6555257157.39,739.2118,-0.006489,760.0,730.0,positive,0.1769,0.19825,0.02135,-0.039,STEEP,3636438.0,3401567.0,0.9354,45,0.15,1
2026-09-25 19:13:12,2026-09-25,2026-09-25T19:13:57+00:00,1003.0,IWM,282.195,2254,-2542538658.27,287.8124,0.019906,300.0,280.0,negative,0.1772,0.1884,0.0112,-0.0348,STEEP,557401.0,700839.0,1.2573,45,0.15,1
2026-09-25 19:28:06,2026-09-25,2026-09-25T19:28:40+00:00,883.0,SPX,7739.3599,10692,67103228234.64,7709.3577,-0.003877,7800.0,7500.0,positive,0.1176,0.1333,0.0157,-0.0327,STEEP,1876214.0,1876207.0,1.0,45,0.15,1
2026-09-25 19:28:11,2026-09-25,2026-09-25T19:28:40+00:00,883.0,SPY,770.93,4020,8725095207.5,768.2112,-0.003527,785.0,761.0,positive,0.1194,0.13425,0.01485,-0.0344,STEEP,6097078.0,5761045.0,0.9449,45,0.15,1
2026-09-25 19:28:13,2026-09-25,2026-09-25T19:28:40+00:00,883.0,QQQ,744.49,4040,7273826793.73,740.0347,-0.005984,760.0,730.0,positive,0.1778,0.19855,0.02075,-0.0381,STEEP,3745099.0,3544523.0,0.9464,45,0.15,1
2026-09-25 19:28:13,2026-09-25,2026-09-25T19:28:40+00:00,883.0,IWM,282.42,2224,-2429217481.54,287.9886,0.019718,300.0,280.0,negative,0.1768,0.1886,0.0118,-0.0347,STEEP,575308.0,717437.0,1.247,45,0.15,1
2026-09-25 19:43:07,2026-09-25,2026-09-25T19:43:35+00:00,895.0,SPX,7733.3398,10730,56013396838.35,7707.504,-0.003341,7800.0,7500.0,positive,0.11825,0.13335,0.0151,-0.0338,STEEP,1948245.0,1957267.0,1.0046,45,0.15,1
2026-09-25 19:43:11,2026-09-25,2026-09-25T19:43:35+00:00,895.0,SPY,770.355,4050,7406024824.16,767.9245,-0.003155,785.0,761.0,positive,0.12035,0.1348,0.01445,-0.034,STEEP,6255891.0,5932492.0,0.9483,45,0.15,1
2026-09-25 19:43:14,2026-09-25,2026-09-25T19:43:35+00:00,895.0,QQQ,743.97,4038,6489493259.46,740.48,-0.004691,760.0,730.0,positive,0.17765,0.1983,0.02065,-0.0383,STEEP,3858585.0,3665486.0,0.95,45,0.15,1
2026-09-25 19:43:13,2026-09-25,2026-09-25T19:43:35+00:00,895.0,IWM,282.17,2254,-2507932629.48,288.1684,0.021258,300.0,280.0,negative,0.17715,0.18815,0.011,-0.0335,STEEP,589804.0,735845.0,1.2476,45,0.15,1
2026-09-25 19:54:07,2026-09-25,2026-09-25T19:55:17+00:00,702.0,SPX,7737.8799,10684,66141927028.9,7707.3313,-0.003948,7800.0,7500.0,positive,0.1168,0.13255,0.01575,-0.0323,STEEP,2013800.0,2023936.0,1.005,45,0.15,1
2026-09-25 19:54:24,2026-09-25,2026-09-25T19:55:17+00:00,702.0,SPY,770.9,4020,8589758616.77,767.6994,-0.004152,785.0,761.0,positive,0.1186,0.1323,0.0137,-0.0329,STEEP,6406732.0,6106151.0,0.9531,45,0.15,1
2026-09-25 19:54:14,2026-09-25,2026-09-25T19:55:17+00:00,702.0,QQQ,744.18,4038,6960746584.06,741.2473,-0.003941,760.0,730.0,positive,0.17685,0.19795,0.0211,-0.0365,STEEP,3962758.0,3826834.0,0.9657,45,0.15,1
2026-09-25 19:54:14,2026-09-25,2026-09-25T19:55:17+00:00,702.0,IWM,282.405,2224,-2438068338.85,288.6975,0.022282,300.0,280.0,negative,0.17655,0.18825,0.0117,-0.034,STEEP,617481.0,749989.0,1.2146,45,0.15,1
2026-09-25 20:11:08,2026-09-25,2026-09-25T20:11:59+00:00,1002.0,SPX,7745.0098,10122,33263676068.35,7707.2389,-0.004877,7800.0,7500.0,positive,0.11675,0.133,0.01625,-0.0315,STEEP,426123.0,520646.0,1.2218,45,0.15,1
2026-09-25 20:11:12,2026-09-25,2026-09-25T20:11:59+00:00,1002.0,SPY,771.45,3752,2095344051.15,769.8293,-0.002101,785.0,761.0,positive,0.1197,0.1347,0.015,-0.0332,STEEP,1457946.0,1530184.0,1.0495,45,0.15,1
2026-09-25 20:11:15,2026-09-25,2026-09-25T20:11:59+00:00,1002.0,QQQ,744.5106,3766,3053625329.35,737.3026,-0.009682,760.0,730.0,positive,0.1774,0.1984,0.021,-0.0373,STEEP,1021504.0,1184136.0,1.1592,45,0.15,1
2026-09-25 20:11:14,2026-09-25,2026-09-25T20:11:59+00:00,1002.0,IWM,282.105,2088,-2724590145.19,290.4553,0.0296,300.0,280.0,negative,0.17805,0.1887,0.01065,-0.0312,STEEP,283113.0,366766.0,1.2955,45,0.15,1
2026-09-25 20:27:08,2026-09-25,2026-09-25T20:28:17+00:00,978.0,SPX,7743.4102,10122,31714975099.67,7706.2503,-0.004799,7800.0,7500.0,positive,0.11815,0.13365,0.0155,-0.0319,STEEP,473561.0,579129.0,1.2229,45,0.15,1
2026-09-25 20:27:26,2026-09-25,2026-09-25T20:28:17+00:00,978.0,SPY,771.26,3752,1816381892.67,769.7565,-0.001949,785.0,761.0,positive,0.1203,0.13505,0.01475,-0.0323,STEEP,1540198.0,1622192.0,1.0532,45,0.15,1
2026-09-25 20:27:15,2026-09-25,2026-09-25T20:28:17+00:00,978.0,QQQ,744.5158,3766,2906805920.33,737.3587,-0.009613,760.0,730.0,positive,0.17875,0.19945,0.0207,-0.0375,STEEP,1071764.0,1249059.0,1.1654,45,0.15,1
2026-09-25 20:27:14,2026-09-25,2026-09-25T20:28:17+00:00,978.0,IWM,282.12,2088,-2736980284.0,290.4119,0.029391,300.0,280.0,negative,0.17815,0.18905,0.0109,-0.0318,STEEP,298824.0,453500.0,1.5176,45,0.15,1
2026-09-25 20:44:09,2026-09-25,2026-09-25T20:45:03+00:00,1006.0,SPX,7743.4102,10122,30277154651.29,7706.3968,-0.00478,7800.0,7500.0,positive,0.118,0.13355,0.01555,-0.0317,STEEP,479717.0,588762.0,1.2273,45,0.15,1
2026-09-25 20:44:13,2026-09-25,2026-09-25T20:45:03+00:00,1006.0,SPY,771.15,3752,1805503965.19,769.7508,-0.001814,785.0,761.0,positive,0.1199,0.1351,0.0152,-0.0323,STEEP,1553530.0,1630428.0,1.0495,45,0.15,1
2026-09-25 20:44:16,2026-09-25,2026-09-25T20:45:03+00:00,1006.0,QQQ,744.58,3766,2919133256.82,737.2978,-0.00978,760.0,730.0,positive,0.1781,0.19905,0.02095,-0.0376,STEEP,1083474.0,1257190.0,1.1603,45,0.15,1
2026-09-25 20:44:15,2026-09-25,2026-09-25T20:45:03+00:00,1006.0,IWM,282.01,2088,-2741229607.3,290.3207,0.029469,300.0,280.0,negative,0.17775,0.18885,0.0111,-0.0326,STEEP,300242.0,454986.0,1.5154,45,0.15,1
2026-09-25 20:57:09,2026-09-25,2026-09-25T20:57:34+00:00,751.0,SPX,7743.4102,10122,32118802407.9,7706.9922,-0.004703,7800.0,7500.0,positive,0.1181,0.1335,0.0154,-0.0319,STEEP,479717.0,588762.0,1.2273,45,0.15,1
2026-09-25 20:57:14,2026-09-25,2026-09-25T20:57:34+00:00,751.0,SPY,771.39,3752,1806627970.59,769.7511,-0.002125,785.0,761.0,positive,0.1199,0.1351,0.0152,-0.0323,STEEP,1553530.0,1630428.0,1.0495,45,0.15,1
2026-09-25 20:57:16,2026-09-25,2026-09-25T20:57:34+00:00,751.0,QQQ,744.95,3762,2922035154.97,737.2957,-0.010275,760.0,730.0,positive,0.1781,0.19905,0.02095,-0.0376,STEEP,1083474.0,1257190.0,1.1603,45,0.15,1
2026-09-25 20:57:16,2026-09-25,2026-09-25T20:57:34+00:00,751.0,IWM,282.11,2088,-2743174017.52,290.3171,0.029092,300.0,280.0,negative,0.17775,0.18885,0.0111,-0.0326,STEEP,300242.0,454986.0,1.5154,45,0.15,1
2026-09-28 13:14:20,2026-09-28,2026-09-28T13:14:33+00:00,231419.0,SPX,7743.4102,10352,9778935888.75,7713.6976,-0.003837,7800.0,7500.0,positive,0.1265,0.1345,0.008,-0.0367,STEEP,479717.0,588762.0,1.2273,45,0.15,1
2026-09-28 13:14:07,2026-09-28,2026-09-28T13:14:33+00:00,231419.0,SPY,768.98,3816,1803301778.56,770.6317,0.002148,785.0,761.0,positive,0.12915,0.13535,0.0062,-0.0356,STEEP,1554032.0,1631811.0,1.05,45,0.15,1
2026-09-28 13:14:06,2026-09-28,2026-09-28T13:14:33+00:00,231419.0,QQQ,740.91,3834,1648084384.26,741.7162,0.001088,760.0,730.0,positive,0.19145,0.1988,0.00735,-0.0402,STEEP,1082751.0,1259318.0,1.1631,45,0.15,1
2026-09-28 13:14:16,2026-09-28,2026-09-28T13:14:33+00:00,231419.0,IWM,280.67,2094,-2452318657.91,287.853,0.025592,286.0,275.0,negative,0.18495,0.19045,0.0055,-0.0342,STEEP,300232.0,454991.0,1.5155,45,0.15,1
2026-09-28 13:32:21,2026-09-28,2026-09-28T13:35:06+00:00,1233.0,SPX,7743.4102,10352,7350347753.68,7713.5072,-0.003862,7800.0,7600.0,positive,0.12635,0.13445,0.0081,-0.0365,STEEP,479717.0,588762.0,1.2273,45,0.15,1
2026-09-28 13:30:08,2026-09-28,2026-09-28T13:35:06+00:00,1233.0,SPY,768.71,3816,1801792272.28,770.662,0.002539,785.0,761.0,positive,0.12915,0.13535,0.0062,-0.0356,STEEP,1554032.0,1631811.0,1.05,45,0.15,1
2026-09-28 13:30:07,2026-09-28,2026-09-28T13:35:06+00:00,1233.0,QQQ,740.27,3832,1643307169.11,741.7041,0.001937,760.0,730.0,positive,0.19225,0.19945,0.0072,-0.0402,STEEP,1082751.0,1259318.0,1.1631,45,0.15,1
2026-09-28 13:32:18,2026-09-28,2026-09-28T13:35:06+00:00,1233.0,IWM,280.43,2094,-2448126511.67,287.8568,0.026484,286.0,275.0,negative,0.1865,0.1919,0.0054,-0.0342,STEEP,300232.0,454991.0,1.5155,45,0.15,1
2026-09-28 13:57:54,2026-09-28,2026-09-28T13:58:06+00:00,1380.0,SPX,7704.5801,10458,-6825567425.12,7712.996,0.001092,7800.0,7600.0,negative,0.12925,0.1369,0.00765,-0.0383,STEEP,99205.0,132090.0,1.3315,45,0.15,1
2026-09-28 13:55:25,2026-09-28,2026-09-28T13:58:06+00:00,1380.0,SPY,767.44,3820,-4387168301.33,770.0675,0.003424,785.0,761.0,negative,0.13435,0.13845,0.0041,-0.0398,STEEP,209103.0,276321.0,1.3215,45,0.15,1
2026-09-28 13:55:24,2026-09-28,2026-09-28T13:58:06+00:00,1380.0,QQQ,738.69,3810,-2482964562.16,741.8436,0.004269,760.0,730.0,negative,0.19315,0.1993,0.00615,-0.0449,STEEP,192733.0,232719.0,1.2075,45,0.15,1
2026-09-28 13:55:33,2026-09-28,2026-09-28T13:58:06+00:00,1380.0,IWM,279.88,2070,-3483969302.16,287.6155,0.027639,300.0,275.0,negative,0.1913,0.19445,0.00315,-0.0401,STEEP,26311.0,45472.0,1.7283,45,0.15,1
2026-09-28 14:21:03,2026-09-28,2026-09-28T14:21:27+00:00,1401.0,SPX,7704.5801,10458,-7411408609.76,7712.7846,0.001065,7800.0,7600.0,negative,0.1279,0.13605,0.00815,-0.0384,STEEP,245505.0,289073.0,1.1775,45,0.15,1
2026-09-28 14:20:23,2026-09-28,2026-09-28T14:21:27+00:00,1401.0,SPY,767.6,3820,-4329298313.84,770.0539,0.003197,785.0,761.0,negative,0.1317,0.13625,0.00455,-0.0398,STEEP,613657.0,734292.0,1.1966,45,0.15,1
2026-09-28 14:20:22,2026-09-28,2026-09-28T14:21:27+00:00,1401.0,QQQ,737.48,3812,-3609774061.09,741.0379,0.004824,760.0,730.0,negative,0.19235,0.19805,0.0057,-0.0451,STEEP,541777.0,676135.0,1.248,45,0.15,1
2026-09-28 14:20:32,2026-09-28,2026-09-28T14:21:27+00:00,1401.0,IWM,279.96,2070,-3515442701.33,287.4773,0.026851,300.0,275.0,negative,0.18955,0.19305,0.0035,-0.0374,STEEP,84399.0,153303.0,1.8164,45,0.15,1
2026-09-28 14:45:05,2026-09-28,2026-09-28T14:46:07+00:00,1480.0,SPX,7703.5,10458,-9160302557.35,7712.4578,0.001163,7800.0,7600.0,negative,0.12715,0.13565,0.0085,-0.0378,STEEP,361827.0,400035.0,1.1056,45,0.15,1
2026-09-28 14:44:24,2026-09-28,2026-09-28T14:46:07+00:00,1480.0,SPY,767.53,3820,-4612031015.31,770.0557,0.003291,785.0,761.0,negative,0.13115,0.13615,0.005,-0.0391,STEEP,964400.0,1198309.0,1.2425,45,0.15,1
2026-09-28 14:44:22,2026-09-28,2026-09-28T14:46:07+00:00,1480.0,QQQ,736.61,3810,-4293166429.97,741.4301,0.006544,760.0,730.0,negative,0.19005,0.1965,0.00645,-0.0431,STEEP,932168.0,1132046.0,1.2144,45,0.15,1
2026-09-28 14:45:32,2026-09-28,2026-09-28T14:46:07+00:00,1480.0,IWM,280.57,2094,-3341551659.31,287.4045,0.024359,300.0,275.0,negative,0.18785,0.1917,0.00385,-0.0382,STEEP,116848.0,204829.0,1.753,45,0.15,1
2026-09-28 15:15:06,2026-09-28,2026-09-28T15:15:15+00:00,1748.0,SPX,7670.8398,10512,-38508022381.85,7706.864,0.004696,7800.0,7600.0,negative,0.13235,0.1392,0.00685,-0.0402,STEEP,622008.0,706397.0,1.1357,45,0.15,1
2026-09-28 15:14:48,2026-09-28,2026-09-28T15:15:15+00:00,1748.0,SPY,764.21,3828,-8771780486.73,769.7691,0.007274,785.0,761.0,negative,0.13715,0.14005,0.0029,-0.0428,STEEP,1562296.0,2194889.0,1.4049,45,0.15,1
2026-09-28 15:14:47,2026-09-28,2026-09-28T15:15:15+00:00,1748.0,QQQ,732.88,3814,-5862817053.91,741.1947,0.011345,760.0,727.0,negative,0.196,0.19995,0.00395,-0.0485,STEEP,1506316.0,1723368.0,1.1441,45,0.15,1
2026-09-28 15:14:57,2026-09-28,2026-09-28T15:15:15+00:00,1748.0,IWM,279.205,2070,-3649370608.42,287.5358,0.029838,300.0,275.0,negative,0.194,0.1965,0.0025,-0.0398,STEEP,165803.0,331022.0,1.9965,45,0.15,1
2026-09-28 15:35:51,2026-09-28,2026-09-28T15:36:06+00:00,1251.0,SPX,7677.9199,10472,-34091430720.84,7708.3723,0.003966,7800.0,7600.0,negative,0.1305,0.13775,0.00725,-0.0407,STEEP,737568.0,822745.0,1.1155,45,0.15,1
2026-09-28 15:35:49,2026-09-28,2026-09-28T15:36:06+00:00,1251.0,SPY,764.875,3800,-7899742412.05,769.7326,0.006351,785.0,761.0,negative,0.13525,0.1386,0.00335,-0.0423,STEEP,1988556.0,2621839.0,1.3185,45,0.15,1
2026-09-28 15:35:48,2026-09-28,2026-09-28T15:36:06+00:00,1251.0,QQQ,734.2365,3810,-5350301242.84,741.2517,0.009554,760.0,730.0,negative,0.1945,0.19905,0.00455,-0.0477,STEEP,1840820.0,2002795.0,1.088,45,0.15,1
2026-09-28 15:35:57,2026-09-28,2026-09-28T15:36:06+00:00,1251.0,IWM,278.965,2044,-3738529890.02,287.539,0.030735,300.0,275.0,negative,0.193,0.19575,0.00275,-0.0418,STEEP,202829.0,427918.0,2.1097,45,0.15,1
2026-09-28 15:57:52,2026-09-28,2026-09-28T15:58:06+00:00,1320.0,SPX,7678.79,10472,-33347174746.15,7708.7391,0.0039,7800.0,7600.0,negative,0.1304,0.13775,0.00735,-0.0407,STEEP,832570.0,926578.0,1.1129,45,0.15,1
2026-09-28 15:56:50,2026-09-28,2026-09-28T15:58:06+00:00,1320.0,SPY,764.89,3800,-7981808377.01,769.6504,0.006224,785.0,761.0,negative,0.1352,0.13875,0.00355,-0.0425,STEEP,2248649.0,2933017.0,1.3043,45,0.15,1
2026-09-28 15:57:48,2026-09-28,2026-09-28T15:58:06+00:00,1320.0,QQQ,734.56,3810,-5291772970.28,741.3009,0.009177,760.0,730.0,negative,0.19525,0.1994,0.00415,-0.049,STEEP,2083910.0,2241979.0,1.0759,45,0.15,1
2026-09-28 15:57:58,2026-09-28,2026-09-28T15:58:06+00:00,1320.0,IWM,279.06,2044,-3746155405.54,288.1052,0.032413,300.0,275.0,negative,0.19265,0.19555,0.0029,-0.0439,STEEP,236962.0,528316.0,2.2295,45,0.15,1
2026-09-28 16:20:15,2026-09-28,2026-09-28T16:20:51+00:00,1365.0,SPX,7681.4502,10472,-30653850265.42,7709.5034,0.003652,7800.0,7600.0,negative,0.1305,0.1378,0.0073,-0.0407,STEEP,912745.0,1005998.0,1.1022,45,0.15,1
2026-09-28 16:20:13,2026-09-28,2026-09-28T16:20:51+00:00,1365.0,SPY,765.26,3828,-7656247435.74,769.7752,0.0059,785.0,761.0,negative,0.1354,0.1388,0.0034,-0.0424,STEEP,2451876.0,3166698.0,1.2915,45,0.15,1
2026-09-28 16:20:12,2026-09-28,2026-09-28T16:20:51+00:00,1365.0,QQQ,735.235,3838,-5117405449.72,741.3194,0.008276,760.0,730.0,negative,0.19575,0.1997,0.00395,-0.0482,STEEP,2261901.0,2421992.0,1.0708,45,0.15,1
2026-09-28 16:20:22,2026-09-28,2026-09-28T16:20:51+00:00,1365.0,IWM,279.15,2070,-3754740967.15,288.0537,0.031896,300.0,275.0,negative,0.19195,0.1947,0.00275,-0.0421,STEEP,259628.0,554307.0,2.135,45,0.15,1
2026-09-28 16:42:53,2026-09-28,2026-09-28T16:43:26+00:00,1355.0,SPX,7720.1602,10406,10705204936.07,7712.887,-0.000942,7800.0,7500.0,positive,0.126,0.1345,0.0085,-0.0366,STEEP,1159309.0,1172704.0,1.0116,45,0.15,1
2026-09-28 16:42:50,2026-09-28,2026-09-28T16:43:26+00:00,1355.0,SPY,769.0399,3816,-2022722812.09,770.1232,0.001409,785.0,761.0,negative,0.1308,0.13545,0.00465,-0.0374,STEEP,3177244.0,3542979.0,1.1151,45,0.15,1
2026-09-28 16:42:49,2026-09-28,2026-09-28T16:43:26+00:00,1355.0,QQQ,739.84,3834,-1847625005.9,741.7015,0.002516,760.0,730.0,negative,0.1917,0.1967,0.005,-0.0433,STEEP,2731833.0,2705761.0,0.9905,45,0.15,1
2026-09-28 16:42:59,2026-09-28,2026-09-28T16:43:26+00:00,1355.0,IWM,281.28,2118,-3020415298.08,288.1666,0.024483,300.0,280.0,negative,0.1894,0.19215,0.00275,-0.0369,STEEP,334094.0,600868.0,1.7985,45,0.15,1
2026-09-28 16:57:53,2026-09-28,2026-09-28T16:58:33+00:00,907.0,SPX,7698.1699,10460,-14033050776.28,7710.8523,0.001647,7800.0,7600.0,negative,0.1281,0.1363,0.0082,-0.0387,STEEP,1269625.0,1268140.0,0.9988,45,0.15,1
2026-09-28 16:57:51,2026-09-28,2026-09-28T16:58:33+00:00,907.0,SPY,766.89,3824,-5402129886.58,769.9425,0.00398,785.0,761.0,negative,0.1329,0.1372,0.0043,-0.0409,STEEP,3503333.0,3872796.0,1.1055,45,0.15,1
2026-09-28 16:57:50,2026-09-28,2026-09-28T16:58:33+00:00,907.0,QQQ,737.51,3812,-3675509062.76,741.5067,0.005419,760.0,730.0,negative,0.19335,0.19825,0.0049,-0.0461,STEEP,2963514.0,2930324.0,0.9888,45,0.15,1
2026-09-28 16:58:00,2026-09-28,2026-09-28T16:58:33+00:00,907.0,IWM,280.085,2094,-3478576477.14,287.3991,0.026114,300.0,275.0,negative,0.19045,0.19375,0.0033,-0.0387,STEEP,365383.0,639295.0,1.7497,45,0.15,1
2026-09-28 17:18:17,2026-09-28,2026-09-28T17:18:40+00:00,1207.0,SPX,7697.0801,10460,-15195192087.06,7711.7296,0.001903,7800.0,7600.0,negative,0.12795,0.13655,0.0086,-0.0386,STEEP,1354131.0,1342645.0,0.9915,45,0.15,1
2026-09-28 17:17:35,2026-09-28,2026-09-28T17:18:40+00:00,1207.0,SPY,766.73,3824,-5689102722.48,769.9432,0.004191,785.0,761.0,negative,0.13295,0.13705,0.0041,-0.0407,STEEP,3764972.0,4124244.0,1.0954,45,0.15,1
2026-09-28 17:17:34,2026-09-28,2026-09-28T17:18:40+00:00,1207.0,QQQ,736.96,3810,-4295709430.7,741.4408,0.00608,760.0,730.0,negative,0.1934,0.1985,0.0051,-0.046,STEEP,3143060.0,3138834.0,0.9987,45,0.15,1
2026-09-28 17:17:44,2026-09-28,2026-09-28T17:18:40+00:00,1207.0,IWM,280.03,2094,-3519129045.1,287.5575,0.026881,300.0,275.0,negative,0.19075,0.1936,0.00285,-0.0388,STEEP,389888.0,665572.0,1.7071,45,0.15,1
2026-09-28 17:42:18,2026-09-28,2026-09-28T17:42:47+00:00,1447.0,SPX,7699.1499,10460,-12396858618.84,7712.3301,0.001712,7800.0,7600.0,negative,0.1285,0.13625,0.00775,-0.0383,STEEP,1522141.0,1457941.0,0.9578,45,0.15,1
2026-09-28 17:42:36,2026-09-28,2026-09-28T17:42:47+00:00,1447.0,SPY,766.94,3824,-5177169506.27,770.0099,0.004003,785.0,761.0,negative,0.1334,0.137,0.0036,-0.0405,STEEP,4270763.0,4525375.0,1.0596,45,0.15,1
2026-09-28 17:42:35,2026-09-28,2026-09-28T17:42:47+00:00,1447.0,QQQ,737.62,3812,-3936062865.45,741.5201,0.005287,760.0,730.0,negative,0.1933,0.1981,0.0048,-0.0457,STEEP,3500659.0,3438787.0,0.9823,45,0.15,1
2026-09-28 17:42:45,2026-09-28,2026-09-28T17:42:47+00:00,1447.0,IWM,280.51,2094,-3280554544.1,287.602,0.025282,300.0,275.0,negative,0.191,0.19345,0.00245,-0.0389,STEEP,455891.0,709565.0,1.5564,45,0.15,1
2026-09-28 17:56:39,2026-09-28,2026-09-28T17:57:14+00:00,867.0,SPX,7701.9502,10458,-10822970389.37,7711.9192,0.001294,7800.0,7600.0,negative,0.12855,0.1364,0.00785,-0.038,STEEP,1574696.0,1500888.0,0.9531,45,0.15,1
2026-09-28 17:56:37,2026-09-28,2026-09-28T17:57:14+00:00,867.0,SPY,767.26,3820,-4956625731.83,770.1182,0.003725,785.0,761.0,negative,0.13325,0.13705,0.0038,-0.0392,STEEP,4425826.0,4635163.0,1.0473,45,0.15,1
2026-09-28 17:56:35,2026-09-28,2026-09-28T17:57:14+00:00,867.0,QQQ,738.19,3808,-3635637091.76,741.5762,0.004587,760.0,730.0,negative,0.19285,0.1979,0.00505,-0.0446,STEEP,3600990.0,3512515.0,0.9754,45,0.15,1
2026-09-28 17:56:45,2026-09-28,2026-09-28T17:57:14+00:00,867.0,IWM,280.51,2094,-3305447453.3,288.2752,0.027682,300.0,275.0,negative,0.1897,0.1927,0.003,-0.0389,STEEP,486604.0,724992.0,1.4899,45,0.15,1
2026-09-28 18:19:20,2026-09-28,2026-09-28T18:19:32+00:00,1338.0,SPX,7703.2002,10458,-9674185866.97,7713.0326,0.001276,7800.0,7600.0,negative,0.12795,0.1356,0.00765,-0.0382,STEEP,1656719.0,1576935.0,0.9518,45,0.15,1
2026-09-28 18:18:37,2026-09-28,2026-09-28T18:19:32+00:00,1338.0,SPY,767.27,3820,-5111613620.99,770.1301,0.003728,785.0,761.0,negative,0.13285,0.1368,0.00395,-0.0391,STEEP,4637479.0,4790788.0,1.0331,45,0.15,1
2026-09-28 18:18:36,2026-09-28,2026-09-28T18:19:32+00:00,1338.0,QQQ,738.19,3808,-3886743630.61,741.509,0.004496,760.0,730.0,negative,0.1924,0.19765,0.00525,-0.0445,STEEP,3706782.0,3593153.0,0.9693,45,0.15,1
2026-09-28 18:18:46,2026-09-28,2026-09-28T18:19:32+00:00,1338.0,IWM,280.615,2094,-3304711763.05,288.2548,0.027225,300.0,275.0,negative,0.1894,0.1924,0.003,-0.0383,STEEP,499990.0,735231.0,1.4705,45,0.15,1
2026-09-28 18:46:21,2026-09-28,2026-09-28T18:46:36+00:00,1624.0,SPX,7696.1699,10460,-16589545660.86,7710.832,0.001905,7800.0,7600.0,negative,0.12805,0.13655,0.0085,-0.0377,STEEP,1743717.0,1658117.0,0.9509,45,0.15,1
2026-09-28 18:45:38,2026-09-28,2026-09-28T18:46:36+00:00,1624.0,SPY,766.715,3824,-5541829915.95,770.0619,0.004365,785.0,761.0,negative,0.1327,0.13685,0.00415,-0.0401,STEEP,4890112.0,4997747.0,1.022,45,0.15,1
2026-09-28 18:45:37,2026-09-28,2026-09-28T18:46:36+00:00,1624.0,QQQ,737.79,3808,-4302915428.48,741.2843,0.004736,760.0,730.0,negative,0.1909,0.19695,0.00605,-0.0435,STEEP,3855208.0,3721458.0,0.9653,45,0.15,1
2026-09-28 18:45:47,2026-09-28,2026-09-28T18:46:36+00:00,1624.0,IWM,280.57,2094,-3330371077.96,287.4433,0.024497,300.0,275.0,negative,0.18965,0.19255,0.0029,-0.0376,STEEP,564407.0,752145.0,1.3326,45,0.15,1
2026-09-28 19:12:22,2026-09-28,2026-09-28T19:12:35+00:00,1559.0,SPX,7699.75,10460,-14724575017.2,7712.4204,0.001646,7800.0,7600.0,negative,0.12795,0.13605,0.0081,-0.0379,STEEP,1839509.0,1749058.0,0.9508,45,0.15,1
2026-09-28 19:11:39,2026-09-28,2026-09-28T19:12:35+00:00,1559.0,SPY,767.04,3824,-5188260348.66,770.3029,0.004254,785.0,761.0,negative,0.1327,0.1368,0.0041,-0.0389,STEEP,5171591.0,5309098.0,1.0266,45,0.15,1
2026-09-28 19:11:38,2026-09-28,2026-09-28T19:12:35+00:00,1559.0,QQQ,738.45,3810,-4223798401.5,741.2696,0.003818,760.0,730.0,negative,0.19115,0.1969,0.00575,-0.044,STEEP,4044114.0,3921128.0,0.9696,45,0.15,1
2026-09-28 19:11:48,2026-09-28,2026-09-28T19:12:35+00:00,1559.0,IWM,280.595,2094,-3295121068.25,287.4756,0.024521,300.0,275.0,negative,0.19045,0.193,0.00255,-0.0375,STEEP,570769.0,776989.0,1.3613,45,0.15,1
2026-09-28 19:29:42,2026-09-28,2026-09-28T19:30:15+00:00,1060.0,SPX,7688.3599,10462,-25439430322.42,7711.429,0.003001,7800.0,7600.0,negative,0.12915,0.1367,0.00755,-0.0378,STEEP,1944148.0,1849984.0,0.9516,45,0.15,1
2026-09-28 19:29:40,2026-09-28,2026-09-28T19:30:15+00:00,1060.0,SPY,765.87,3828,-7240047662.36,770.4612,0.005995,785.0,761.0,negative,0.13385,0.13755,0.0037,-0.0409,STEEP,5410825.0,5559751.0,1.0275,45,0.15,1
2026-09-28 19:29:38,2026-09-28,2026-09-28T19:30:15+00:00,1060.0,QQQ,736.9,3810,-5266049318.15,740.9241,0.005461,760.0,730.0,negative,0.1923,0.1978,0.0055,-0.0453,STEEP,4198447.0,4081541.0,0.9722,45,0.15,1
2026-09-28 19:29:48,2026-09-28,2026-09-28T19:30:15+00:00,1060.0,IWM,280.04,2094,-3530895158.09,287.5418,0.026788,300.0,275.0,negative,0.1926,0.1949,0.0023,-0.0373,STEEP,584893.0,795976.0,1.3609,45,0.15,1
2026-09-28 19:46:43,2026-09-28,2026-09-28T19:47:22+00:00,1027.0,SPX,7687.46,10464,-27007495594.58,7713.7565,0.003421,7800.0,7600.0,negative,0.1288,0.13705,0.00825,-0.0364,STEEP,2037505.0,1952262.0,0.9582,45,0.15,1
2026-09-28 19:46:40,2026-09-28,2026-09-28T19:47:22+00:00,1027.0,SPY,765.81,3828,-7498606495.48,770.5166,0.006146,785.0,761.0,negative,0.1336,0.1374,0.0038,-0.0408,STEEP,5626291.0,5797071.0,1.0304,45,0.15,1
2026-09-28 19:46:39,2026-09-28,2026-09-28T19:47:22+00:00,1027.0,QQQ,737.0,3810,-5644035619.79,740.7851,0.005136,760.0,730.0,negative,0.1923,0.19775,0.00545,-0.0454,STEEP,4349694.0,4214340.0,0.9689,45,0.15,1
2026-09-28 19:46:49,2026-09-28,2026-09-28T19:47:22+00:00,1027.0,IWM,280.36,2094,-3441161178.91,287.9468,0.027061,300.0,275.0,negative,0.1921,0.195,0.0029,-0.0377,STEEP,599516.0,815654.0,1.3605,45,0.15,1
2026-09-28 20:11:44,2026-09-28,2026-09-28T20:12:00+00:00,1478.0,SPX,7680.8999,10040,-15919576285.94,7703.7677,0.002977,7800.0,7600.0,negative,0.13025,0.1377,0.00745,-0.0394,STEEP,467550.0,509790.0,1.0903,45,0.15,1
2026-09-28 20:11:41,2026-09-28,2026-09-28T20:12:00+00:00,1478.0,SPY,765.2,3558,-5793561701.8,770.1986,0.006532,785.0,761.0,negative,0.13495,0.1385,0.00355,-0.0414,STEEP,1504967.0,1678762.0,1.1155,45,0.15,1
2026-09-28 20:11:40,2026-09-28,2026-09-28T20:12:00+00:00,1478.0,QQQ,736.22,3528,-1418471034.53,739.5338,0.004501,760.0,730.0,negative,0.1947,0.1993,0.0046,-0.0466,STEEP,1209949.0,1459367.0,1.2061,45,0.15,1
2026-09-28 20:11:50,2026-09-28,2026-09-28T20:12:00+00:00,1478.0,IWM,279.93,1938,-3319459154.7,289.6543,0.034738,300.0,275.0,negative,0.19225,0.19485,0.0026,-0.0402,STEEP,327155.0,500876.0,1.531,45,0.15,1
2026-09-28 20:29:26,2026-09-28,2026-09-28T20:29:33+00:00,1053.0,SPX,7683.6899,10032,-15259113439.3,7703.95,0.002637,7800.0,7600.0,negative,0.1298,0.1371,0.0073,-0.0368,STEEP,504483.0,554391.0,1.0989,45,0.15,1
2026-09-28 20:28:42,2026-09-28,2026-09-28T20:29:33+00:00,1053.0,SPY,765.3,3584,-5696023469.73,770.1935,0.006394,785.0,761.0,negative,0.13475,0.13825,0.0035,-0.0404,STEEP,1589729.0,1778274.0,1.1186,45,0.15,1
2026-09-28 20:28:41,2026-09-28,2026-09-28T20:29:33+00:00,1053.0,QQQ,736.33,3528,-1380994149.18,739.437,0.00422,760.0,730.0,negative,0.19435,0.19925,0.0049,-0.048,STEEP,1253844.0,1556905.0,1.2417,45,0.15,1
2026-09-28 20:28:50,2026-09-28,2026-09-28T20:29:33+00:00,1053.0,IWM,280.09,1960,-3270618444.26,289.5772,0.033872,300.0,275.0,negative,0.19235,0.1953,0.00295,-0.038,STEEP,337246.0,532205.0,1.5781,45,0.15,1
2026-09-28 20:46:45,2026-09-28,2026-09-28T20:47:29+00:00,1076.0,SPX,7683.6899,10032,-15054224179.7,7704.1873,0.002668,7800.0,7600.0,negative,0.12975,0.1371,0.00735,-0.0369,STEEP,505886.0,555229.0,1.0975,45,0.15,1
2026-09-28 20:46:43,2026-09-28,2026-09-28T20:47:29+00:00,1076.0,SPY,765.39,3584,-5666342883.81,770.2045,0.00629,785.0,761.0,negative,0.13455,0.1382,0.00365,-0.0404,STEEP,1596752.0,1784584.0,1.1176,45,0.15,1
2026-09-28 20:46:41,2026-09-28,2026-09-28T20:47:29+00:00,1076.0,QQQ,736.5,3524,-1393829841.36,739.4844,0.004052,760.0,730.0,negative,0.19405,0.199,0.00495,-0.048,STEEP,1257489.0,1560840.0,1.2412,45,0.15,1
2026-09-28 20:46:51,2026-09-28,2026-09-28T20:47:29+00:00,1076.0,IWM,280.07,1960,-3277616791.97,290.1259,0.035905,300.0,275.0,negative,0.19245,0.19545,0.003,-0.0377,STEEP,337607.0,532670.0,1.5778,45,0.15,1
2026-09-29 13:15:19,2026-09-29,2026-09-29T13:16:03+00:00,59314.0,SPX,7683.6899,10502,-5899410269.24,7699.9459,0.002116,7800.0,7650.0,negative,0.13225,0.1368,0.00455,-0.0363,STEEP,505886.0,555229.0,1.0975,45,0.15,1
2026-09-29 13:15:08,2026-09-29,2026-09-29T13:16:03+00:00,59314.0,SPY,766.34,3812,-5131021492.25,767.8469,0.001966,785.0,761.0,negative,0.1335,0.1374,0.0039,-0.0404,STEEP,1596752.0,1784574.0,1.1176,45,0.15,1
2026-09-29 13:15:14,2026-09-29,2026-09-29T13:16:03+00:00,59314.0,QQQ,738.32,3752,-1629785808.99,738.4376,0.000159,745.0,730.0,negative,0.1924,0.1977,0.0053,-0.048,STEEP,1257509.0,1560811.0,1.2412,45,0.15,1
2026-09-29 13:15:09,2026-09-29,2026-09-29T13:16:03+00:00,59314.0,IWM,280.41,2100,-3230033588.35,288.6447,0.029367,300.0,275.0,negative,0.19245,0.19545,0.003,-0.0377,STEEP,337607.0,532670.0,1.5778,45,0.15,1
2026-09-29 13:46:30,2026-09-29,2026-09-29T13:46:25+00:00,1822.0,IWM,280.27,2100,-3309745260.45,288.6461,0.029886,300.0,275.0,negative,0.1904,0.1937,0.0033,-0.036,STEEP,7327.0,6869.0,0.9375,45,0.15,1
2026-09-29 14:14:18,2026-09-29,2026-09-29T14:14:29+00:00,3506.0,SPX,7679.5298,10510,-24351971503.56,7697.0581,0.002282,7800.0,7600.0,negative,0.1315,0.13655,0.00505,-0.0381,STEEP,191757.0,264651.0,1.3801,45,0.15,1
2026-09-29 14:13:50,2026-09-29,2026-09-29T14:14:29+00:00,3506.0,SPY,765.235,3816,-5501286109.8,767.8655,0.003437,785.0,761.0,negative,0.13345,0.13725,0.0038,-0.039,STEEP,529827.0,560467.0,1.0578,45,0.15,1
2026-09-29 14:13:56,2026-09-29,2026-09-29T14:14:29+00:00,3506.0,QQQ,738.46,3752,-94157625.57,738.6943,0.000317,745.0,730.0,negative,0.1929,0.19835,0.00545,-0.045,STEEP,463455.0,552994.0,1.1932,45,0.15,1
2026-09-29 14:13:51,2026-09-29,2026-09-29T14:14:29+00:00,1684.0,IWM,279.96,2076,-3450055426.93,288.5929,0.030836,300.0,275.0,negative,0.19165,0.19465,0.003,-0.0357,STEEP,91042.0,92626.0,1.0174,45,0.15,1
2026-09-29 14:34:22,2026-09-29,2026-09-29T14:35:14+00:00,1245.0,SPX,7683.3398,10502,-18124081136.07,7696.8553,0.001759,7800.0,7650.0,negative,0.1311,0.1358,0.0047,-0.0375,STEEP,318029.0,395385.0,1.2432,45,0.15,1
2026-09-29 14:34:19,2026-09-29,2026-09-29T14:35:14+00:00,1245.0,SPY,765.31,3816,-5157174903.19,767.8197,0.003279,785.0,761.0,negative,0.1331,0.13705,0.00395,-0.0384,STEEP,961400.0,941365.0,0.9792,45,0.15,1
2026-09-29 14:34:25,2026-09-29,2026-09-29T14:35:14+00:00,1245.0,QQQ,738.865,3748,428815050.9,738.5321,-0.00045,745.0,730.0,positive,0.1914,0.1968,0.0054,-0.0446,STEEP,721584.0,819046.0,1.1351,45,0.15,1
2026-09-29 14:34:21,2026-09-29,2026-09-29T14:35:14+00:00,1245.0,IWM,279.61,2076,-3597422320.43,288.3514,0.031263,300.0,275.0,negative,0.19005,0.19335,0.0033,-0.0377,STEEP,128907.0,150448.0,1.1671,45,0.15,1
2026-09-29 14:58:22,2026-09-29,2026-09-29T14:58:49+00:00,1415.0,SPX,7680.6602,10510,-21929574570.97,7697.3865,0.002178,7800.0,7600.0,negative,0.1318,0.13655,0.00475,-0.0373,STEEP,445634.0,512559.0,1.1502,45,0.15,1
2026-09-29 14:58:20,2026-09-29,2026-09-29T14:58:49+00:00,1415.0,SPY,765.05,3788,-5661530711.95,767.7484,0.003527,785.0,761.0,negative,0.13375,0.1374,0.00365,-0.0384,STEEP,1335050.0,1221517.0,0.915,45,0.15,1
2026-09-29 14:58:26,2026-09-29,2026-09-29T14:58:49+00:00,1415.0,QQQ,739.23,3776,912648875.93,738.5748,-0.000886,745.0,730.0,positive,0.19225,0.1972,0.00495,-0.0432,STEEP,1052050.0,1092715.0,1.0387,45,0.15,1
2026-09-29 14:58:21,2026-09-29,2026-09-29T14:58:49+00:00,1415.0,IWM,278.97,2050,-3789823839.15,288.0907,0.032694,300.0,275.0,negative,0.19205,0.195,0.00295,-0.0368,STEEP,172048.0,212138.0,1.233,45,0.15,1
2026-09-29 15:21:23,2026-09-29,2026-09-29T15:21:49+00:00,1380.0,SPX,7672.1899,10548,-32298700196.66,7696.0107,0.003105,7800.0,7600.0,negative,0.13275,0.1372,0.00445,-0.0379,STEEP,565061.0,649217.0,1.1489,45,0.15,1
2026-09-29 15:21:21,2026-09-29,2026-09-29T15:21:49+00:00,1380.0,SPY,764.26,3816,-7412130913.26,767.6612,0.00445,785.0,761.0,negative,0.13475,0.138,0.00325,-0.0395,STEEP,1694058.0,1629004.0,0.9616,45,0.15,1
2026-09-29 15:21:27,2026-09-29,2026-09-29T15:21:49+00:00,1380.0,QQQ,738.4799,3752,-192818069.65,738.4983,2.5e-05,745.0,730.0,negative,0.19395,0.19855,0.0046,-0.0441,STEEP,1274256.0,1355101.0,1.0634,45,0.15,1
2026-09-29 15:21:22,2026-09-29,2026-09-29T15:21:49+00:00,1380.0,IWM,278.48,2052,-3933735444.38,288.092,0.034516,300.0,275.0,negative,0.1936,0.196,0.0024,-0.0387,STEEP,213615.0,258641.0,1.2108,45,0.15,1
2026-09-29 15:44:24,2026-09-29,2026-09-29T15:45:17+00:00,1408.0,SPX,7657.5801,10566,-47713411991.34,7693.7203,0.00472,7800.0,7600.0,negative,0.1349,0.1387,0.0038,-0.0411,STEEP,716559.0,848778.0,1.1845,45,0.15,1
2026-09-29 15:44:22,2026-09-29,2026-09-29T15:45:17+00:00,1408.0,SPY,762.77,3820,-10058890044.22,767.4921,0.006191,785.0,745.0,negative,0.13685,0.1396,0.00275,-0.0417,STEEP,2156606.0,2199333.0,1.0198,45,0.15,1
2026-09-29 15:44:28,2026-09-29,2026-09-29T15:45:17+00:00,1408.0,QQQ,736.47,3754,-2410882278.94,738.4129,0.002638,760.0,730.0,negative,0.19625,0.19995,0.0037,-0.0478,STEEP,1566771.0,1719513.0,1.0975,45,0.15,1
2026-09-29 15:44:23,2026-09-29,2026-09-29T15:45:17+00:00,1408.0,IWM,277.815,2022,-4031123642.54,288.5824,0.038757,300.0,275.0,negative,0.19485,0.19705,0.0022,-0.0401,STEEP,259303.0,319061.0,1.2305,45,0.15,1
2026-09-29 16:00:35,2026-09-29,2026-09-29T16:00:39+00:00,922.0,SPX,7667.9502,10556,-36956420443.75,7694.9612,0.003523,7800.0,7600.0,negative,0.1328,0.13715,0.00435,-0.0384,STEEP,808072.0,930824.0,1.1519,45,0.15,1
2026-09-29 15:59:48,2026-09-29,2026-09-29T16:00:39+00:00,922.0,SPY,763.845,3816,-8271667769.79,767.5628,0.004867,785.0,760.0,negative,0.13475,0.1379,0.00315,-0.0411,STEEP,2451650.0,2433591.0,0.9926,45,0.15,1
2026-09-29 15:59:54,2026-09-29,2026-09-29T16:00:39+00:00,922.0,QQQ,737.23,3752,-1544726849.57,738.4775,0.001692,745.0,730.0,negative,0.1943,0.1989,0.0046,-0.0467,STEEP,1749763.0,1893195.0,1.082,45,0.15,1
2026-09-29 15:59:50,2026-09-29,2026-09-29T16:00:39+00:00,922.0,IWM,278.055,2022,-4006078522.56,288.5196,0.037635,300.0,275.0,negative,0.19355,0.1956,0.00205,-0.0387,STEEP,291829.0,342002.0,1.1719,45,0.15,1
2026-09-29 16:31:52,2026-09-29,2026-09-29T16:32:38+00:00,1919.0,SPX,7661.29,10558,-44685367920.16,7693.3291,0.004182,7800.0,7600.0,negative,0.134,0.13785,0.00385,-0.0415,STEEP,942598.0,1050746.0,1.1147,45,0.15,1
2026-09-29 16:31:49,2026-09-29,2026-09-29T16:32:38+00:00,1919.0,SPY,763.16,3820,-9589873812.96,767.4893,0.005673,785.0,760.0,negative,0.13595,0.1388,0.00285,-0.042,STEEP,2934458.0,2848849.0,0.9708,45,0.15,1
2026-09-29 16:31:56,2026-09-29,2026-09-29T16:32:38+00:00,1919.0,QQQ,736.8332,3752,-2102782244.4,738.2935,0.001982,745.0,730.0,negative,0.19445,0.19915,0.0047,-0.0485,STEEP,2016700.0,2135262.0,1.0588,45,0.15,1
2026-09-29 16:31:51,2026-09-29,2026-09-29T16:32:38+00:00,1919.0,IWM,277.74,2022,-4051098802.22,288.5407,0.038888,300.0,275.0,negative,0.196,0.19705,0.00105,-0.0429,STEEP,341271.0,443966.0,1.3009,45,0.15,1
2026-09-29 16:57:40,2026-09-29,2026-09-29T16:57:57+00:00,1519.0,SPX,7660.1099,10558,-47983354597.11,7692.7226,0.004257,7800.0,7600.0,negative,0.1337,0.1377,0.004,-0.0414,STEEP,1032297.0,1131269.0,1.0959,45,0.15,1
2026-09-29 16:56:50,2026-09-29,2026-09-29T16:57:57+00:00,1519.0,SPY,762.98,3820,-9992718634.79,767.2245,0.005563,785.0,745.0,negative,0.13545,0.13845,0.003,-0.0419,STEEP,3161654.0,3025630.0,0.957,45,0.15,1
2026-09-29 16:56:56,2026-09-29,2026-09-29T16:57:57+00:00,1519.0,QQQ,736.2,3754,-3119310262.46,738.0677,0.002537,760.0,730.0,negative,0.19475,0.19965,0.0049,-0.0497,STEEP,2183134.0,2286518.0,1.0474,45,0.15,1
2026-09-29 16:56:51,2026-09-29,2026-09-29T16:57:57+00:00,1519.0,IWM,277.705,2022,-4095516824.63,287.145,0.033993,300.0,275.0,negative,0.19545,0.1968,0.00135,-0.0413,STEEP,365718.0,461366.0,1.2615,45,0.15,1
2026-09-29 17:16:53,2026-09-29,2026-09-29T17:17:09+00:00,1152.0,SPX,7656.1602,10566,-51514145790.53,7691.7547,0.004649,7800.0,7600.0,negative,0.1345,0.13875,0.00425,-0.0405,STEEP,1115949.0,1199582.0,1.0749,45,0.15,1
2026-09-29 17:16:51,2026-09-29,2026-09-29T17:17:09+00:00,1152.0,SPY,762.64,3820,-10617393632.45,767.1177,0.005871,785.0,745.0,negative,0.1364,0.1392,0.0028,-0.0422,STEEP,3404373.0,3544153.0,1.0411,45,0.15,1
2026-09-29 17:16:57,2026-09-29,2026-09-29T17:17:09+00:00,1152.0,QQQ,735.81,3754,-3857153856.23,738.0297,0.003017,760.0,730.0,negative,0.19585,0.20045,0.0046,-0.0501,STEEP,2417081.0,2533068.0,1.048,45,0.15,1
2026-09-29 17:16:52,2026-09-29,2026-09-29T17:17:09+00:00,1152.0,IWM,277.61,2024,-4097186257.83,287.124,0.034271,300.0,275.0,negative,0.19655,0.1979,0.00135,-0.0416,STEEP,396856.0,508524.0,1.2814,45,0.15,1
2026-09-29 17:43:54,2026-09-29,2026-09-29T17:44:12+00:00,1623.0,SPX,7659.1099,10558,-49559757005.35,7691.8783,0.004278,7800.0,7600.0,negative,0.13435,0.13825,0.0039,-0.042,STEEP,1226577.0,1292122.0,1.0534,45,0.15,1
2026-09-29 17:43:52,2026-09-29,2026-09-29T17:44:12+00:00,1623.0,SPY,763.0,3820,-10401071523.66,767.1427,0.005429,785.0,745.0,negative,0.13625,0.1391,0.00285,-0.0425,STEEP,3704667.0,3771618.0,1.0181,45,0.15,1
2026-09-29 17:43:58,2026-09-29,2026-09-29T17:44:12+00:00,1623.0,QQQ,736.8,3752,-2498333093.29,737.963,0.001578,745.0,730.0,negative,0.19425,0.1996,0.00535,-0.0485,STEEP,2602081.0,2710384.0,1.0416,45,0.15,1
2026-09-29 17:43:53,2026-09-29,2026-09-29T17:44:12+00:00,1623.0,IWM,277.565,2024,-4118724946.96,287.1637,0.034582,300.0,275.0,negative,0.19635,0.1975,0.00115,-0.0418,STEEP,423892.0,536627.0,1.266,45,0.15,1
2026-09-29 17:59:43,2026-09-29,2026-09-29T17:59:58+00:00,946.0,SPX,7661.5,10558,-47378636971.24,7692.2484,0.004013,7800.0,7600.0,negative,0.1341,0.1382,0.0041,-0.042,STEEP,1280541.0,1347014.0,1.0519,45,0.15,1
2026-09-29 17:58:52,2026-09-29,2026-09-29T17:59:58+00:00,946.0,SPY,762.99,3820,-10502230271.49,767.1335,0.005431,785.0,745.0,negative,0.13615,0.1391,0.00295,-0.0426,STEEP,3857790.0,3881938.0,1.0063,45,0.15,1
2026-09-29 17:58:58,2026-09-29,2026-09-29T17:59:58+00:00,946.0,QQQ,736.42,3754,-3376567997.97,737.8628,0.001959,760.0,730.0,negative,0.1951,0.20025,0.00515,-0.0502,STEEP,2700324.0,2807215.0,1.0396,45,0.15,1
2026-09-29 17:58:53,2026-09-29,2026-09-29T17:59:58+00:00,946.0,IWM,277.73,2022,-4136992618.4,287.322,0.034537,300.0,275.0,negative,0.1958,0.1969,0.0011,-0.0415,STEEP,445045.0,555351.0,1.2479,45,0.15,1
2026-09-29 18:24:33,2026-09-29,2026-09-29T18:24:54+00:00,1496.0,SPX,7662.4502,10558,-45763888908.18,7692.0446,0.003862,7800.0,7600.0,negative,0.1344,0.13825,0.00385,-0.0416,STEEP,1444397.0,1492645.0,1.0334,45,0.15,1
2026-09-29 18:24:31,2026-09-29,2026-09-29T18:24:54+00:00,1496.0,SPY,763.31,3820,-9799771651.87,766.8961,0.004698,785.0,760.0,negative,0.13625,0.13915,0.0029,-0.0405,STEEP,4353894.0,4238571.0,0.9735,45,0.15,1
2026-09-29 18:24:37,2026-09-29,2026-09-29T18:24:54+00:00,1496.0,QQQ,736.75,3752,-2587792128.43,737.6422,0.001211,760.0,730.0,negative,0.1943,0.19935,0.00505,-0.0482,STEEP,3048764.0,3091968.0,1.0142,45,0.15,1
2026-09-29 18:24:32,2026-09-29,2026-09-29T18:24:54+00:00,1496.0,IWM,278.17,2022,-4020673735.72,288.3538,0.03661,300.0,275.0,negative,0.1951,0.19715,0.00205,-0.0403,STEEP,510197.0,593688.0,1.1636,45,0.15,1
2026-09-29 18:46:59,2026-09-29,2026-09-29T18:47:14+00:00,1340.0,SPX,7666.02,10556,-40561044006.85,7692.6844,0.003478,7800.0,7600.0,negative,0.13325,0.138,0.00475,-0.0383,STEEP,1576269.0,1612721.0,1.0231,45,0.15,1
2026-09-29 18:46:31,2026-09-29,2026-09-29T18:47:14+00:00,1340.0,SPY,763.67,3816,-8956163843.09,766.806,0.004106,785.0,760.0,negative,0.13515,0.13835,0.0032,-0.0405,STEEP,4671021.0,4518004.0,0.9672,45,0.15,1
2026-09-29 18:46:37,2026-09-29,2026-09-29T18:47:14+00:00,1340.0,QQQ,737.3,3752,-1280220515.76,737.6499,0.000475,745.0,730.0,negative,0.1943,0.19915,0.00485,-0.048,STEEP,3258725.0,3318264.0,1.0183,45,0.15,1
2026-09-29 18:46:33,2026-09-29,2026-09-29T18:47:14+00:00,1340.0,IWM,278.145,2022,-4040346328.61,286.9697,0.031727,300.0,275.0,negative,0.195,0.1971,0.0021,-0.04,STEEP,542847.0,626318.0,1.1538,45,0.15,1
2026-09-29 19:13:00,2026-09-29,2026-09-29T19:13:23+00:00,1569.0,SPX,7675.04,10550,-28796862763.95,7694.7192,0.002564,7800.0,7600.0,negative,0.1322,0.1369,0.0047,-0.0379,STEEP,1727563.0,1744949.0,1.0101,45,0.15,1
2026-09-29 19:12:32,2026-09-29,2026-09-29T19:13:23+00:00,1569.0,SPY,764.55,3816,-7256236784.31,766.8962,0.003069,785.0,761.0,negative,0.1336,0.1373,0.0037,-0.0395,STEEP,5089122.0,4841660.0,0.9514,45,0.15,1
2026-09-29 19:12:38,2026-09-29,2026-09-29T19:13:23+00:00,1569.0,QQQ,738.4,3752,1003323516.95,737.6261,-0.001048,745.0,730.0,positive,0.1933,0.19845,0.00515,-0.0457,STEEP,3516185.0,3548594.0,1.0092,45,0.15,1
2026-09-29 19:12:33,2026-09-29,2026-09-29T19:13:23+00:00,1569.0,IWM,278.47,2052,-3938914800.59,288.0458,0.034387,300.0,275.0,negative,0.1955,0.19775,0.00225,-0.0391,STEEP,580655.0,672653.0,1.1584,45,0.15,1
2026-09-29 19:32:01,2026-09-29,2026-09-29T19:32:43+00:00,1160.0,SPX,7673.1499,10548,-31665192540.86,7695.3234,0.00289,7800.0,7600.0,negative,0.13225,0.137,0.00475,-0.0379,STEEP,1813999.0,1828619.0,1.0081,45,0.15,1
2026-09-29 19:31:33,2026-09-29,2026-09-29T19:32:43+00:00,1160.0,SPY,764.39,3816,-8097744435.53,766.8106,0.003167,785.0,761.0,negative,0.13465,0.1382,0.00355,-0.0394,STEEP,5304265.0,5037632.0,0.9497,45,0.15,1
2026-09-29 19:31:39,2026-09-29,2026-09-29T19:32:43+00:00,1160.0,QQQ,738.13,3750,757178441.4,737.4243,-0.000956,745.0,730.0,positive,0.1934,0.1985,0.0051,-0.0467,STEEP,3627521.0,3694675.0,1.0185,45,0.15,1
2026-09-29 19:32:34,2026-09-29,2026-09-29T19:32:43+00:00,1160.0,IWM,278.67,2052,-3906655128.47,288.4457,0.03508,300.0,275.0,negative,0.1934,0.19585,0.00245,-0.039,STEEP,609328.0,685246.0,1.1246,45,0.15,1
2026-09-29 19:55:02,2026-09-29,2026-09-29T19:56:03+00:00,1400.0,SPX,7674.3501,10550,-29243462714.63,7696.4018,0.002873,7800.0,7600.0,negative,0.1322,0.1372,0.005,-0.0378,STEEP,1925320.0,1923274.0,0.9989,45,0.15,1
2026-09-29 19:54:34,2026-09-29,2026-09-29T19:56:03+00:00,1400.0,SPY,764.6723,3816,-7838986487.8,767.0579,0.00312,785.0,761.0,negative,0.1336,0.13755,0.00395,-0.0398,STEEP,5519084.0,5230189.0,0.9477,45,0.15,1
2026-09-29 19:54:40,2026-09-29,2026-09-29T19:56:03+00:00,1400.0,QQQ,738.2393,3750,1628364734.46,736.9266,-0.001778,745.0,730.0,positive,0.1931,0.1983,0.0052,-0.0454,STEEP,3760114.0,3848299.0,1.0235,45,0.15,1
2026-09-29 19:55:35,2026-09-29,2026-09-29T19:56:03+00:00,1400.0,IWM,278.845,2050,-3881840480.86,288.4344,0.03439,300.0,275.0,negative,0.19315,0.19595,0.0028,-0.036,STEEP,632834.0,710207.0,1.1223,45,0.15,1
2026-09-29 20:15:02,2026-09-29,2026-09-29T20:15:47+00:00,1184.0,SPX,7671.5898,10270,-21348477748.14,7688.9248,0.00226,7800.0,7600.0,negative,0.13415,0.1373,0.00315,-0.0381,STEEP,481519.0,546513.0,1.135,45,0.15,1
2026-09-29 20:14:38,2026-09-29,2026-09-29T20:15:47+00:00,1184.0,SPY,764.13,3576,-7249092278.98,769.3504,0.006832,785.0,761.0,negative,0.135,0.1384,0.0034,-0.0392,STEEP,1484449.0,1515839.0,1.0211,45,0.15,1
2026-09-29 20:14:44,2026-09-29,2026-09-29T20:15:47+00:00,1184.0,QQQ,737.92,3478,747149251.06,736.9008,-0.001381,745.0,730.0,positive,0.19455,0.19915,0.0046,-0.0474,STEEP,959696.0,1019631.0,1.0625,45,0.15,1
2026-09-29 20:14:39,2026-09-29,2026-09-29T20:15:47+00:00,1184.0,IWM,279.07,1918,-3782252150.8,288.8444,0.035025,300.0,275.0,negative,0.19405,0.19665,0.0026,-0.0374,STEEP,233944.0,356039.0,1.5219,45,0.15,1
2026-09-29 20:43:04,2026-09-29,2026-09-29T20:43:34+00:00,1667.0,SPX,7670.8398,10270,-17357249250.36,7700.2095,0.003829,7800.0,7600.0,negative,0.13355,0.13785,0.0043,-0.0383,STEEP,516988.0,575473.0,1.1131,45,0.15,1
2026-09-29 20:42:39,2026-09-29,2026-09-29T20:43:34+00:00,1667.0,SPY,764.84,3550,-6699252100.09,769.3312,0.005872,785.0,761.0,negative,0.13445,0.1375,0.00305,-0.0397,STEEP,1542680.0,1568819.0,1.0169,45,0.15,1
2026-09-29 20:42:45,2026-09-29,2026-09-29T20:43:34+00:00,1667.0,QQQ,738.76,3480,883546799.91,736.8679,-0.002561,745.0,730.0,positive,0.19335,0.198,0.00465,-0.0468,STEEP,996043.0,1057778.0,1.062,45,0.15,1
2026-09-29 20:42:40,2026-09-29,2026-09-29T20:43:34+00:00,1667.0,IWM,279.29,1942,-3790461210.79,288.6882,0.03365,300.0,275.0,negative,0.19355,0.19615,0.0026,-0.0368,STEEP,260526.0,388493.0,1.4912,45,0.15,1
2026-09-29 20:57:04,2026-09-29,2026-09-29T20:57:11+00:00,817.0,SPX,7670.8398,10270,-15120320018.81,7699.2094,0.003698,7800.0,7600.0,negative,0.13345,0.1378,0.00435,-0.038,STEEP,516988.0,575473.0,1.1131,45,0.15,1
2026-09-29 20:56:40,2026-09-29,2026-09-29T20:57:11+00:00,817.0,SPY,765.12,3550,-6704158051.51,769.3309,0.005504,785.0,761.0,negative,0.13445,0.1375,0.00305,-0.0397,STEEP,1542680.0,1568819.0,1.0169,45,0.15,1
2026-09-29 20:56:46,2026-09-29,2026-09-29T20:57:11+00:00,817.0,QQQ,739.2,3502,904916881.87,736.869,-0.003153,745.0,730.0,positive,0.19335,0.198,0.00465,-0.0468,STEEP,996498.0,1057777.0,1.0615,45,0.15,1
2026-09-29 20:56:41,2026-09-29,2026-09-29T20:57:11+00:00,817.0,IWM,279.32,1942,-3791275561.06,288.6853,0.033529,300.0,275.0,negative,0.19355,0.19615,0.0026,-0.0368,STEEP,260526.0,388493.0,1.4912,45,0.15,1
2026-09-30 13:16:21,2026-09-30,2026-09-30T13:16:54+00:00,58783.0,SPX,7670.8398,10532,12273913480.67,7691.5495,0.0027,7800.0,7500.0,positive,0.13545,0.13795,0.0025,-0.037,STEEP,516988.0,575473.0,1.1131,45,0.15,1
2026-09-30 13:16:06,2026-09-30,2026-09-30T13:16:54+00:00,58783.0,SPY,767.03,3804,-4357783438.6,766.5674,-0.000603,785.0,745.0,negative,0.13255,0.1361,0.00355,-0.0397,STEEP,1542713.0,1569270.0,1.0172,45,0.15,1
2026-09-30 13:16:12,2026-09-30,2026-09-30T13:16:54+00:00,58783.0,QQQ,741.0787,3730,-634953093.58,739.4259,-0.00223,745.0,730.0,negative,0.19155,0.1967,0.00515,-0.0468,STEEP,996498.0,1057777.0,1.0615,45,0.15,1
2026-09-30 13:16:14,2026-09-30,2026-09-30T13:16:54+00:00,58783.0,IWM,280.27,2100,-3533031793.93,286.6159,0.022642,300.0,275.0,negative,0.19175,0.19465,0.0029,-0.0368,STEEP,260526.0,388493.0,1.4912,45,0.15,1
2026-09-30 13:39:32,2026-09-30,2026-09-30T13:44:00+00:00,1626.0,SPY,766.4838,3804,-4370481047.23,766.5125,3.7e-05,785.0,745.0,negative,0.13345,0.13695,0.0035,-0.0397,STEEP,1542713.0,1569270.0,1.0172,45,0.15,1
2026-09-30 13:39:37,2026-09-30,2026-09-30T13:44:00+00:00,1626.0,QQQ,740.2684,3728,-634712452.23,739.4225,-0.001143,745.0,730.0,negative,0.1926,0.19735,0.00475,-0.0468,STEEP,996498.0,1057777.0,1.0615,45,0.15,1
2026-09-30 13:39:40,2026-09-30,2026-09-30T13:44:00+00:00,1626.0,IWM,279.9946,2076,-3526953395.31,286.6254,0.023682,300.0,275.0,negative,0.19175,0.19465,0.0029,-0.0368,STEEP,260526.0,388493.0,1.4912,45,0.15,1
2026-09-30 14:00:16,2026-09-30,2026-09-30T14:00:25+00:00,2611.0,SPX,7697.5801,10484,11899620997.95,7690.2256,-0.000955,7800.0,7650.0,positive,0.1316,0.13495,0.00335,-0.0369,STEEP,124711.0,134130.0,1.0755,45,0.15,1
2026-09-30 13:58:59,2026-09-30,2026-09-30T14:00:25+00:00,985.0,SPY,766.8101,3804,-1649921.63,767.0302,0.000287,785.0,745.0,negative,0.13145,0.1359,0.00445,-0.0375,STEEP,301226.0,231128.0,0.7673,45,0.15,1
2026-09-30 13:58:21,2026-09-30,2026-09-30T14:00:25+00:00,985.0,QQQ,741.865,3704,2305740044.25,739.832,-0.00274,745.0,736.0,positive,0.1918,0.19765,0.00585,-0.0459,STEEP,282583.0,224459.0,0.7943,45,0.15,1
2026-09-30 13:58:24,2026-09-30,2026-09-30T14:00:25+00:00,985.0,IWM,279.61,2076,-3621209509.42,286.5089,0.024673,300.0,275.0,negative,0.1905,0.1942,0.0037,-0.0339,STEEP,56419.0,92817.0,1.6451,45,0.15,1
2026-09-30 14:23:37,2026-09-30,2026-09-30T14:24:43+00:00,1458.0,SPX,7717.2002,10438,32137231163.22,7693.7195,-0.003043,7800.0,7500.0,positive,0.13165,0.1349,0.00325,-0.0358,STEEP,379354.0,345373.0,0.9104,45,0.15,1
2026-09-30 14:23:37,2026-09-30,2026-09-30T14:24:43+00:00,1458.0,SPY,768.77,3796,3232802259.37,767.2787,-0.00194,785.0,745.0,positive,0.13105,0.1359,0.00485,-0.0366,STEEP,971854.0,782551.0,0.8052,45,0.15,1
2026-09-30 14:24:00,2026-09-30,2026-09-30T14:24:43+00:00,1458.0,QQQ,744.05,3720,4683085615.74,739.7974,-0.005715,750.0,736.0,positive,0.19265,0.1984,0.00575,-0.0433,STEEP,752963.0,682158.0,0.906,45,0.15,1
2026-09-30 14:23:45,2026-09-30,2026-09-30T14:24:43+00:00,1458.0,IWM,279.98,2076,-3562144455.69,286.1085,0.021889,300.0,275.0,negative,0.19005,0.19335,0.0033,-0.0358,STEEP,130848.0,161086.0,1.2311,45,0.15,1
2026-09-30 14:46:38,2026-09-30,2026-09-30T14:47:45+00:00,1382.0,SPX,7709.21,10440,23948537429.56,7692.5811,-0.002157,7800.0,7500.0,positive,0.1328,0.13585,0.00305,-0.0364,STEEP,525311.0,505547.0,0.9624,45,0.15,1
2026-09-30 14:46:37,2026-09-30,2026-09-30T14:47:45+00:00,1382.0,SPY,768.02,3800,2108962379.35,767.1018,-0.001196,785.0,745.0,positive,0.1327,0.13645,0.00375,-0.0373,STEEP,1394703.0,1206614.0,0.8651,45,0.15,1
2026-09-30 14:46:43,2026-09-30,2026-09-30T14:47:45+00:00,1382.0,QQQ,743.25,3702,4226847149.29,739.8339,-0.004596,750.0,736.0,positive,0.19375,0.19905,0.0053,-0.0441,STEEP,1017469.0,965743.0,0.9492,45,0.15,1
2026-09-30 14:46:45,2026-09-30,2026-09-30T14:47:45+00:00,1382.0,IWM,279.21,2076,-3777149682.74,286.5414,0.026258,300.0,275.0,negative,0.19305,0.19615,0.0031,-0.0372,STEEP,189951.0,208859.0,1.0995,45,0.15,1
2026-09-30 15:16:39,2026-09-30,2026-09-30T15:17:38+00:00,1793.0,SPX,7711.79,10438,27687736189.27,7692.2767,-0.00253,7800.0,7500.0,positive,0.1327,0.1361,0.0034,-0.0364,STEEP,712776.0,693000.0,0.9723,45,0.15,1
2026-09-30 15:16:38,2026-09-30,2026-09-30T15:17:38+00:00,1793.0,SPY,768.265,3796,2781918643.91,766.9952,-0.001653,785.0,745.0,positive,0.1323,0.13675,0.00445,-0.0378,STEEP,1950649.0,1730518.0,0.8871,45,0.15,1
2026-09-30 15:16:44,2026-09-30,2026-09-30T15:17:38+00:00,1793.0,QQQ,743.365,3702,4370835713.17,739.8263,-0.00476,750.0,736.0,positive,0.19305,0.1989,0.00585,-0.0435,STEEP,1294575.0,1274749.0,0.9847,45,0.15,1
2026-09-30 15:16:47,2026-09-30,2026-09-30T15:17:38+00:00,1793.0,IWM,280.1401,2100,-3538257040.01,285.9225,0.020641,284.0,275.0,negative,0.191,0.19485,0.00385,-0.0372,STEEP,282244.0,263187.0,0.9325,45,0.15,1
2026-09-30 15:45:40,2026-09-30,2026-09-30T15:46:38+00:00,1740.0,SPX,7716.4702,10438,31913190988.11,7693.6435,-0.002958,7800.0,7500.0,positive,0.13265,0.13595,0.0033,-0.0365,STEEP,826307.0,817555.0,0.9894,45,0.15,1
2026-09-30 15:45:39,2026-09-30,2026-09-30T15:46:38+00:00,1740.0,SPY,768.77,3796,3473178881.3,767.215,-0.002023,785.0,745.0,positive,0.13205,0.13635,0.0043,-0.0372,STEEP,2329014.0,2086578.0,0.8959,45,0.15,1
2026-09-30 15:45:45,2026-09-30,2026-09-30T15:46:38+00:00,1740.0,QQQ,743.96,3720,5073077206.19,740.0017,-0.005321,750.0,736.0,positive,0.19145,0.1978,0.00635,-0.0432,STEEP,1447748.0,1485481.0,1.0261,45,0.15,1
2026-09-30 15:45:47,2026-09-30,2026-09-30T15:46:38+00:00,1740.0,IWM,279.9403,2076,-3719040443.23,286.1923,0.022333,300.0,275.0,negative,0.1907,0.19455,0.00385,-0.036,STEEP,318845.0,308237.0,0.9667,45,0.15,1
2026-09-30 16:14:41,2026-09-30,2026-09-30T16:15:39+00:00,1741.0,SPX,7714.9399,10438,31654709664.99,7693.581,-0.002769,7800.0,7500.0,positive,0.1326,0.136,0.0034,-0.0362,STEEP,933781.0,925913.0,0.9916,45,0.15,1
2026-09-30 16:14:40,2026-09-30,2026-09-30T16:15:39+00:00,1741.0,SPY,768.62,3796,3540171032.38,767.048,-0.002045,785.0,745.0,positive,0.13185,0.1363,0.00445,-0.0369,STEEP,2680361.0,2405301.0,0.8974,45,0.15,1
2026-09-30 16:14:46,2026-09-30,2026-09-30T16:15:39+00:00,1741.0,QQQ,744.39,3722,5618449838.89,739.9586,-0.005953,750.0,730.0,positive,0.1918,0.1978,0.006,-0.0435,STEEP,1649093.0,1743872.0,1.0575,45,0.15,1
2026-09-30 16:14:49,2026-09-30,2026-09-30T16:15:39+00:00,1741.0,IWM,279.515,2076,-3897154251.45,285.8738,0.022749,300.0,275.0,negative,0.1904,0.1943,0.0039,-0.0382,STEEP,355162.0,346644.0,0.976,45,0.15,1
2026-09-30 16:43:42,2026-09-30,2026-09-30T16:44:29+00:00,1730.0,SPX,7711.1299,10440,28129421693.94,7691.1397,-0.002592,7800.0,7500.0,positive,0.1329,0.13625,0.00335,-0.0367,STEEP,1025053.0,1025557.0,1.0005,45,0.15,1
2026-09-30 16:43:42,2026-09-30,2026-09-30T16:44:29+00:00,1730.0,SPY,768.135,3800,3047209559.44,766.8585,-0.001662,785.0,745.0,positive,0.1326,0.13695,0.00435,-0.0379,STEEP,2912061.0,2658052.0,0.9128,45,0.15,1
2026-09-30 16:43:47,2026-09-30,2026-09-30T16:44:29+00:00,1730.0,QQQ,743.9,3720,5253741573.05,739.7976,-0.005515,750.0,736.0,positive,0.19135,0.19725,0.0059,-0.0432,STEEP,1765839.0,1921426.0,1.0881,45,0.15,1
2026-09-30 16:43:50,2026-09-30,2026-09-30T16:44:29+00:00,1730.0,IWM,279.6,2076,-3933157786.54,285.7942,0.022154,300.0,275.0,negative,0.19,0.1941,0.0041,-0.0353,STEEP,375583.0,367181.0,0.9776,45,0.15,1
2026-09-30 16:58:43,2026-09-30,2026-09-30T16:59:21+00:00,892.0,SPX,7712.0698,10438,29490762534.8,7691.5702,-0.002658,7800.0,7500.0,positive,0.13265,0.136,0.00335,-0.037,STEEP,1088232.0,1088492.0,1.0002,45,0.15,1
2026-09-30 16:58:42,2026-09-30,2026-09-30T16:59:21+00:00,892.0,SPY,768.31,3796,3177391597.56,766.8974,-0.001839,785.0,745.0,positive,0.13255,0.1369,0.00435,-0.0382,STEEP,3084502.0,2809820.0,0.9109,45,0.15,1
2026-09-30 16:58:48,2026-09-30,2026-09-30T16:59:21+00:00,892.0,QQQ,744.07,3720,5570631116.56,739.9819,-0.005494,750.0,730.0,positive,0.19095,0.1969,0.00595,-0.044,STEEP,1854398.0,2045091.0,1.1028,45,0.15,1
2026-09-30 16:58:50,2026-09-30,2026-09-30T16:59:21+00:00,892.0,IWM,279.64,2076,-3970127563.27,285.8307,0.022138,300.0,275.0,negative,0.1897,0.1937,0.004,-0.0354,STEEP,386079.0,375886.0,0.9736,45,0.15,1
2026-09-30 17:19:44,2026-09-30,2026-09-30T17:20:28+00:00,1267.0,SPX,7711.9702,10438,30091472211.73,7689.9688,-0.002853,7800.0,7500.0,positive,0.1324,0.13585,0.00345,-0.0373,STEEP,1152937.0,1146711.0,0.9946,45,0.15,1
2026-09-30 17:19:43,2026-09-30,2026-09-30T17:20:28+00:00,1267.0,SPY,768.28,3796,3146731154.56,766.8573,-0.001852,785.0,745.0,positive,0.13215,0.13665,0.0045,-0.0386,STEEP,3276218.0,2966704.0,0.9055,45,0.15,1
2026-09-30 17:19:49,2026-09-30,2026-09-30T17:20:28+00:00,1267.0,QQQ,744.03,3720,5714334837.1,739.8426,-0.005628,750.0,730.0,positive,0.19065,0.19675,0.0061,-0.0436,STEEP,1948136.0,2148161.0,1.1027,45,0.15,1
2026-09-30 17:19:51,2026-09-30,2026-09-30T17:20:28+00:00,1267.0,IWM,279.26,2076,-3960470309.05,284.6965,0.019468,300.0,275.0,negative,0.19065,0.1943,0.00365,-0.0359,STEEP,404747.0,390062.0,0.9637,45,0.15,1
2026-09-30 17:41:45,2026-09-30,2026-09-30T17:42:57+00:00,1349.0,SPX,7694.0298,10486,12392020012.27,7686.5439,-0.000973,7800.0,7650.0,positive,0.13415,0.1369,0.00275,-0.039,STEEP,1268287.0,1280629.0,1.0097,45,0.15,1
2026-09-30 17:41:44,2026-09-30,2026-09-30T17:42:57+00:00,1349.0,SPY,766.43,3804,98896240.26,766.3821,-6.3e-05,785.0,745.0,positive,0.1344,0.1381,0.0037,-0.0402,STEEP,3626529.0,3323084.0,0.9163,45,0.15,1
2026-09-30 17:41:50,2026-09-30,2026-09-30T17:42:57+00:00,1349.0,QQQ,741.8,3704,3136052679.46,739.5346,-0.003054,745.0,736.0,positive,0.19405,0.19855,0.0045,-0.0464,STEEP,2089639.0,2331898.0,1.1159,45,0.15,1
2026-09-30 17:42:52,2026-09-30,2026-09-30T17:42:57+00:00,1349.0,IWM,278.71,2052,-3887078702.78,285.9651,0.026031,300.0,275.0,negative,0.19135,0.19485,0.0035,-0.0361,STEEP,436946.0,423864.0,0.9701,45,0.15,1
2026-09-30 17:56:45,2026-09-30,2026-09-30T17:57:36+00:00,879.0,SPX,7704.3599,10482,24011574457.46,7688.1412,-0.002105,7800.0,7500.0,positive,0.1324,0.1358,0.0034,-0.0382,STEEP,1336651.0,1353519.0,1.0126,45,0.15,1
2026-09-30 17:56:44,2026-09-30,2026-09-30T17:57:36+00:00,879.0,SPY,767.57,3800,2358745938.34,766.6356,-0.001217,785.0,745.0,positive,0.13175,0.1362,0.00445,-0.0385,STEEP,3823611.0,3502277.0,0.916,45,0.15,1
2026-09-30 17:56:50,2026-09-30,2026-09-30T17:57:36+00:00,879.0,QQQ,743.32,3702,5099677780.95,739.8371,-0.004686,750.0,730.0,positive,0.19185,0.197,0.00515,-0.0457,STEEP,2204891.0,2434637.0,1.1042,45,0.15,1
2026-09-30 17:56:52,2026-09-30,2026-09-30T17:57:36+00:00,879.0,IWM,279.2,2076,-3991237077.99,285.9279,0.024097,300.0,275.0,negative,0.1906,0.1945,0.0039,-0.0362,STEEP,456799.0,443824.0,0.9716,45,0.15,1
2026-09-30 18:19:46,2026-09-30,2026-09-30T18:20:39+00:00,1383.0,SPX,7702.48,10482,22576710994.41,7687.2161,-0.001982,7800.0,7500.0,positive,0.13255,0.1359,0.00335,-0.0381,STEEP,1419404.0,1433068.0,1.0096,45,0.15,1
2026-09-30 18:19:45,2026-09-30,2026-09-30T18:20:39+00:00,1383.0,SPY,767.32,3800,2061622057.83,766.4558,-0.001126,785.0,745.0,positive,0.13235,0.1367,0.00435,-0.0379,STEEP,4042331.0,3774504.0,0.9337,45,0.15,1
2026-09-30 18:19:51,2026-09-30,2026-09-30T18:20:39+00:00,1383.0,QQQ,743.62,3720,5495087981.27,739.6888,-0.005287,750.0,730.0,positive,0.1913,0.19655,0.00525,-0.0463,STEEP,2330475.0,2596553.0,1.1142,45,0.15,1
2026-09-30 18:19:53,2026-09-30,2026-09-30T18:20:39+00:00,1383.0,IWM,279.2238,2076,-3995807889.85,286.0703,0.02452,300.0,275.0,negative,0.191,0.19465,0.00365,-0.0361,STEEP,498942.0,464732.0,0.9314,45,0.15,1
2026-09-30 18:46:47,2026-09-30,2026-09-30T18:47:19+00:00,1600.0,SPX,7693.98,10486,17600952174.27,7684.6523,-0.001212,7800.0,7500.0,positive,0.13285,0.136,0.00315,-0.0386,STEEP,1542596.0,1543041.0,1.0003,45,0.15,1
2026-09-30 18:46:46,2026-09-30,2026-09-30T18:47:19+00:00,1600.0,SPY,766.44,3804,524038734.26,766.1944,-0.00032,785.0,745.0,positive,0.1331,0.13725,0.00415,-0.0388,STEEP,4332037.0,4091111.0,0.9444,45,0.15,1
2026-09-30 18:46:52,2026-09-30,2026-09-30T18:47:19+00:00,1600.0,QQQ,743.01,3702,4977868128.71,739.5777,-0.004619,750.0,736.0,positive,0.1919,0.197,0.0051,-0.046,STEEP,2469622.0,2751142.0,1.114,45,0.15,1
2026-09-30 18:46:54,2026-09-30,2026-09-30T18:47:19+00:00,1600.0,IWM,279.065,2050,-3949325772.12,286.1093,0.025243,300.0,275.0,negative,0.19125,0.19465,0.0034,-0.0361,STEEP,512890.0,483231.0,0.9422,45,0.15,1
2026-09-30 19:13:48,2026-09-30,2026-09-30T19:14:27+00:00,1628.0,SPX,7694.8398,10478,18874555988.06,7683.2455,-0.001507,7800.0,7500.0,positive,0.13305,0.13605,0.003,-0.0388,STEEP,1672880.0,1673872.0,1.0006,45,0.15,1
2026-09-30 19:13:47,2026-09-30,2026-09-30T19:14:27+00:00,1628.0,SPY,766.59,3804,614331716.45,766.176,-0.00054,785.0,745.0,positive,0.1325,0.13635,0.00385,-0.0393,STEEP,4631517.0,4404400.0,0.951,45,0.15,1
2026-09-30 19:13:53,2026-09-30,2026-09-30T19:14:27+00:00,1628.0,QQQ,743.05,3702,4933765770.14,739.4291,-0.004873,750.0,736.0,positive,0.19195,0.1969,0.00495,-0.0464,STEEP,2591498.0,2909231.0,1.1226,45,0.15,1
2026-09-30 19:13:55,2026-09-30,2026-09-30T19:14:27+00:00,1628.0,IWM,279.025,2050,-3882812577.78,285.8316,0.024394,300.0,275.0,negative,0.1922,0.19535,0.00315,-0.0358,STEEP,538758.0,553634.0,1.0276,45,0.15,1
2026-09-30 19:31:49,2026-09-30,2026-09-30T19:32:55+00:00,1108.0,SPX,7694.2598,10478,20701106357.25,7682.3912,-0.001543,7800.0,7500.0,positive,0.1327,0.1359,0.0032,-0.0389,STEEP,1755191.0,1736906.0,0.9896,45,0.15,1
2026-09-30 19:31:48,2026-09-30,2026-09-30T19:32:55+00:00,1108.0,SPY,766.545,3804,811659577.53,765.9707,-0.000749,785.0,745.0,positive,0.13195,0.1362,0.00425,-0.0393,STEEP,4803440.0,4532924.0,0.9437,45,0.15,1
2026-09-30 19:31:54,2026-09-30,2026-09-30T19:32:55+00:00,1108.0,QQQ,743.52,3724,5204214749.9,739.2834,-0.005698,750.0,730.0,positive,0.1913,0.19665,0.00535,-0.0464,STEEP,2693542.0,3016782.0,1.12,45,0.15,1
2026-09-30 19:31:56,2026-09-30,2026-09-30T19:32:55+00:00,1108.0,IWM,278.995,2050,-3839944840.45,284.3797,0.0193,300.0,275.0,negative,0.1916,0.1948,0.0032,-0.0352,STEEP,556760.0,564851.0,1.0145,45,0.15,1
2026-09-30 19:54:59,2026-09-30,2026-09-30T19:55:07+00:00,1332.0,SPX,7689.0801,10486,16163764525.35,7681.7043,-0.000959,7800.0,7500.0,positive,0.13415,0.1369,0.00275,-0.0391,STEEP,1871673.0,1853627.0,0.9904,45,0.15,1
2026-09-30 19:54:49,2026-09-30,2026-09-30T19:55:07+00:00,1332.0,SPY,765.81,3808,-814211232.34,765.5576,-0.00033,785.0,745.0,negative,0.134,0.1378,0.0038,-0.0398,STEEP,5036684.0,4762502.0,0.9456,45,0.15,1
2026-09-30 19:53:54,2026-09-30,2026-09-30T19:55:07+00:00,1332.0,QQQ,743.15,3702,4748596191.92,738.4941,-0.006265,750.0,736.0,positive,0.19335,0.19765,0.0043,-0.0484,STEEP,2805292.0,3161424.0,1.127,45,0.15,1
2026-09-30 19:54:57,2026-09-30,2026-09-30T19:55:07+00:00,1332.0,IWM,279.13,2050,-3773313754.63,284.9302,0.020779,300.0,275.0,negative,0.1923,0.1953,0.003,-0.0355,STEEP,587047.0,590715.0,1.0062,45,0.15,1
2026-09-30 20:14:10,2026-09-30,2026-09-30T20:14:28+00:00,1161.0,SPX,7667.9302,9738,-15599572764.06,7692.9076,0.003257,7800.0,7500.0,negative,0.13615,0.1384,0.00225,-0.0398,STEEP,445436.0,519319.0,1.1659,45,0.15,1
2026-09-30 20:13:35,2026-09-30,2026-09-30T20:14:28+00:00,1161.0,SPY,763.66,3380,-6315130710.91,769.0617,0.007073,785.0,745.0,negative,0.13595,0.1391,0.00315,-0.0417,STEEP,1506617.0,1505220.0,0.9991,45,0.15,1
2026-09-30 20:13:41,2026-09-30,2026-09-30T20:14:28+00:00,1161.0,QQQ,740.61,3316,1199396308.94,738.1302,-0.003348,760.0,730.0,positive,0.1962,0.19965,0.00345,-0.0493,STEEP,913636.0,1143770.0,1.2519,45,0.15,1
2026-09-30 20:13:43,2026-09-30,2026-09-30T20:14:28+00:00,1161.0,IWM,278.265,1916,-3452898187.02,290.0796,0.042458,300.0,275.0,negative,0.19515,0.19755,0.0024,-0.0378,STEEP,290751.0,316440.0,1.0884,45,0.15,1
2026-09-30 20:33:11,2026-09-30,2026-09-30T20:33:28+00:00,1140.0,SPX,7651.54,9686,-17867017669.65,7693.663,0.005505,7800.0,7500.0,negative,0.1381,0.14005,0.00195,-0.04,STEEP,502166.0,572453.0,1.14,45,0.15,1
2026-09-30 20:32:36,2026-09-30,2026-09-30T20:33:28+00:00,1140.0,SPY,763.22,3382,-6695097310.25,769.1829,0.007813,785.0,745.0,negative,0.13675,0.14025,0.0035,-0.041,STEEP,1646308.0,1623488.0,0.9861,45,0.15,1
2026-09-30 20:32:42,2026-09-30,2026-09-30T20:33:28+00:00,1140.0,QQQ,740.23,3316,1216734487.71,738.1565,-0.002801,760.0,730.0,positive,0.19625,0.19985,0.0036,-0.0503,STEEP,984908.0,1221799.0,1.2405,45,0.15,1
2026-09-30 20:32:44,2026-09-30,2026-09-30T20:33:28+00:00,1140.0,IWM,278.0,1888,-3504176605.24,290.1672,0.043767,294.0,275.0,negative,0.19455,0.1972,0.00265,-0.0364,STEEP,309349.0,387301.0,1.252,45,0.15,1
2026-09-30 20:54:37,2026-09-30,2026-09-30T20:55:11+00:00,1303.0,SPX,7651.54,9686,-17639408135.19,7694.824,0.005657,7800.0,7500.0,negative,0.1379,0.14015,0.00225,-0.0404,STEEP,502166.0,572453.0,1.14,45,0.15,1
2026-09-30 20:54:37,2026-09-30,2026-09-30T20:55:11+00:00,1303.0,SPY,763.39,3382,-6697761991.68,769.18,0.007585,785.0,745.0,negative,0.13675,0.14025,0.0035,-0.041,STEEP,1646308.0,1623488.0,0.9861,45,0.15,1
2026-09-30 20:54:43,2026-09-30,2026-09-30T20:55:11+00:00,1303.0,QQQ,740.95,3316,1220655358.94,738.157,-0.00377,760.0,730.0,positive,0.1953,0.19925,0.00395,-0.0503,STEEP,984908.0,1221799.0,1.2405,45,0.15,1
2026-09-30 20:54:45,2026-09-30,2026-09-30T20:55:11+00:00,1303.0,IWM,278.07,1888,-3505941520.67,290.1629,0.043489,294.0,275.0,negative,0.19455,0.1972,0.00265,-0.0364,STEEP,309349.0,387301.0,1.252,45,0.15,1
2026-10-01 13:17:21,2026-10-01,2026-10-01T13:17:44+00:00,58953.0,SPX,7651.54,9998,-18355139626.74,7694.9921,0.005679,7800.0,7500.0,negative,0.13935,0.1411,0.00175,-0.0411,STEEP,502166.0,572453.0,1.14,45,0.15,1
2026-10-01 13:17:15,2026-10-01,2026-10-01T13:17:44+00:00,58953.0,SPY,764.71,3668,-6357054978.72,767.147,0.003187,785.0,745.0,negative,0.1351,0.13865,0.00355,-0.041,STEEP,1645902.0,1614876.0,0.9811,45,0.15,1
2026-10-01 13:17:07,2026-10-01,2026-10-01T13:17:44+00:00,58953.0,QQQ,743.17,3564,144757488.95,741.0582,-0.002842,750.0,730.0,positive,0.1935,0.19795,0.00445,-0.0503,STEEP,984900.0,1220429.0,1.2391,45,0.15,1
2026-10-01 13:17:12,2026-10-01,2026-10-01T13:17:44+00:00,58953.0,IWM,278.2,2092,-3383866463.91,289.2832,0.039839,286.0,275.0,negative,0.19455,0.1972,0.00265,-0.0364,STEEP,309349.0,387301.0,1.252,45,0.15,1
2026-10-01 14:13:45,2026-10-01,2026-10-01T14:15:59+00:00,3495.0,SPX,7658.9102,10052,-31249569873.32,7690.2468,0.004092,7800.0,7500.0,negative,0.1397,0.14115,0.00145,-0.0428,STEEP,267981.0,313728.0,1.1707,45,0.15,1
2026-10-01 14:10:28,2026-10-01,2026-10-01T14:15:59+00:00,3495.0,SPY,763.765,3696,-5841013566.64,767.3316,0.00467,785.0,745.0,negative,0.1381,0.14105,0.00295,-0.0428,STEEP,580815.0,767217.0,1.3209,45,0.15,1
2026-10-01 14:10:20,2026-10-01,2026-10-01T14:15:59+00:00,3495.0,QQQ,742.53,3564,1414162481.12,741.2555,-0.001716,750.0,730.0,positive,0.19685,0.2004,0.00355,-0.0505,STEEP,511316.0,536375.0,1.049,45,0.15,1
2026-10-01 14:10:25,2026-10-01,2026-10-01T14:15:59+00:00,3495.0,IWM,277.152,2064,-3658206319.23,288.6624,0.041531,292.0,275.0,negative,0.1995,0.20155,0.00205,-0.0384,STEEP,95095.0,120262.0,1.2647,45,0.15,1
2026-10-01 14:45:19,2026-10-01,2026-10-01T14:46:12+00:00,1813.0,SPX,7634.8799,10064,-50355606933.92,7685.3325,0.006608,7800.0,7600.0,negative,0.14345,0.14405,0.0006,-0.0454,STEEP,521126.0,618020.0,1.1859,45,0.15,1
2026-10-01 14:42:47,2026-10-01,2026-10-01T14:46:12+00:00,1813.0,SPY,760.62,3674,-10360399373.78,767.0098,0.008401,785.0,745.0,negative,0.14325,0.14485,0.0016,-0.0463,STEEP,1406959.0,1848109.0,1.3135,45,0.15,1
2026-10-01 14:45:19,2026-10-01,2026-10-01T14:46:12+00:00,1813.0,QQQ,738.43,3576,-1529385836.97,740.7997,0.003209,760.0,730.0,negative,0.20265,0.2049,0.00225,-0.0546,STEEP,1160319.0,1261427.0,1.0871,45,0.15,1
2026-10-01 14:45:24,2026-10-01,2026-10-01T14:46:12+00:00,1813.0,IWM,276.365,2064,-3747400922.87,288.8254,0.045087,292.0,275.0,negative,0.2056,0.20615,0.00055,-0.0424,STEEP,184005.0,298735.0,1.6235,45,0.15,1
2026-10-01 15:13:22,2026-10-01,2026-10-01T15:14:08+00:00,1676.0,SPX,7638.1001,10058,-47715191241.9,7684.381,0.006059,7800.0,7600.0,negative,0.1426,0.14395,0.00135,-0.0463,STEEP,689855.0,784146.0,1.1367,45,0.15,1
2026-10-01 15:14:03,2026-10-01,2026-10-01T15:14:08+00:00,1676.0,SPY,760.3,3674,-10960916450.41,766.7725,0.008513,785.0,745.0,negative,0.1444,0.14575,0.00135,-0.0467,STEEP,1987945.0,2490799.0,1.253,45,0.15,1
2026-10-01 15:12:56,2026-10-01,2026-10-01T15:14:08+00:00,1676.0,QQQ,738.87,3572,-1420415221.64,740.8538,0.002685,760.0,730.0,negative,0.2016,0.20425,0.00265,-0.0551,STEEP,1535119.0,1577143.0,1.0274,45,0.15,1
2026-10-01 15:13:00,2026-10-01,2026-10-01T15:14:08+00:00,1676.0,IWM,276.64,2064,-3732339102.27,288.5189,0.04294,292.0,275.0,negative,0.2026,0.20355,0.00095,-0.0416,STEEP,239796.0,370373.0,1.5445,45,0.15,1
2026-10-01 15:34:59,2026-10-01,2026-10-01T15:35:19+00:00,1271.0,SPX,7636.2598,10058,-50602302309.61,7685.9997,0.006514,7800.0,7600.0,negative,0.14255,0.14345,0.0009,-0.0452,STEEP,844461.0,956881.0,1.1331,45,0.15,1
2026-10-01 15:35:04,2026-10-01,2026-10-01T15:35:19+00:00,1271.0,SPY,760.6804,3674,-10681164422.03,766.8233,0.008076,785.0,745.0,negative,0.14205,0.14415,0.0021,-0.0468,STEEP,2489178.0,3047150.0,1.2242,45,0.15,1
2026-10-01 15:34:57,2026-10-01,2026-10-01T15:35:19+00:00,1271.0,QQQ,739.2438,3600,-1134585383.25,741.0466,0.002439,760.0,730.0,negative,0.2011,0.2044,0.0033,-0.055,STEEP,1870502.0,1864316.0,0.9967,45,0.15,1
2026-10-01 15:35:01,2026-10-01,2026-10-01T15:35:19+00:00,1271.0,IWM,276.6,2064,-3743608517.8,288.4541,0.042856,292.0,275.0,negative,0.20335,0.2045,0.00115,-0.0436,STEEP,269889.0,428674.0,1.5883,45,0.15,1
2026-10-01 15:56:24,2026-10-01,2026-10-01T15:57:28+00:00,1329.0,SPX,7633.0498,10064,-53140856875.14,7685.1715,0.006828,7800.0,7600.0,negative,0.14295,0.1439,0.00095,-0.0455,STEEP,951496.0,1060162.0,1.1142,45,0.15,1
2026-10-01 15:56:05,2026-10-01,2026-10-01T15:57:28+00:00,1329.0,SPY,760.36,3674,-11170196194.8,766.5729,0.008171,785.0,745.0,negative,0.14355,0.14535,0.0018,-0.0463,STEEP,2859978.0,3422872.0,1.1968,45,0.15,1
2026-10-01 15:55:57,2026-10-01,2026-10-01T15:57:28+00:00,1329.0,QQQ,737.73,3576,-2161817897.76,740.762,0.00411,760.0,730.0,negative,0.20245,0.2051,0.00265,-0.0556,STEEP,2146475.0,2058734.0,0.9591,45,0.15,1
2026-10-01 15:56:02,2026-10-01,2026-10-01T15:57:28+00:00,1329.0,IWM,277.065,2064,-3703985699.86,288.3524,0.040739,292.0,275.0,negative,0.2027,0.2036,0.0009,-0.0403,STEEP,326136.0,472304.0,1.4482,45,0.15,1
2026-10-01 16:17:25,2026-10-01,2026-10-01T16:17:43+00:00,1215.0,SPX,7637.0898,10058,-51340949990.42,7686.3842,0.006455,7800.0,7600.0,negative,0.14195,0.1429,0.00095,-0.0448,STEEP,1047825.0,1154249.0,1.1016,45,0.15,1
2026-10-01 16:17:05,2026-10-01,2026-10-01T16:17:43+00:00,1215.0,SPY,760.7101,3674,-10814648540.09,766.7794,0.007978,785.0,745.0,negative,0.1414,0.1435,0.0021,-0.0448,STEEP,3152869.0,3732500.0,1.1838,45,0.15,1
2026-10-01 16:16:58,2026-10-01,2026-10-01T16:17:43+00:00,1215.0,QQQ,738.18,3576,-1934850203.81,740.9167,0.003707,760.0,730.0,negative,0.201,0.20415,0.00315,-0.054,STEEP,2402952.0,2217396.0,0.9228,45,0.15,1
2026-10-01 16:17:03,2026-10-01,2026-10-01T16:17:43+00:00,1215.0,IWM,277.625,2092,-3581024272.37,288.7462,0.040058,292.0,275.0,negative,0.202,0.20305,0.00105,-0.0417,STEEP,371438.0,518658.0,1.3964,45,0.15,1
2026-10-01 16:43:26,2026-10-01,2026-10-01T16:43:39+00:00,1556.0,SPX,7643.04,10058,-46429528801.04,7687.0859,0.005763,7800.0,7600.0,negative,0.1408,0.1422,0.0014,-0.0439,STEEP,1144066.0,1271877.0,1.1117,45,0.15,1
2026-10-01 16:43:06,2026-10-01,2026-10-01T16:43:39+00:00,1556.0,SPY,761.6015,3700,-9821840051.87,766.7542,0.006766,785.0,745.0,negative,0.14025,0.1428,0.00255,-0.0446,STEEP,3545954.0,4079691.0,1.1505,45,0.15,1
2026-10-01 16:42:59,2026-10-01,2026-10-01T16:43:39+00:00,1556.0,QQQ,738.69,3576,-1694270040.32,741.0611,0.00321,760.0,730.0,negative,0.19875,0.20255,0.0038,-0.0541,STEEP,2620105.0,2363065.0,0.9019,45,0.15,1
2026-10-01 16:43:04,2026-10-01,2026-10-01T16:43:39+00:00,1556.0,IWM,278.555,2122,-3312659783.68,289.0383,0.037635,286.0,275.0,negative,0.2001,0.20255,0.00245,-0.0407,STEEP,444077.0,570416.0,1.2845,45,0.15,1
2026-10-01 16:59:27,2026-10-01,2026-10-01T16:59:47+00:00,968.0,SPX,7649.4302,9998,-42231327701.84,7687.8273,0.00502,7800.0,7600.0,negative,0.13965,0.14155,0.0019,-0.0436,STEEP,1235841.0,1360601.0,1.101,45,0.15,1
2026-10-01 16:59:07,2026-10-01,2026-10-01T16:59:47+00:00,968.0,SPY,762.04,3700,-9253675022.82,766.7342,0.00616,785.0,745.0,negative,0.1397,0.1425,0.0028,-0.0445,STEEP,3863042.0,4348268.0,1.1256,45,0.15,1
2026-10-01 16:58:59,2026-10-01,2026-10-01T16:59:47+00:00,968.0,QQQ,738.98,3572,-1573402644.55,741.1214,0.002898,760.0,730.0,negative,0.19795,0.20195,0.004,-0.0521,STEEP,2774858.0,2479148.0,0.8934,45,0.15,1
2026-10-01 16:59:04,2026-10-01,2026-10-01T16:59:47+00:00,968.0,IWM,278.9999,2122,-3190570962.25,289.0055,0.035862,286.0,275.0,negative,0.19965,0.20195,0.0023,-0.0383,STEEP,504154.0,609165.0,1.2083,45,0.15,1
2026-10-01 17:20:02,2026-10-01,2026-10-01T17:20:48+00:00,1261.0,SPX,7647.2798,9998,-43455493115.93,7687.7167,0.005288,7800.0,7600.0,negative,0.14,0.14185,0.00185,-0.0437,STEEP,1333635.0,1463399.0,1.0973,45,0.15,1
2026-10-01 17:20:07,2026-10-01,2026-10-01T17:20:48+00:00,1261.0,SPY,761.92,3700,-9606118342.96,766.6705,0.006235,785.0,745.0,negative,0.13945,0.1424,0.00295,-0.0447,STEEP,4181578.0,4761528.0,1.1387,45,0.15,1
2026-10-01 17:20:00,2026-10-01,2026-10-01T17:20:48+00:00,1261.0,QQQ,738.98,3572,-1672945885.19,741.2113,0.003019,760.0,730.0,negative,0.19755,0.20195,0.0044,-0.0524,STEEP,2983993.0,2619876.0,0.878,45,0.15,1
2026-10-01 17:20:05,2026-10-01,2026-10-01T17:20:48+00:00,1261.0,IWM,278.98,2122,-3180890415.9,289.1134,0.036323,286.0,275.0,negative,0.1996,0.20195,0.00235,-0.0388,STEEP,551997.0,671581.0,1.2166,45,0.15,1
2026-10-01 17:44:05,2026-10-01,2026-10-01T17:44:43+00:00,1435.0,SPX,7665.8799,10052,-27934059144.99,7690.5098,0.003213,7800.0,7500.0,negative,0.13655,0.1394,0.00285,-0.0421,STEEP,1491025.0,1593623.0,1.0688,45,0.15,1
2026-10-01 17:43:50,2026-10-01,2026-10-01T17:44:43+00:00,1435.0,SPY,763.7,3696,-6588940116.89,766.9063,0.004198,785.0,745.0,negative,0.13595,0.14005,0.0041,-0.0432,STEEP,4652581.0,5134348.0,1.1035,45,0.15,1
2026-10-01 17:43:42,2026-10-01,2026-10-01T17:44:43+00:00,1435.0,QQQ,742.71,3564,1602611339.81,741.6714,-0.001398,750.0,730.0,positive,0.19505,0.1998,0.00475,-0.0493,STEEP,3345275.0,2883966.0,0.8621,45,0.15,1
2026-10-01 17:43:47,2026-10-01,2026-10-01T17:44:43+00:00,1435.0,IWM,279.985,2150,-2821398072.82,289.3468,0.033437,286.0,275.0,negative,0.19745,0.2004,0.00295,-0.0373,STEEP,630554.0,718822.0,1.14,45,0.15,1
2026-10-01 17:59:37,2026-10-01,2026-10-01T17:59:55+00:00,912.0,SPX,7677.1401,10010,-15711990950.66,7691.9959,0.001935,7800.0,7500.0,negative,0.1363,0.1392,0.0029,-0.0413,STEEP,1629492.0,1713272.0,1.0514,45,0.15,1
2026-10-01 17:59:42,2026-10-01,2026-10-01T17:59:55+00:00,912.0,SPY,764.79,3668,-4394163484.86,766.9793,0.002863,785.0,745.0,negative,0.1357,0.1397,0.004,-0.042,STEEP,5029683.0,5505472.0,1.0946,45,0.15,1
2026-10-01 17:59:35,2026-10-01,2026-10-01T17:59:55+00:00,912.0,QQQ,743.79,3582,2772387226.54,741.9286,-0.002503,750.0,730.0,positive,0.1955,0.1998,0.0043,-0.0496,STEEP,3583560.0,3091264.0,0.8626,45,0.15,1
2026-10-01 17:59:40,2026-10-01,2026-10-01T17:59:55+00:00,912.0,IWM,280.185,2178,-2761269025.61,289.258,0.032382,286.0,275.0,negative,0.19605,0.1997,0.00365,-0.0376,STEEP,705532.0,757918.0,1.0743,45,0.15,1
2026-10-01 18:25:06,2026-10-01,2026-10-01T18:25:51+00:00,1556.0,SPX,7655.5,10058,-36916816742.92,7689.5989,0.004454,7800.0,7500.0,negative,0.13975,0.1417,0.00195,-0.0431,STEEP,1818802.0,1915442.0,1.0531,45,0.15,1
2026-10-01 18:25:46,2026-10-01,2026-10-01T18:25:51+00:00,1556.0,SPY,762.63,3698,-8445884161.13,766.7323,0.005379,785.0,745.0,negative,0.1391,0.1421,0.003,-0.0437,STEEP,5528801.0,6201922.0,1.1217,45,0.15,1
2026-10-01 18:25:38,2026-10-01,2026-10-01T18:25:51+00:00,1556.0,QQQ,740.825,3596,-253828600.35,741.5239,0.000943,760.0,730.0,negative,0.1994,0.20285,0.00345,-0.0516,STEEP,3902143.0,3542468.0,0.9078,45,0.15,1
2026-10-01 18:25:43,2026-10-01,2026-10-01T18:25:51+00:00,1556.0,IWM,278.6,2122,-3277609953.17,289.2393,0.038189,286.0,275.0,negative,0.2007,0.2033,0.0026,-0.0416,STEEP,774458.0,848944.0,1.0962,45,0.15,1
2026-10-01 18:47:07,2026-10-01,2026-10-01T18:47:46+00:00,1315.0,SPX,7666.9702,10052,-27329004864.5,7690.4496,0.003062,7800.0,7500.0,negative,0.13795,0.1404,0.00245,-0.042,STEEP,1940014.0,2029428.0,1.0461,45,0.15,1
2026-10-01 18:46:46,2026-10-01,2026-10-01T18:47:46+00:00,1315.0,SPY,763.97,3696,-6084441391.84,766.6638,0.003526,785.0,745.0,negative,0.1375,0.141,0.0035,-0.0434,STEEP,5829254.0,6501819.0,1.1154,45,0.15,1
2026-10-01 18:46:39,2026-10-01,2026-10-01T18:47:46+00:00,1315.0,QQQ,742.38,3564,1369214461.61,741.7177,-0.000892,760.0,730.0,positive,0.1968,0.20125,0.00445,-0.0501,STEEP,4183335.0,3729560.0,0.8915,45,0.15,1
2026-10-01 18:47:44,2026-10-01,2026-10-01T18:47:46+00:00,1315.0,IWM,279.34,2150,-3097572562.89,289.2501,0.035477,286.0,275.0,negative,0.1986,0.20115,0.00255,-0.0397,STEEP,814795.0,882222.0,1.0828,45,0.15,1
2026-10-01 19:14:08,2026-10-01,2026-10-01T19:14:32+00:00,1606.0,SPX,7675.9502,10046,-19057901485.47,7692.421,0.002146,7800.0,7500.0,negative,0.13625,0.13915,0.0029,-0.0411,STEEP,2067829.0,2161168.0,1.0451,45,0.15,1
2026-10-01 19:13:47,2026-10-01,2026-10-01T19:14:32+00:00,1606.0,SPY,764.61,3696,-4848191218.0,766.7964,0.002859,785.0,745.0,negative,0.13575,0.13975,0.004,-0.0423,STEEP,6131622.0,6819896.0,1.1122,45,0.15,1
2026-10-01 19:13:40,2026-10-01,2026-10-01T19:14:32+00:00,1606.0,QQQ,743.47,3564,2678308403.41,741.9481,-0.002047,750.0,730.0,positive,0.19625,0.2009,0.00465,-0.0507,STEEP,4364624.0,3978298.0,0.9115,45,0.15,1
2026-10-01 19:13:44,2026-10-01,2026-10-01T19:14:32+00:00,1606.0,IWM,279.16,2150,-3175472554.19,289.285,0.03627,286.0,275.0,negative,0.1967,0.20005,0.00335,-0.0385,STEEP,848059.0,920274.0,1.0852,45,0.15,1
2026-10-01 19:33:09,2026-10-01,2026-10-01T19:33:38+00:00,1146.0,SPX,7672.7998,10046,-23638481079.63,7692.2345,0.002533,7800.0,7500.0,negative,0.1356,0.1388,0.0032,-0.0413,STEEP,2150827.0,2245459.0,1.044,45,0.15,1
2026-10-01 19:32:48,2026-10-01,2026-10-01T19:33:38+00:00,1146.0,SPY,764.435,3696,-5085630527.3,766.7242,0.002995,785.0,745.0,negative,0.13605,0.1401,0.00405,-0.042,STEEP,6274637.0,7036296.0,1.1214,45,0.15,1
2026-10-01 19:32:40,2026-10-01,2026-10-01T19:33:38+00:00,1146.0,QQQ,742.592,3564,1618729137.49,741.867,-0.000976,760.0,730.0,positive,0.1963,0.2008,0.0045,-0.0513,STEEP,4497832.0,4166544.0,0.9263,45,0.15,1
2026-10-01 19:32:45,2026-10-01,2026-10-01T19:33:38+00:00,1146.0,IWM,279.23,2150,-3171888482.04,289.4171,0.036483,286.0,275.0,negative,0.19605,0.1995,0.00345,-0.0384,STEEP,870440.0,937920.0,1.0775,45,0.15,1
2026-10-01 19:54:10,2026-10-01,2026-10-01T19:54:45+00:00,1267.0,SPX,7675.3701,10046,-21545396361.05,7693.9567,0.002422,7800.0,7500.0,negative,0.1359,0.13895,0.00305,-0.0411,STEEP,2236954.0,2355070.0,1.0528,45,0.15,1
2026-10-01 19:53:49,2026-10-01,2026-10-01T19:54:45+00:00,1267.0,SPY,764.57,3696,-4908738751.6,766.9362,0.003095,785.0,745.0,negative,0.13535,0.1395,0.00415,-0.0422,STEEP,6441473.0,7291408.0,1.1319,45,0.15,1
2026-10-01 19:53:41,2026-10-01,2026-10-01T19:54:45+00:00,1267.0,QQQ,742.85,3564,2229363352.97,741.8399,-0.00136,760.0,730.0,positive,0.19665,0.201,0.00435,-0.0502,STEEP,4633680.0,4358998.0,0.9407,45,0.15,1
2026-10-01 19:53:46,2026-10-01,2026-10-01T19:54:45+00:00,1267.0,IWM,279.15,2150,-3245805791.22,289.0983,0.035638,286.0,275.0,negative,0.1954,0.19945,0.00405,-0.0382,STEEP,905621.0,971080.0,1.0723,45,0.15,1
2026-10-01 20:13:11,2026-10-01,2026-10-01T20:13:53+00:00,1148.0,SPX,7667.9502,9618,-17040879846.72,7697.2642,0.003823,7800.0,7500.0,negative,0.1364,0.1392,0.0028,-0.0412,STEEP,498821.0,576713.0,1.1562,45,0.15,1
2026-10-01 20:13:51,2026-10-01,2026-10-01T20:13:53+00:00,1148.0,SPY,763.84,3456,-6108560954.96,768.745,0.006422,785.0,745.0,negative,0.13665,0.1404,0.00375,-0.0421,STEEP,1773010.0,1970832.0,1.1116,45,0.15,1
2026-10-01 20:12:43,2026-10-01,2026-10-01T20:13:53+00:00,1148.0,QQQ,742.25,3304,694446759.59,741.5941,-0.000884,760.0,730.0,positive,0.19725,0.20135,0.0041,-0.049,STEEP,1165077.0,1486506.0,1.2759,45,0.15,1
2026-10-01 20:12:48,2026-10-01,2026-10-01T20:13:53+00:00,1148.0,IWM,278.98,1992,-3351612209.95,289.6109,0.038106,286.0,275.0,negative,0.19565,0.2004,0.00475,-0.0371,STEEP,393237.0,409555.0,1.0415,45,0.15,1
2026-10-01 20:35:12,2026-10-01,2026-10-01T20:35:35+00:00,1302.0,SPX,7666.4502,9618,-13603771635.06,7697.1256,0.004001,7800.0,7500.0,negative,0.138,0.14055,0.00255,-0.0411,STEEP,535431.0,625988.0,1.1691,45,0.15,1
2026-10-01 20:34:51,2026-10-01,2026-10-01T20:35:35+00:00,1302.0,SPY,764.52,3456,-5305982683.71,768.9966,0.005855,785.0,745.0,negative,0.1362,0.13975,0.00355,-0.0426,STEEP,1845900.0,2047542.0,1.1092,45,0.15,1
2026-10-01 20:34:44,2026-10-01,2026-10-01T20:35:35+00:00,1302.0,QQQ,742.82,3300,939808962.26,742.0302,-0.001063,760.0,730.0,positive,0.1968,0.20115,0.00435,-0.0496,STEEP,1218640.0,1589102.0,1.304,45,0.15,1
2026-10-01 20:34:49,2026-10-01,2026-10-01T20:35:35+00:00,1302.0,IWM,279.47,2018,-3227682965.41,289.8594,0.037175,286.0,275.0,negative,0.19795,0.20145,0.0035,-0.0392,STEEP,419880.0,509716.0,1.214,45,0.15,1
2026-10-01 20:55:47,2026-10-01,2026-10-01T20:56:02+00:00,1227.0,SPX,7666.4502,9618,-15870385123.85,7696.6975,0.003945,7800.0,7500.0,negative,0.13805,0.1404,0.00235,-0.0413,STEEP,535431.0,625988.0,1.1691,45,0.15,1
2026-10-01 20:55:52,2026-10-01,2026-10-01T20:56:02+00:00,1227.0,SPY,764.1692,3456,-5300966176.11,768.9933,0.006313,785.0,745.0,negative,0.1374,0.1407,0.0033,-0.0426,STEEP,1845900.0,2047542.0,1.1092,45,0.15,1
2026-10-01 20:55:45,2026-10-01,2026-10-01T20:56:02+00:00,1227.0,QQQ,742.3,3304,938493624.47,742.0247,-0.000371,760.0,730.0,positive,0.19775,0.20185,0.0041,-0.0496,STEEP,1218640.0,1589107.0,1.304,45,0.15,1
2026-10-01 20:55:50,2026-10-01,2026-10-01T20:56:02+00:00,1227.0,IWM,279.32,2018,-3224219105.13,289.8442,0.037678,286.0,275.0,negative,0.19795,0.20145,0.0035,-0.0392,STEEP,419880.0,509716.0,1.214,45,0.15,1
2026-10-02 13:14:19,2026-10-02,2026-10-02T13:15:14+00:00,58752.0,SPX,7666.4502,9952,52748730720.4,7694.3826,0.003643,7750.0,7500.0,positive,0.1327,0.14045,0.00775,-0.0345,STEEP,535431.0,625988.0,1.1691,45,0.15,1
2026-10-02 13:14:05,2026-10-02,2026-10-02T13:15:14+00:00,58752.0,SPY,771.3843,3788,-4853059586.45,767.5496,-0.004971,785.0,745.0,negative,0.13,0.13505,0.00505,-0.0426,STEEP,1845376.0,2044253.0,1.1078,45,0.15,1
2026-10-02 13:14:05,2026-10-02,2026-10-02T13:15:14+00:00,58752.0,QQQ,751.92,3622,-439856126.12,743.6833,-0.010954,760.0,730.0,negative,0.18895,0.1953,0.00635,-0.0496,STEEP,1218803.0,1584928.0,1.3004,45,0.15,1
2026-10-02 13:14:08,2026-10-02,2026-10-02T13:15:14+00:00,58752.0,IWM,283.51,2284,-3010434229.52,287.8933,0.015461,286.0,275.0,negative,0.1893,0.19455,0.00525,-0.0392,STEEP,419884.0,509636.0,1.2138,45,0.15,1
2026-10-02 13:35:38,2026-10-02,2026-10-02T13:36:49+00:00,1295.0,SPX,7666.4502,9952,48800415400.6,7693.1786,0.003486,7750.0,7500.0,positive,0.13345,0.1413,0.00785,-0.0353,STEEP,535431.0,625988.0,1.1691,45,0.15,1
2026-10-02 13:33:35,2026-10-02,2026-10-02T13:36:49+00:00,1295.0,SPY,770.881,3788,-4847006224.04,767.5431,-0.00433,785.0,745.0,negative,0.13,0.13505,0.00505,-0.0426,STEEP,1845376.0,2044253.0,1.1078,45,0.15,1
2026-10-02 13:33:34,2026-10-02,2026-10-02T13:36:49+00:00,1295.0,QQQ,751.88,3622,-439809329.18,743.6635,-0.010928,760.0,730.0,negative,0.18895,0.1953,0.00635,-0.0496,STEEP,1218803.0,1584928.0,1.3004,45,0.15,1
2026-10-02 13:33:37,2026-10-02,2026-10-02T13:36:49+00:00,1295.0,IWM,282.75,2270,-3006729809.91,287.8855,0.018163,284.0,275.0,negative,0.19185,0.19605,0.0042,-0.0392,STEEP,419884.0,509636.0,1.2138,45,0.15,1
2026-10-02 13:55:27,2026-10-02,2026-10-02T13:58:12+00:00,1283.0,SPX,7735.0298,9854,49534800185.28,7692.0361,-0.005558,7800.0,7500.0,positive,0.12705,0.1358,0.00875,-0.0354,STEEP,119305.0,130467.0,1.0936,45,0.15,1
2026-10-02 13:55:22,2026-10-02,2026-10-02T13:58:12+00:00,1283.0,SPY,770.58,3818,4983294029.94,768.2077,-0.003079,785.0,745.0,positive,0.1293,0.1359,0.0066,-0.0362,STEEP,320028.0,339974.0,1.0623,45,0.15,1
2026-10-02 13:55:22,2026-10-02,2026-10-02T13:58:12+00:00,1283.0,QQQ,750.45,3630,5968574047.95,744.3023,-0.008192,760.0,725.0,positive,0.1908,0.19815,0.00735,-0.0437,STEEP,225976.0,240083.0,1.0624,45,0.15,1
2026-10-02 13:55:25,2026-10-02,2026-10-02T13:58:12+00:00,1283.0,IWM,282.47,2240,-1938099106.0,287.4425,0.017603,284.0,275.0,negative,0.18775,0.19585,0.0081,-0.0342,STEEP,70500.0,107506.0,1.5249,45,0.15,1
2026-10-02 14:19:36,2026-10-02,2026-10-02T14:21:09+00:00,1377.0,SPX,7742.1499,9818,56140656936.73,7693.326,-0.006306,7800.0,7500.0,positive,0.1265,0.13535,0.00885,-0.0341,STEEP,391787.0,413296.0,1.0549,45,0.15,1
2026-10-02 14:18:15,2026-10-02,2026-10-02T14:21:09+00:00,1377.0,SPY,771.1,3788,5563494131.18,768.2583,-0.003685,785.0,745.0,positive,0.12845,0.1358,0.00735,-0.0357,STEEP,1026253.0,1017108.0,0.9911,45,0.15,1
2026-10-02 14:18:15,2026-10-02,2026-10-02T14:21:09+00:00,1377.0,QQQ,753.02,3616,7116311021.35,744.5894,-0.011196,760.0,725.0,positive,0.1898,0.1985,0.0087,-0.0435,STEEP,683291.0,643891.0,0.9423,45,0.15,1
2026-10-02 14:18:18,2026-10-02,2026-10-02T14:21:09+00:00,1377.0,IWM,282.79,2270,-1782432825.83,287.2713,0.015847,284.0,275.0,negative,0.18445,0.1936,0.00915,-0.0359,STEEP,144419.0,266149.0,1.8429,45,0.15,1
2026-10-02 14:46:00,2026-10-02,2026-10-02T14:46:34+00:00,1525.0,SPX,7746.4302,9818,61413383118.64,7694.6407,-0.006686,7800.0,7500.0,positive,0.12575,0.13535,0.0096,-0.0339,STEEP,589992.0,601028.0,1.0187,45,0.15,1
2026-10-02 14:45:24,2026-10-02,2026-10-02T14:46:34+00:00,1525.0,SPY,771.955,3786,7108728989.96,768.3084,-0.004724,785.0,745.0,positive,0.128,0.13565,0.00765,-0.0344,STEEP,1803700.0,1554659.0,0.8619,45,0.15,1
2026-10-02 14:45:24,2026-10-02,2026-10-02T14:46:34+00:00,1525.0,QQQ,753.98,3616,7692540905.26,744.4336,-0.012661,760.0,725.0,positive,0.1892,0.1985,0.0093,-0.0408,STEEP,1063468.0,1012897.0,0.9524,45,0.15,1
2026-10-02 14:45:27,2026-10-02,2026-10-02T14:46:34+00:00,1525.0,IWM,282.79,2270,-1821393171.95,287.2417,0.015742,284.0,275.0,negative,0.1817,0.192,0.0103,-0.0362,STEEP,221541.0,323887.0,1.462,45,0.15,1
2026-10-02 15:14:29,2026-10-02,2026-10-02T15:15:00+00:00,1706.0,SPX,7738.5,9818,55392197234.58,7693.479,-0.005818,7800.0,7500.0,positive,0.12565,0.13495,0.0093,-0.0333,STEEP,745468.0,804588.0,1.0793,45,0.15,1
2026-10-02 15:14:25,2026-10-02,2026-10-02T15:15:00+00:00,1706.0,SPY,771.02,3788,6053823663.73,768.1289,-0.00375,785.0,745.0,positive,0.1278,0.13555,0.00775,-0.0352,STEEP,2295364.0,2236955.0,0.9746,45,0.15,1
2026-10-02 15:14:25,2026-10-02,2026-10-02T15:15:00+00:00,1706.0,QQQ,751.98,3622,7399290599.37,744.2943,-0.010221,755.0,725.0,positive,0.18825,0.1973,0.00905,-0.0431,STEEP,1404640.0,1441159.0,1.026,45,0.15,1
2026-10-02 15:14:28,2026-10-02,2026-10-02T15:15:00+00:00,1706.0,IWM,282.9,2270,-1773710443.45,287.2354,0.015325,285.0,275.0,negative,0.1819,0.19145,0.00955,-0.0353,STEEP,283715.0,381963.0,1.3463,45,0.15,1
2026-10-02 15:36:30,2026-10-02,2026-10-02T15:36:59+00:00,1319.0,SPX,7708.0601,9866,24448095711.39,7688.9885,-0.002474,7750.0,7500.0,positive,0.1277,0.1364,0.0087,-0.0346,STEEP,928679.0,1065214.0,1.147,45,0.15,1
2026-10-02 15:36:26,2026-10-02,2026-10-02T15:36:59+00:00,1319.0,SPY,767.97,3792,754522828.7,767.7674,-0.000264,785.0,745.0,positive,0.13005,0.13715,0.0071,-0.0374,STEEP,2818040.0,3079650.0,1.0928,45,0.15,1
2026-10-02 15:36:25,2026-10-02,2026-10-02T15:36:59+00:00,1319.0,QQQ,748.35,3634,4825645255.16,744.1469,-0.005616,760.0,725.0,positive,0.19185,0.199,0.00715,-0.0452,STEEP,1797751.0,1930173.0,1.0737,45,0.15,1
2026-10-02 15:36:29,2026-10-02,2026-10-02T15:36:59+00:00,1319.0,IWM,281.17,2240,-2543866217.68,287.3204,0.021874,284.0,275.0,negative,0.1846,0.1936,0.009,-0.0362,STEEP,349939.0,496573.0,1.419,45,0.15,1
2026-10-02 15:57:03,2026-10-02,2026-10-02T15:57:40+00:00,1241.0,SPX,7718.29,9860,36107828615.27,7690.6258,-0.003584,7750.0,7500.0,positive,0.1258,0.13485,0.00905,-0.0359,STEEP,1077730.0,1206681.0,1.1197,45,0.15,1
2026-10-02 15:56:26,2026-10-02,2026-10-02T15:57:40+00:00,1241.0,SPY,768.92,3790,2621303306.27,767.8451,-0.001398,785.0,745.0,positive,0.1279,0.13555,0.00765,-0.0368,STEEP,3316330.0,3534940.0,1.0659,45,0.15,1
2026-10-02 15:56:26,2026-10-02,2026-10-02T15:57:40+00:00,1241.0,QQQ,749.34,3634,6134287629.61,744.2787,-0.006754,760.0,725.0,positive,0.18815,0.1964,0.00825,-0.0423,STEEP,2127519.0,2198278.0,1.0333,45,0.15,1
2026-10-02 15:57:29,2026-10-02,2026-10-02T15:57:40+00:00,1241.0,IWM,281.78,2270,-2281321400.67,287.2575,0.019439,284.0,275.0,negative,0.182,0.19135,0.00935,-0.0371,STEEP,393744.0,549549.0,1.3957,45,0.15,1
2026-10-02 16:18:04,2026-10-02,2026-10-02T16:18:34+00:00,1254.0,SPX,7725.8198,9860,44973665343.95,7692.3691,-0.00433,7800.0,7500.0,positive,0.12595,0.135,0.00905,-0.0354,STEEP,1171925.0,1299912.0,1.1092,45,0.15,1
2026-10-02 16:17:27,2026-10-02,2026-10-02T16:18:34+00:00,1254.0,SPY,769.605,3818,3650335695.28,767.916,-0.002195,785.0,745.0,positive,0.12765,0.13495,0.0073,-0.0357,STEEP,3634373.0,3909016.0,1.0756,45,0.15,1
2026-10-02 16:17:27,2026-10-02,2026-10-02T16:18:34+00:00,1254.0,QQQ,750.67,3626,7173774470.43,744.3989,-0.008354,755.0,725.0,positive,0.18745,0.19575,0.0083,-0.0446,STEEP,2349487.0,2353807.0,1.0018,45,0.15,1
2026-10-02 16:17:30,2026-10-02,2026-10-02T16:18:34+00:00,1254.0,IWM,281.69,2240,-2302486640.18,287.1438,0.019361,284.0,275.0,negative,0.1818,0.19105,0.00925,-0.0373,STEEP,411037.0,647018.0,1.5741,45,0.15,1
2026-10-02 16:45:32,2026-10-02,2026-10-02T16:45:59+00:00,1645.0,SPX,7719.1899,9860,37695525377.09,7690.5749,-0.003707,7800.0,7500.0,positive,0.12725,0.1359,0.00865,-0.0358,STEEP,1270059.0,1403479.0,1.1051,45,0.15,1
2026-10-02 16:45:28,2026-10-02,2026-10-02T16:45:59+00:00,1645.0,SPY,769.03,3790,2900277592.36,767.8336,-0.001556,785.0,745.0,positive,0.12955,0.1368,0.00725,-0.0373,STEEP,3946765.0,4310144.0,1.0921,45,0.15,1
2026-10-02 16:45:28,2026-10-02,2026-10-02T16:45:59+00:00,1645.0,QQQ,749.545,3630,6665293024.97,744.242,-0.007075,760.0,725.0,positive,0.1891,0.19675,0.00765,-0.0455,STEEP,2561127.0,2613328.0,1.0204,45,0.15,1
2026-10-02 16:45:31,2026-10-02,2026-10-02T16:45:59+00:00,1645.0,IWM,281.285,2240,-2485508869.91,287.3083,0.021413,284.0,275.0,negative,0.1844,0.19355,0.00915,-0.0373,STEEP,441655.0,712769.0,1.6139,45,0.15,1
2026-10-02 17:13:06,2026-10-02,2026-10-02T17:13:40+00:00,1661.0,SPX,7723.3198,9860,43935041049.91,7691.446,-0.004127,7800.0,7500.0,positive,0.1271,0.13575,0.00865,-0.0363,STEEP,1362505.0,1517928.0,1.1141,45,0.15,1
2026-10-02 17:13:05,2026-10-02,2026-10-02T17:13:40+00:00,1661.0,SPY,769.47,3788,3956733786.95,767.9202,-0.002014,785.0,745.0,positive,0.12985,0.13695,0.0071,-0.0375,STEEP,4209910.0,4639380.0,1.102,45,0.15,1
2026-10-02 17:12:29,2026-10-02,2026-10-02T17:13:40+00:00,1661.0,QQQ,749.765,3630,7110023615.19,744.1157,-0.007535,760.0,725.0,positive,0.1891,0.19695,0.00785,-0.0452,STEEP,2758248.0,2834084.0,1.0275,45,0.15,1
2026-10-02 17:12:32,2026-10-02,2026-10-02T17:13:40+00:00,1661.0,IWM,281.57,2240,-2315213083.45,287.1989,0.019991,284.0,275.0,negative,0.1838,0.19265,0.00885,-0.0372,STEEP,467505.0,742107.0,1.5874,45,0.15,1
2026-10-02 17:33:07,2026-10-02,2026-10-02T17:33:37+00:00,1197.0,SPX,7724.1899,9860,44926214143.68,7691.8323,-0.004189,7800.0,7500.0,positive,0.127,0.13575,0.00875,-0.0358,STEEP,1438159.0,1590467.0,1.1059,45,0.15,1
2026-10-02 17:32:30,2026-10-02,2026-10-02T17:33:37+00:00,1197.0,SPY,769.58,3818,4182104352.12,767.9389,-0.002132,785.0,745.0,positive,0.12895,0.13605,0.0071,-0.0375,STEEP,4391604.0,4855210.0,1.1056,45,0.15,1
2026-10-02 17:32:29,2026-10-02,2026-10-02T17:33:37+00:00,1197.0,QQQ,749.59,3630,7167429286.37,744.0226,-0.007427,760.0,725.0,positive,0.1889,0.1967,0.0078,-0.0435,STEEP,2914656.0,2966587.0,1.0178,45,0.15,1
2026-10-02 17:32:32,2026-10-02,2026-10-02T17:33:37+00:00,1197.0,IWM,281.73,2240,-2232379480.94,287.2892,0.019732,284.0,275.0,negative,0.1828,0.19185,0.00905,-0.0377,STEEP,492762.0,783283.0,1.5896,45,0.15,1
2026-10-02 17:55:08,2026-10-02,2026-10-02T17:55:30+00:00,1313.0,SPX,7716.3799,9866,37569882455.06,7689.5259,-0.00348,7750.0,7500.0,positive,0.1278,0.13665,0.00885,-0.0369,STEEP,1540835.0,1703180.0,1.1054,45,0.15,1
2026-10-02 17:54:30,2026-10-02,2026-10-02T17:55:30+00:00,1313.0,SPY,768.87,3790,2931640079.35,767.8191,-0.001367,785.0,745.0,positive,0.13005,0.1369,0.00685,-0.0375,STEEP,4680616.0,5532850.0,1.1821,45,0.15,1
2026-10-02 17:54:30,2026-10-02,2026-10-02T17:55:30+00:00,1313.0,QQQ,748.64,3634,6416974879.75,743.839,-0.006413,760.0,725.0,positive,0.19,0.1976,0.0076,-0.045,STEEP,3141225.0,3185096.0,1.014,45,0.15,1
2026-10-02 17:54:33,2026-10-02,2026-10-02T17:55:30+00:00,1313.0,IWM,281.5006,2240,-2303001575.4,287.2891,0.020563,286.0,275.0,negative,0.1831,0.19215,0.00905,-0.0373,STEEP,518210.0,828810.0,1.5994,45,0.15,1
2026-10-02 18:17:09,2026-10-02,2026-10-02T18:17:27+00:00,1317.0,SPX,7720.54,9860,42739598725.48,7690.4658,-0.003895,7800.0,7500.0,positive,0.12605,0.13525,0.0092,-0.0363,STEEP,1625732.0,1793617.0,1.1033,45,0.15,1
2026-10-02 18:16:31,2026-10-02,2026-10-02T18:17:27+00:00,1317.0,SPY,769.295,3790,3878866032.7,767.9757,-0.001715,785.0,745.0,positive,0.12855,0.13605,0.0075,-0.0377,STEEP,4935911.0,5806561.0,1.1764,45,0.15,1
2026-10-02 18:16:31,2026-10-02,2026-10-02T18:17:27+00:00,1317.0,QQQ,748.945,3634,6946234646.53,743.9614,-0.006654,760.0,725.0,positive,0.1895,0.19795,0.00845,-0.0455,STEEP,3315688.0,3335823.0,1.0061,45,0.15,1
2026-10-02 18:16:34,2026-10-02,2026-10-02T18:17:27+00:00,1317.0,IWM,281.72,2240,-2206383822.63,287.2668,0.019689,284.0,275.0,negative,0.1824,0.1917,0.0093,-0.0372,STEEP,538415.0,846694.0,1.5726,45,0.15,1
2026-10-02 18:46:10,2026-10-02,2026-10-02T18:46:38+00:00,1751.0,SPX,7717.8501,9860,40930555817.75,7689.292,-0.0037,7800.0,7500.0,positive,0.1255,0.13475,0.00925,-0.0359,STEEP,1747651.0,1934397.0,1.1069,45,0.15,1
2026-10-02 18:45:32,2026-10-02,2026-10-02T18:46:38+00:00,1751.0,SPY,768.93,3790,3518124726.85,767.9791,-0.001237,785.0,745.0,positive,0.1276,0.1356,0.008,-0.0368,STEEP,5204838.0,6157192.0,1.183,45,0.15,1
2026-10-02 18:45:32,2026-10-02,2026-10-02T18:46:38+00:00,1751.0,QQQ,748.74,3634,6938797257.15,743.6063,-0.006856,760.0,725.0,positive,0.18715,0.19615,0.009,-0.0443,STEEP,3524006.0,3501139.0,0.9935,45,0.15,1
2026-10-02 18:45:35,2026-10-02,2026-10-02T18:46:38+00:00,1751.0,IWM,281.415,2240,-2309475496.86,287.0701,0.020095,285.0,275.0,negative,0.18345,0.19265,0.0092,-0.0376,STEEP,564212.0,867009.0,1.5367,45,0.15,1
2026-10-02 19:13:12,2026-10-02,2026-10-02T19:13:36+00:00,1618.0,SPX,7720.5098,9860,43814811847.49,7690.3152,-0.003911,7800.0,7500.0,positive,0.12535,0.1346,0.00925,-0.0357,STEEP,1842950.0,2036900.0,1.1052,45,0.15,1
2026-10-02 19:12:33,2026-10-02,2026-10-02T19:13:36+00:00,1618.0,SPY,769.23,3790,4325901466.53,768.0319,-0.001558,785.0,745.0,positive,0.1276,0.1353,0.0077,-0.0373,STEEP,5416083.0,6405181.0,1.1826,45,0.15,1
2026-10-02 19:12:33,2026-10-02,2026-10-02T19:13:36+00:00,1618.0,QQQ,749.06,3634,7541745108.72,743.5455,-0.007362,760.0,725.0,positive,0.18685,0.19595,0.0091,-0.0433,STEEP,3691293.0,3663645.0,0.9925,45,0.15,1
2026-10-02 19:12:36,2026-10-02,2026-10-02T19:13:36+00:00,1618.0,IWM,281.505,2240,-2231173151.74,287.2246,0.020318,285.0,275.0,negative,0.1812,0.1911,0.0099,-0.0367,STEEP,584213.0,895113.0,1.5322,45,0.15,1
2026-10-02 19:32:38,2026-10-02,2026-10-02T19:33:13+00:00,1177.0,SPX,7721.8701,9860,46314659244.05,7688.876,-0.004273,7800.0,7500.0,positive,0.12475,0.1342,0.00945,-0.0359,STEEP,1925933.0,2126174.0,1.104,45,0.15,1
2026-10-02 19:32:34,2026-10-02,2026-10-02T19:33:13+00:00,1177.0,SPY,769.38,3790,4586743103.07,768.2991,-0.001405,785.0,745.0,positive,0.12695,0.13485,0.0079,-0.0364,STEEP,5589244.0,6611609.0,1.1829,45,0.15,1
2026-10-02 19:32:34,2026-10-02,2026-10-02T19:33:13+00:00,1177.0,QQQ,749.02,3634,7776544731.92,743.4225,-0.007473,760.0,725.0,positive,0.18595,0.19525,0.0093,-0.0426,STEEP,3822487.0,3782462.0,0.9895,45,0.15,1
2026-10-02 19:32:37,2026-10-02,2026-10-02T19:33:13+00:00,1177.0,IWM,281.46,2240,-2225037939.07,287.1886,0.020353,285.0,275.0,negative,0.18305,0.19235,0.0093,-0.0363,STEEP,595672.0,908976.0,1.526,45,0.15,1
2026-10-02 19:55:39,2026-10-02,2026-10-02T19:56:15+00:00,1382.0,SPX,7725.54,9860,48895237542.15,7685.777,-0.005147,7800.0,7500.0,positive,0.12395,0.1335,0.00955,-0.0348,STEEP,2059741.0,2253318.0,1.094,45,0.15,1
2026-10-02 19:55:34,2026-10-02,2026-10-02T19:56:15+00:00,1382.0,SPY,769.75,3818,6529683670.51,767.6514,-0.002726,785.0,745.0,positive,0.12555,0.1337,0.00815,-0.0365,STEEP,5860994.0,6928694.0,1.1822,45,0.15,1
2026-10-02 19:55:34,2026-10-02,2026-10-02T19:56:15+00:00,1382.0,QQQ,749.71,3630,9137363527.93,742.9729,-0.008986,760.0,725.0,positive,0.185,0.1946,0.0096,-0.0419,STEEP,4027148.0,3977870.0,0.9878,45,0.15,1
2026-10-02 19:55:37,2026-10-02,2026-10-02T19:56:15+00:00,1382.0,IWM,281.59,2240,-2154538291.93,287.4996,0.020986,285.0,275.0,negative,0.18005,0.1898,0.00975,-0.0359,STEEP,615945.0,949655.0,1.5418,45,0.15,1
2026-10-02 20:13:14,2026-10-02,2026-10-02T20:13:52+00:00,1057.0,SPX,7724.3799,9342,20039443786.41,7696.2329,-0.003644,7800.0,7500.0,positive,0.124,0.13375,0.00975,-0.0351,STEEP,414327.0,587862.0,1.4188,45,0.15,1
2026-10-02 20:12:35,2026-10-02,2026-10-02T20:13:52+00:00,1057.0,SPY,769.585,3556,-589961737.06,770.2604,0.000878,785.0,745.0,negative,0.12555,0.13395,0.0084,-0.0364,STEEP,1496549.0,1920821.0,1.2835,45,0.15,1
2026-10-02 20:13:35,2026-10-02,2026-10-02T20:13:52+00:00,1057.0,QQQ,749.4,3386,2850865048.92,742.7542,-0.008868,760.0,725.0,positive,0.1862,0.19565,0.00945,-0.0428,STEEP,895003.0,1155828.0,1.2914,45,0.15,1
2026-10-02 20:13:38,2026-10-02,2026-10-02T20:13:52+00:00,1057.0,IWM,281.485,2078,-2344458974.95,290.0609,0.030467,285.0,275.0,negative,0.181,0.19085,0.00985,-0.0352,STEEP,249044.0,501034.0,2.0118,45,0.15,1
2026-10-02 20:32:15,2026-10-02,2026-10-02T20:32:21+00:00,1109.0,SPX,7722.7202,9342,22042337100.28,7697.2746,-0.003295,7800.0,7500.0,positive,0.1236,0.1333,0.0097,-0.0338,STEEP,450709.0,630883.0,1.3998,45,0.15,1
2026-10-02 20:31:36,2026-10-02,2026-10-02T20:32:21+00:00,1109.0,SPY,769.94,3556,-18408869.48,770.3581,0.000543,785.0,745.0,negative,0.12515,0.1335,0.00835,-0.0346,STEEP,1566138.0,2056469.0,1.3131,45,0.15,1
2026-10-02 20:31:36,2026-10-02,2026-10-02T20:32:21+00:00,1109.0,QQQ,749.9,3382,3009634157.85,742.875,-0.009368,760.0,725.0,positive,0.1861,0.19505,0.00895,-0.0427,STEEP,947645.0,1231779.0,1.2998,45,0.15,1
2026-10-02 20:31:39,2026-10-02,2026-10-02T20:32:21+00:00,1109.0,IWM,281.66,2078,-2296163983.41,290.0919,0.029936,285.0,275.0,negative,0.18015,0.1904,0.01025,-0.0362,STEEP,275707.0,549039.0,1.9914,45,0.15,1
2026-10-02 20:56:16,2026-10-02,2026-10-02T20:56:50+00:00,1469.0,SPX,7722.7202,9342,20300461472.92,7697.1987,-0.003305,7800.0,7500.0,positive,0.12365,0.13325,0.0096,-0.034,STEEP,450709.0,630883.0,1.3998,45,0.15,1
2026-10-02 20:56:37,2026-10-02,2026-10-02T20:56:50+00:00,1469.0,SPY,769.62,3556,-18393570.59,770.3574,0.000958,785.0,745.0,negative,0.12515,0.1335,0.00835,-0.0346,STEEP,1566138.0,2056469.0,1.3131,45,0.15,1
2026-10-02 20:55:37,2026-10-02,2026-10-02T20:56:50+00:00,1469.0,QQQ,749.5,3382,3006424309.62,742.8741,-0.00884,760.0,725.0,positive,0.18695,0.19565,0.0087,-0.0427,STEEP,947645.0,1231779.0,1.2998,45,0.15,1
2026-10-02 20:55:40,2026-10-02,2026-10-02T20:56:50+00:00,1469.0,IWM,281.58,2078,-2294859807.94,290.0855,0.030206,285.0,275.0,negative,0.18015,0.1904,0.01025,-0.0362,STEEP,275707.0,549039.0,1.9914,45,0.15,1
2026-10-05 13:18:20,2026-10-05,2026-10-05T13:18:32+00:00,231702,SPX,7722.7202,9872,8507185228.02,7712.1075,-0.001374,7800.0,7650.0,positive,0.1317,0.13495,0.00325,-0.0364,STEEP,450709.0,630883.0,1.3998,45,0.15,1
2026-10-05 13:18:11,2026-10-05,2026-10-05T13:18:32+00:00,231702,SPY,768.76,3822,416233375.88,770.4105,0.002147,787.0,755.0,positive,0.13095,0.13445,0.0035,-0.0382,STEEP,1566137.0,2056464.0,1.3131,45,0.15,1
2026-10-05 13:18:10,2026-10-05,2026-10-05T13:18:32+00:00,231702,QQQ,748.07,3730,1735445482.82,747.3996,-0.000896,760.0,725.0,positive,0.19365,0.1963,0.00265,-0.0454,STEEP,947645.0,1232076.0,1.3001,45,0.15,1
2026-10-05 13:18:05,2026-10-05,2026-10-05T13:18:32+00:00,231702,IWM,281.75,2164,-2360004888.37,288.966,0.025611,285.0,275.0,negative,0.188,,,-0.0372,STEEP,275708.0,549040.0,1.9914,45,0.15,1
2026-10-05 13:46:09,2026-10-05,2026-10-05T13:48:02+00:00,1770,SPX,7732.5698,9866,22840930344.26,7714.2572,-0.002368,7800.0,7700.0,positive,0.13055,0.13385,0.0033,-0.0361,STEEP,13599.0,13180.0,0.9692,45,0.15,1
2026-10-05 13:46:26,2026-10-05,2026-10-05T13:48:02+00:00,1770,SPY,770.51,3848,1170387576.42,770.2837,-0.000294,785.0,767.0,positive,0.13235,0.13425,0.0019,-0.0381,STEEP,47677.0,40618.0,0.8519,45,0.15,1
2026-10-05 13:46:24,2026-10-05,2026-10-05T13:48:02+00:00,1770,QQQ,750.2398,3722,2295971143.17,747.4095,-0.003773,760.0,725.0,positive,0.1956,0.19735,0.00175,-0.0454,STEEP,26618.0,23678.0,0.8895,45,0.15,1
2026-10-05 13:46:19,2026-10-05,2026-10-05T13:48:02+00:00,1770,IWM,281.58,2136,-2412948126.8,289.1374,0.026839,285.0,275.0,negative,0.1913,,,-0.0379,STEEP,7615.0,6926.0,0.9095,45,0.15,1
2026-10-05 14:16:56,2026-10-05,2026-10-05T14:17:58+00:00,1796,SPX,7735.3198,9830,28080784032.1,7715.3493,-0.002582,7800.0,7700.0,positive,0.12905,0.1337,0.00465,-0.0363,STEEP,228324.0,232915.0,1.0201,45,0.15,1
2026-10-05 14:17:46,2026-10-05,2026-10-05T14:17:58+00:00,1796,SPY,770.98,3820,1937844588.46,770.4314,-0.000712,785.0,767.0,positive,0.1317,0.134,0.0023,-0.0372,STEEP,979681.0,598798.0,0.6112,45,0.15,1
2026-10-05 14:16:45,2026-10-05,2026-10-05T14:17:58+00:00,1796,QQQ,751.38,3718,3148064286.83,747.8734,-0.004667,760.0,725.0,positive,0.19505,0.1975,0.00245,-0.0472,STEEP,495181.0,527140.0,1.0645,45,0.15,1
2026-10-05 14:16:39,2026-10-05,2026-10-05T14:17:58+00:00,1796,IWM,280.79,2108,-2773002570.81,289.015,0.029292,285.0,275.0,negative,0.18955,,,-0.0393,STEEP,98813.0,119428.0,1.2086,45,0.15,1
2026-10-05 14:47:41,2026-10-05,2026-10-05T14:48:02+00:00,1804,SPX,7750.0098,9830,44375200176.1,7717.491,-0.004196,7800.0,7700.0,positive,0.1278,0.1327,0.0049,-0.0342,STEEP,505821.0,509665.0,1.0076,45,0.15,1
2026-10-05 14:47:47,2026-10-05,2026-10-05T14:48:02+00:00,1804,SPY,772.055,3818,4519366618.74,770.4663,-0.002058,785.0,767.0,positive,0.13095,0.1335,0.00255,-0.0363,STEEP,1763592.0,1261306.0,0.7152,45,0.15,1
2026-10-05 14:47:46,2026-10-05,2026-10-05T14:48:02+00:00,1804,QQQ,752.88,3738,4489558290.97,747.9827,-0.006505,760.0,725.0,positive,0.1925,0.1954,0.0029,-0.0447,STEEP,933022.0,916637.0,0.9824,45,0.15,1
2026-10-05 14:47:40,2026-10-05,2026-10-05T14:48:02+00:00,1804,IWM,281.825,2164,-2334138773.33,289.0949,0.025796,285.0,275.0,negative,0.18895,,,-0.0373,STEEP,229298.0,227063.0,0.9903,45,0.15,1
2026-10-05 15:15:59,2026-10-05,2026-10-05T15:16:39+00:00,1717,SPX,7756.6001,9824,52481397302.63,7718.4558,-0.004918,7800.0,7700.0,positive,0.12675,0.1322,0.00545,-0.034,STEEP,629544.0,663063.0,1.0532,45,0.15,1
2026-10-05 15:15:48,2026-10-05,2026-10-05T15:16:39+00:00,1717,SPY,772.745,3818,6259979324.68,770.6339,-0.002732,785.0,767.0,positive,0.1299,0.1326,0.0027,-0.0349,STEEP,2133262.0,1696079.0,0.7951,45,0.15,1
2026-10-05 15:15:47,2026-10-05,2026-10-05T15:16:39+00:00,1717,QQQ,753.91,3710,5294119081.96,748.2193,-0.007548,760.0,725.0,positive,0.19175,0.1949,0.00315,-0.0444,STEEP,1123064.0,1218369.0,1.0849,45,0.15,1
2026-10-05 15:15:41,2026-10-05,2026-10-05T15:16:39+00:00,1717,IWM,282.015,2164,-2269380015.38,289.1141,0.025173,285.0,275.0,negative,0.1883,,,-0.0359,STEEP,268135.0,278544.0,1.0388,45,0.15,1
2026-10-05 15:46:43,2026-10-05,2026-10-05T15:47:10+00:00,1831,SPX,7758.3198,9824,54303699378.85,7719.0394,-0.005063,7800.0,7700.0,positive,0.1274,0.13245,0.00505,-0.0329,STEEP,729086.0,787043.0,1.0795,45,0.15,1
2026-10-05 15:46:49,2026-10-05,2026-10-05T15:47:10+00:00,1831,SPY,772.94,3818,6817792455.47,770.7109,-0.002884,785.0,767.0,positive,0.1306,0.1332,0.0026,-0.0358,STEEP,2460681.0,2077489.0,0.8443,45,0.15,1
2026-10-05 15:46:48,2026-10-05,2026-10-05T15:47:10+00:00,1831,QQQ,753.5101,3710,5284205616.47,748.1787,-0.007075,760.0,725.0,positive,0.1905,0.19405,0.00355,-0.0444,STEEP,1298531.0,1500658.0,1.1557,45,0.15,1
2026-10-05 15:46:42,2026-10-05,2026-10-05T15:47:10+00:00,1831,IWM,282.33,2164,-2154877791.12,289.1209,0.024053,285.0,275.0,negative,0.1871,,,-0.0368,STEEP,310848.0,311774.0,1.003,45,0.15,1
2026-10-05 16:14:01,2026-10-05,2026-10-05T16:14:12+00:00,1622,SPX,7762.0698,9824,58188927823.0,7719.558,-0.005477,7800.0,7700.0,positive,0.12745,0.13255,0.0051,-0.0342,STEEP,831588.0,907228.0,1.091,45,0.15,1
2026-10-05 16:13:50,2026-10-05,2026-10-05T16:14:12+00:00,1622,SPY,773.225,3816,7432993421.7,770.6945,-0.003273,787.0,767.0,positive,0.13075,0.1333,0.00255,-0.0353,STEEP,2804998.0,2423427.0,0.864,45,0.15,1
2026-10-05 16:13:49,2026-10-05,2026-10-05T16:14:12+00:00,1622,QQQ,753.71,3710,5596557750.53,748.3537,-0.007107,760.0,725.0,positive,0.19075,0.1941,0.00335,-0.0445,STEEP,1427008.0,1738638.0,1.2184,45,0.15,1
2026-10-05 16:13:43,2026-10-05,2026-10-05T16:14:12+00:00,1622,IWM,282.78,2162,-1944607036.49,289.2738,0.022964,285.0,275.0,negative,0.18725,,,-0.0347,STEEP,378993.0,371203.0,0.9794,45,0.15,1
2026-10-05 16:37:02,2026-10-05,2026-10-05T16:37:17+00:00,1385,SPX,7759.0298,9824,56391361222.45,7719.3691,-0.005112,7800.0,7700.0,positive,0.12725,0.1323,0.00505,-0.0331,STEEP,925062.0,980398.0,1.0598,45,0.15,1
2026-10-05 16:36:51,2026-10-05,2026-10-05T16:37:17+00:00,1385,SPY,772.97,3816,7200058068.18,770.648,-0.003004,785.0,767.0,positive,0.13025,0.13305,0.0028,-0.0356,STEEP,3052218.0,2693441.0,0.8825,45,0.15,1
2026-10-05 16:36:50,2026-10-05,2026-10-05T16:37:17+00:00,1385,QQQ,752.94,3738,4906861934.17,748.2569,-0.00622,760.0,725.0,positive,0.19065,0.19395,0.0033,-0.0465,STEEP,1540656.0,1943962.0,1.2618,45,0.15,1
2026-10-05 16:36:44,2026-10-05,2026-10-05T16:37:17+00:00,1385,IWM,282.925,2162,-1884826956.27,289.2825,0.022471,285.0,275.0,negative,0.1873,,,-0.0358,STEEP,404695.0,402757.0,0.9952,45,0.15,1
2026-10-05 16:58:03,2026-10-05,2026-10-05T16:58:41+00:00,1284,SPX,7771.4199,9764,70637923512.29,7720.5435,-0.006547,7850.0,7700.0,positive,0.1273,0.1324,0.0051,-0.0335,STEEP,1047124.0,1112425.0,1.0624,45,0.15,1
2026-10-05 16:57:52,2026-10-05,2026-10-05T16:58:41+00:00,1284,SPY,774.24,3842,9847049407.23,770.9768,-0.004215,787.0,767.0,positive,0.13045,0.13325,0.0028,-0.0355,STEEP,3435822.0,3064438.0,0.8919,45,0.15,1
2026-10-05 16:57:50,2026-10-05,2026-10-05T16:58:41+00:00,1284,QQQ,754.14,3706,6057078028.85,748.8564,-0.007006,760.0,725.0,positive,0.1904,0.19365,0.00325,-0.0446,STEEP,1674906.0,2187143.0,1.3058,45,0.15,1
2026-10-05 16:57:45,2026-10-05,2026-10-05T16:58:41+00:00,1284,IWM,283.365,2162,-1679234970.51,289.315,0.020998,285.0,275.0,negative,0.18765,,,-0.0355,STEEP,430177.0,433605.0,1.008,45,0.15,1
2026-10-05 17:18:04,2026-10-05,2026-10-05T17:18:34+00:00,1193,SPX,7768.1001,9764,67777460206.08,7719.4361,-0.006265,7800.0,7700.0,positive,0.12725,0.1323,0.00505,-0.034,STEEP,1154307.0,1211537.0,1.0496,45,0.15,1
2026-10-05 17:17:52,2026-10-05,2026-10-05T17:18:34+00:00,1193,SPY,774.02,3844,9669706701.44,770.7382,-0.00424,787.0,767.0,positive,0.13005,0.13305,0.003,-0.0352,STEEP,3732479.0,3364838.0,0.9015,45,0.15,1
2026-10-05 17:17:51,2026-10-05,2026-10-05T17:18:34+00:00,1193,QQQ,753.9701,3710,6153456814.81,748.5331,-0.007211,760.0,725.0,positive,0.19085,0.19395,0.0031,-0.0444,STEEP,1811718.0,2399785.0,1.3246,45,0.15,1
2026-10-05 17:17:46,2026-10-05,2026-10-05T17:18:34+00:00,1193,IWM,283.12,2162,-1787994910.79,289.2376,0.021608,285.0,275.0,negative,0.1866,,,-0.0341,STEEP,458444.0,460122.0,1.0037,45,0.15,1
2026-10-05 17:45:05,2026-10-05,2026-10-05T17:45:15+00:00,1601,SPX,7772.2002,9764,73468825654.55,7720.0816,-0.006706,7850.0,7700.0,positive,0.1274,0.1325,0.0051,-0.0331,STEEP,1242376.0,1309837.0,1.0543,45,0.15,1
2026-10-05 17:44:53,2026-10-05,2026-10-05T17:45:15+00:00,1601,SPY,774.38,3842,10381374351.39,770.7853,-0.004642,787.0,767.0,positive,0.1304,0.13315,0.00275,-0.0353,STEEP,4067152.0,3662269.0,0.9005,45,0.15,1
2026-10-05 17:44:52,2026-10-05,2026-10-05T17:45:15+00:00,1601,QQQ,754.66,3706,6785548366.89,748.604,-0.008025,760.0,725.0,positive,0.1914,0.1943,0.0029,-0.0451,STEEP,1954261.0,2665498.0,1.3639,45,0.15,1
2026-10-05 17:44:46,2026-10-05,2026-10-05T17:45:15+00:00,1601,IWM,283.03,2162,-1821799504.37,289.2533,0.021988,285.0,275.0,negative,0.18715,,,-0.0347,STEEP,482415.0,499314.0,1.035,45,0.15,1
2026-10-05 18:01:06,2026-10-05,2026-10-05T18:01:26+00:00,971,SPX,7776.29,9764,77071231965.38,7720.383,-0.007189,7850.0,7700.0,positive,0.1277,0.13265,0.00495,-0.033,STEEP,1319675.0,1382543.0,1.0476,45,0.15,1
2026-10-05 18:00:54,2026-10-05,2026-10-05T18:01:26+00:00,971,SPY,774.8248,3842,11307616796.51,770.8302,-0.005156,787.0,767.0,positive,0.13025,0.1331,0.00285,-0.0343,STEEP,4293484.0,3862808.0,0.8997,45,0.15,1
2026-10-05 18:00:53,2026-10-05,2026-10-05T18:01:26+00:00,971,QQQ,755.47,3702,6981220249.47,749.459,-0.007957,760.0,725.0,positive,0.19235,0.195,0.00265,-0.0441,STEEP,2057058.0,2865905.0,1.3932,45,0.15,1
2026-10-05 18:00:47,2026-10-05,2026-10-05T18:01:26+00:00,971,IWM,283.18,2162,-1747129656.86,289.2771,0.021531,285.0,275.0,negative,0.1874,,,-0.0341,STEEP,497953.0,515421.0,1.0351,45,0.15,1
2026-10-05 18:36:08,2026-10-05,2026-10-05T18:36:49+00:00,2123,SPX,7777.04,9758,79035191415.72,7719.9714,-0.007338,7850.0,7700.0,positive,0.12755,0.1327,0.00515,-0.033,STEEP,1461026.0,1540639.0,1.0545,45,0.15,1
2026-10-05 18:35:55,2026-10-05,2026-10-05T18:36:49+00:00,2123,SPY,774.8,3842,11657969498.83,766.8878,-0.010212,787.0,767.0,positive,0.13035,0.13305,0.0027,-0.0341,STEEP,4600091.0,4270953.0,0.9284,45,0.15,1
2026-10-05 18:35:54,2026-10-05,2026-10-05T18:36:49+00:00,2123,QQQ,755.1801,3706,7542456310.08,748.5876,-0.00873,760.0,725.0,positive,0.19255,0.1953,0.00275,-0.0437,STEEP,2236018.0,3162544.0,1.4144,45,0.15,1
2026-10-05 18:35:48,2026-10-05,2026-10-05T18:36:49+00:00,2123,IWM,283.23,2162,-1714841953.16,289.3164,0.021489,285.0,275.0,negative,0.1878,,,-0.0343,STEEP,528648.0,544828.0,1.0306,45,0.15,1
2026-10-06 13:15:19,2026-10-06,2026-10-06T13:15:36+00:00,67127,SPX,7773.9502,9970,98711309476.53,7735.7764,-0.00491,7850.0,7700.0,positive,0.12815,0.13265,0.0045,-0.0298,STEEP,570098.0,679263.0,1.1915,45,0.15,1
2026-10-06 13:15:14,2026-10-06,2026-10-06T13:15:36+00:00,67127,SPY,777.799,3762,3967731513.45,773.4564,-0.005583,785.0,767.0,positive,0.1265,0.12995,0.00345,-0.0347,STEEP,1896879.0,1888454.0,0.9956,45,0.15,1
2026-10-06 13:15:12,2026-10-06,2026-10-06T13:15:36+00:00,67127,QQQ,759.89,3650,1708069932.94,754.2096,-0.007475,775.0,749.0,positive,0.18965,0.19335,0.0037,-0.0421,STEEP,785292.0,1527662.0,1.9453,45,0.15,1
2026-10-06 13:15:11,2026-10-06,2026-10-06T13:15:36+00:00,67127,IWM,284.55,2194,-2040110609.53,288.2813,0.013113,286.0,275.0,negative,0.185,,,-0.0324,STEEP,368568.0,408833.0,1.1092,45,0.15,1
2026-10-06 18:56:37,2026-10-06,2026-10-06T18:57:04+00:00,20488,SPX,7826.1201,9904,132667296766.15,7739.3856,-0.011083,7900.0,7650.0,positive,0.12405,0.1291,0.00505,-0.0292,STEEP,2052801.0,1784387.0,0.8692,45,0.15,1
2026-10-06 18:56:41,2026-10-06,2026-10-06T18:57:04+00:00,20488,SPY,779.7972,3788,15692387565.55,774.3305,-0.00701,785.0,767.0,positive,0.12575,0.12945,0.0037,-0.0305,STEEP,5749358.0,4793036.0,0.8337,45,0.15,1
2026-10-06 18:56:40,2026-10-06,2026-10-06T18:57:04+00:00,20488,QQQ,760.44,3646,6734721763.59,754.618,-0.007656,775.0,749.0,positive,0.1851,0.18865,0.00355,-0.0392,STEEP,2818600.0,2679985.0,0.9508,45,0.15,1
2026-10-06 18:56:38,2026-10-06,2026-10-06T18:57:04+00:00,20488,IWM,281.355,2144,-3048725156.43,288.1358,0.0241,284.0,275.0,negative,0.18675,,,-0.0311,STEEP,809031.0,690164.0,0.8531,45,0.15,1
2026-10-07 19:18:09,2026-10-07,2026-10-07T19:18:31+00:00,73282,SPX,7804.8501,11404,56653128294.46,7762.2092,-0.005463,7850.0,7650.0,positive,0.1267,0.1335,0.0068,-0.0317,STEEP,1722784.0,1771888.0,1.0285,45,0.15,1
2026-10-07 19:18:15,2026-10-07,2026-10-07T19:18:31+00:00,73282,SPY,777.71,3956,2499790656.6,777.1213,-0.000757,785.0,767.0,positive,0.1261,0.13025,0.00415,-0.0324,STEEP,4717373.0,5171118.0,1.0962,45,0.15,1
2026-10-07 19:18:13,2026-10-07,2026-10-07T19:18:31+00:00,73282,QQQ,757.2,3926,-128513145.48,757.5453,0.000456,770.0,725.0,negative,0.18505,0.1889,0.00385,-0.0437,STEEP,2601349.0,2836402.0,1.0904,45,0.15,1
2026-10-07 19:18:19,2026-10-07,2026-10-07T19:18:31+00:00,73282,IWM,278.08,2188,-4058179719.21,286.4612,0.030139,284.0,275.0,negative,0.1915,,,-0.0321,STEEP,686580.0,960232.0,1.3986,45,0.15,1
2026-10-08 13:06:20,2026-10-08,2026-10-08T13:07:02+00:00,64111,SPX,7801.77,11240,12171666564.32,7757.348,-0.005694,7900.0,7650.0,positive,0.12815,0.13375,0.0056,-0.0371,STEEP,496546.0,583968.0,1.1761,45,0.15,1
2026-10-08 13:06:05,2026-10-08,2026-10-08T13:07:02+00:00,64111,SPY,774.05,3944,5704741579.73,775.7747,0.002228,785.0,767.0,positive,0.12935,0.1333,0.00395,-0.0347,STEEP,1424041.0,1955192.0,1.373,45,0.15,1
2026-10-08 13:06:14,2026-10-08,2026-10-08T13:07:02+00:00,64111,QQQ,752.54,3866,1405691554.67,756.5205,0.005289,760.0,725.0,positive,0.18965,0.19235,0.0027,-0.0423,STEEP,784052.0,1135089.0,1.4477,45,0.15,1
2026-10-08 13:06:09,2026-10-08,2026-10-08T13:07:02+00:00,64111,IWM,275.56,2136,-3578867667.67,285.5807,0.036365,285.0,272.0,negative,0.19465,,,-0.0325,STEEP,395848.0,802278.0,2.0267,45,0.15,1
2026-10-08 13:21:21,2026-10-08,2026-10-08T13:22:01+00:00,899,SPX,7801.77,11240,21086647901.52,7761.426,-0.005171,7900.0,7650.0,positive,0.128,0.13365,0.00565,-0.0372,STEEP,496546.0,583968.0,1.1761,45,0.15,1
2026-10-08 13:21:06,2026-10-08,2026-10-08T13:22:01+00:00,899,SPY,774.73,3942,5715066632.61,775.788,0.001366,785.0,767.0,positive,0.1284,0.13205,0.00365,-0.0347,STEEP,1424041.0,1955192.0,1.373,45,0.15,1
2026-10-08 13:21:15,2026-10-08,2026-10-08T13:22:01+00:00,899,QQQ,753.73,3836,1411676339.91,756.5351,0.003722,760.0,725.0,positive,0.1886,0.19175,0.00315,-0.0423,STEEP,783998.0,1130336.0,1.4418,45,0.15,1
2026-10-08 13:21:10,2026-10-08,2026-10-08T13:22:01+00:00,899,IWM,275.88,2166,-3587184568.67,285.5734,0.035136,285.0,272.0,negative,0.19465,,,-0.0325,STEEP,395849.0,802278.0,2.0267,45,0.15,1
2026-10-08 13:35:26,2026-10-08,2026-10-08T13:37:01+00:00,900,SPX,7801.77,11240,25460296473.66,7761.9407,-0.005105,7900.0,7650.0,positive,0.12755,0.1333,0.00575,-0.0363,STEEP,496546.0,583968.0,1.1761,45,0.15,1
2026-10-08 13:32:40,2026-10-08,2026-10-08T13:37:01+00:00,900,SPY,774.86,3942,5716984774.41,775.798,0.001211,785.0,767.0,positive,0.1284,0.13205,0.00365,-0.0347,STEEP,1424041.0,1955192.0,1.373,45,0.15,1
2026-10-08 13:35:37,2026-10-08,2026-10-08T13:37:01+00:00,900,QQQ,754.1,3836,1413062641.23,756.5346,0.003228,760.0,725.0,positive,0.1886,0.19175,0.00315,-0.0423,STEEP,783998.0,1130336.0,1.4418,45,0.15,1
2026-10-08 13:35:32,2026-10-08,2026-10-08T13:37:01+00:00,900,IWM,276.18,2166,-3594990429.86,285.5666,0.033987,285.0,275.0,negative,0.19465,,,-0.0325,STEEP,395849.0,802278.0,2.0267,45,0.15,1
2026-10-08 13:51:27,2026-10-08,2026-10-08T13:52:01+00:00,900,SPX,7777.4902,11302,22964541216.97,7762.4431,-0.001935,7900.0,7650.0,positive,0.1294,0.13415,0.00475,-0.0363,STEEP,56658.0,75478.0,1.3322,45,0.15,1
2026-10-08 13:51:07,2026-10-08,2026-10-08T13:52:01+00:00,900,SPY,774.89,3942,-1080220249.22,775.3868,0.000641,785.0,767.0,negative,0.12825,0.13165,0.0034,-0.0362,STEEP,148129.0,160652.0,1.0845,45,0.15,1
2026-10-08 13:51:16,2026-10-08,2026-10-08T13:52:01+00:00,900,QQQ,753.93,3836,-1532404717.9,756.0112,0.00276,760.0,750.0,negative,0.1878,0.19065,0.00285,-0.0451,STEEP,135315.0,120105.0,0.8876,45,0.15,1
2026-10-08 13:51:11,2026-10-08,2026-10-08T13:52:01+00:00,900,IWM,276.04,2166,-4343840534.66,285.7118,0.035038,284.0,272.0,negative,0.194,0.19405,5e-05,-0.0352,STEEP,43703.0,39807.0,0.9109,45,0.15,1
2026-10-08 14:06:09,2026-10-08,2026-10-08T14:07:01+00:00,900,SPX,7782.8999,11310,31850459010.98,7763.7253,-0.002464,7900.0,7650.0,positive,0.1283,0.13465,0.00635,-0.0357,STEEP,155616.0,199323.0,1.2809,45,0.15,1
2026-10-08 14:06:07,2026-10-08,2026-10-08T14:07:01+00:00,900,SPY,775.51,3940,516198514.82,775.6593,0.000192,785.0,767.0,positive,0.12775,0.13145,0.0037,-0.0376,STEEP,395160.0,502895.0,1.2726,45,0.15,1
2026-10-08 14:06:16,2026-10-08,2026-10-08T14:07:01+00:00,900,QQQ,753.979,3836,-1658129746.46,756.2521,0.003015,760.0,750.0,negative,0.18665,0.19005,0.0034,-0.0453,STEEP,297898.0,309720.0,1.0397,45,0.15,1
2026-10-08 14:06:11,2026-10-08,2026-10-08T14:07:01+00:00,900,IWM,276.85,2166,-4126060516.2,285.8645,0.032561,284.0,275.0,negative,0.1917,0.19265,0.00095,-0.0342,STEEP,107388.0,173568.0,1.6163,45,0.15,1
2026-10-08 14:21:28,2026-10-08,2026-10-08T14:22:01+00:00,900,SPX,7786.79,11310,36686024641.87,7763.7291,-0.002962,7900.0,7650.0,positive,0.12805,0.1339,0.00585,-0.0354,STEEP,271467.0,314440.0,1.1583,45,0.15,1
2026-10-08 14:21:08,2026-10-08,2026-10-08T14:22:01+00:00,900,SPY,775.675,3940,784416129.1,775.662,-1.7e-05,785.0,767.0,positive,0.12755,0.1315,0.00395,-0.0361,STEEP,716733.0,716689.0,0.9999,45,0.15,1
2026-10-08 14:21:17,2026-10-08,2026-10-08T14:22:01+00:00,900,QQQ,754.2095,3832,-1569888978.07,756.2381,0.00269,760.0,750.0,negative,0.18555,0.18885,0.0033,-0.0456,STEEP,506301.0,543483.0,1.0734,45,0.15,1
2026-10-08 14:21:12,2026-10-08,2026-10-08T14:22:01+00:00,900,IWM,276.195,2166,-4394342685.46,285.4698,0.03358,284.0,275.0,negative,0.19195,0.1925,0.00055,-0.0344,STEEP,171989.0,226133.0,1.3148,45,0.15,1
2026-10-08 14:36:29,2026-10-08,2026-10-08T14:37:01+00:00,900,SPX,7788.27,11300,40367478631.23,7765.3385,-0.002944,7900.0,7650.0,positive,0.12745,0.13395,0.0065,-0.035,STEEP,353417.0,383575.0,1.0853,45,0.15,1
2026-10-08 14:36:08,2026-10-08,2026-10-08T14:37:01+00:00,900,SPY,776.08,3940,1884128510.68,775.7245,-0.000458,785.0,767.0,positive,0.1274,0.1315,0.0041,-0.036,STEEP,1057814.0,909187.0,0.8595,45,0.15,1
2026-10-08 14:36:17,2026-10-08,2026-10-08T14:37:01+00:00,900,QQQ,755.475,3828,-680185883.93,756.5293,0.001396,760.0,725.0,negative,0.1845,0.1879,0.0034,-0.0451,STEEP,703094.0,694920.0,0.9884,45,0.15,1
2026-10-08 14:36:12,2026-10-08,2026-10-08T14:37:01+00:00,900,IWM,276.25,2166,-4433419413.03,285.428,0.033224,284.0,275.0,negative,0.19035,0.19175,0.0014,-0.0311,STEEP,210842.0,261702.0,1.2412,45,0.15,1
2026-10-08 14:51:30,2026-10-08,2026-10-08T14:52:01+00:00,900,SPX,7791.2998,11300,42453346154.85,7765.4316,-0.00332,7900.0,7650.0,positive,0.127,0.1336,0.0066,-0.0346,STEEP,453024.0,455522.0,1.0055,45,0.15,1
2026-10-08 14:51:09,2026-10-08,2026-10-08T14:52:01+00:00,900,SPY,776.27,3940,2648560086.84,775.6888,-0.000749,785.0,767.0,positive,0.12685,0.1311,0.00425,-0.0349,STEEP,1382833.0,1112389.0,0.8044,45,0.15,1
2026-10-08 14:51:18,2026-10-08,2026-10-08T14:52:01+00:00,900,QQQ,756.28,3828,155970421.86,756.3674,0.000116,760.0,725.0,positive,0.18475,0.1881,0.00335,-0.044,STEEP,952626.0,907167.0,0.9523,45,0.15,1
2026-10-08 14:51:13,2026-10-08,2026-10-08T14:52:01+00:00,900,IWM,276.16,2166,-4473677967.8,285.5448,0.033983,284.0,275.0,negative,0.1897,0.19125,0.00155,-0.0303,STEEP,241286.0,296021.0,1.2268,45,0.15,1
2026-10-08 15:06:30,2026-10-08,2026-10-08T15:07:01+00:00,900,SPX,7782.5601,11302,29198435122.4,7764.5601,-0.002313,7900.0,7650.0,positive,0.1273,0.1344,0.0071,-0.0352,STEEP,529882.0,547637.0,1.0335,45,0.15,1
2026-10-08 15:06:09,2026-10-08,2026-10-08T15:07:01+00:00,900,SPY,775.48,3940,108939599.65,775.5183,4.9e-05,785.0,767.0,positive,0.1275,0.13185,0.00435,-0.0357,STEEP,1601044.0,1378450.0,0.861,45,0.15,1
2026-10-08 15:06:18,2026-10-08,2026-10-08T15:07:01+00:00,900,QQQ,754.9,3832,-1186272249.24,756.1967,0.001718,760.0,725.0,negative,0.1847,0.1883,0.0036,-0.0466,STEEP,1104829.0,1099018.0,0.9947,45,0.15,1
2026-10-08 15:06:13,2026-10-08,2026-10-08T15:07:01+00:00,900,IWM,275.542,2136,-4641230975.77,285.0072,0.034351,284.0,272.0,negative,0.1893,0.19075,0.00145,-0.0315,STEEP,274614.0,349419.0,1.2724,45,0.15,1
2026-10-08 15:21:31,2026-10-08,2026-10-08T15:22:01+00:00,900,SPX,7779.4702,11302,23968947498.38,7764.6947,-0.001899,7900.0,7650.0,positive,0.1281,0.1346,0.0065,-0.0362,STEEP,610732.0,654778.0,1.0721,45,0.15,1
2026-10-08 15:21:49,2026-10-08,2026-10-08T15:22:01+00:00,900,SPY,775.22,3942,-1030626604.51,775.5473,0.000422,785.0,767.0,negative,0.12815,0.1322,0.00405,-0.0368,STEEP,1842594.0,1741558.0,0.9452,45,0.15,1
2026-10-08 15:21:19,2026-10-08,2026-10-08T15:22:01+00:00,900,QQQ,754.2,3832,-1799104440.0,756.275,0.002751,760.0,750.0,negative,0.1854,0.1886,0.0032,-0.0452,STEEP,1273501.0,1310423.0,1.029,45,0.15,1
2026-10-08 15:21:14,2026-10-08,2026-10-08T15:22:01+00:00,900,IWM,275.07,2136,-4723032111.77,285.6121,0.038325,284.0,272.0,negative,0.1911,0.1923,0.0012,-0.0345,STEEP,311276.0,404692.0,1.3001,45,0.15,1
2026-10-08 15:36:32,2026-10-08,2026-10-08T15:37:01+00:00,900,SPX,7772.6201,11312,14827750524.71,7763.7555,-0.00114,7900.0,7650.0,positive,0.1292,0.1353,0.0061,-0.0369,STEEP,688329.0,751401.0,1.0916,45,0.15,1
2026-10-08 15:36:10,2026-10-08,2026-10-08T15:37:01+00:00,900,SPY,774.41,3942,-2837724624.85,775.4223,0.001307,785.0,767.0,negative,0.1295,0.13315,0.00365,-0.0381,STEEP,2058752.0,2040630.0,0.9912,45,0.15,1
2026-10-08 15:36:19,2026-10-08,2026-10-08T15:37:01+00:00,900,QQQ,754.15,3832,-1919346378.73,756.3427,0.002908,760.0,750.0,negative,0.18585,0.18885,0.003,-0.0463,STEEP,1388278.0,1446105.0,1.0417,45,0.15,1
2026-10-08 15:36:14,2026-10-08,2026-10-08T15:37:01+00:00,900,IWM,274.79,2136,-4760480254.89,285.8148,0.040121,284.0,272.0,negative,0.1918,0.1929,0.0011,-0.0344,STEEP,346755.0,500767.0,1.4442,45,0.15,1
2026-10-08 15:51:32,2026-10-08,2026-10-08T15:52:01+00:00,900,SPX,7770.8599,11312,13380907607.13,7764.4257,-0.000828,7900.0,7650.0,positive,0.129,0.1354,0.0064,-0.037,STEEP,751364.0,811082.0,1.0795,45,0.15,1
2026-10-08 15:51:11,2026-10-08,2026-10-08T15:52:01+00:00,900,SPY,774.31,3942,-3212350771.89,775.3998,0.001407,785.0,767.0,negative,0.1289,0.1329,0.004,-0.0388,STEEP,2238292.0,2278759.0,1.0181,45,0.15,1
2026-10-08 15:51:20,2026-10-08,2026-10-08T15:52:01+00:00,900,QQQ,753.36,3836,-2448630684.21,756.0053,0.003511,760.0,750.0,negative,0.18655,0.18935,0.0028,-0.0461,STEEP,1520488.0,1578800.0,1.0384,45,0.15,1
2026-10-08 15:51:15,2026-10-08,2026-10-08T15:52:01+00:00,900,IWM,274.71,2106,-4792194526.99,285.8078,0.040398,284.0,272.0,negative,0.1916,0.19295,0.00135,-0.0347,STEEP,389154.0,609269.0,1.5656,45,0.15,1
2026-10-08 16:06:33,2026-10-08,2026-10-08T16:07:01+00:00,900,SPX,7774.0898,11312,17792636425.0,7764.8097,-0.001194,7900.0,7650.0,positive,0.1281,0.1347,0.0066,-0.0368,STEEP,803473.0,894463.0,1.1132,45,0.15,1
2026-10-08 16:06:11,2026-10-08,2026-10-08T16:07:01+00:00,900,SPY,774.6396,3942,-2531785556.85,775.554,0.00118,785.0,767.0,negative,0.12745,0.1317,0.00425,-0.0372,STEEP,2393121.0,2415868.0,1.0095,45,0.15,1
2026-10-08 16:06:20,2026-10-08,2026-10-08T16:07:01+00:00,900,QQQ,753.62,3836,-2370832883.49,756.2613,0.003505,760.0,750.0,negative,0.18455,0.18795,0.0034,-0.0464,STEEP,1657883.0,1713252.0,1.0334,45,0.15,1
2026-10-08 16:06:15,2026-10-08,2026-10-08T16:07:01+00:00,900,IWM,275.175,2136,-4723527794.7,285.0288,0.035809,284.0,272.0,negative,0.19195,0.1938,0.00185,-0.0345,STEEP,441475.0,637585.0,1.4442,45,0.15,1
2026-10-08 16:21:45,2026-10-08,2026-10-08T16:22:01+00:00,900,SPX,7770.8599,11312,13049109243.23,7764.9169,-0.000765,7900.0,7650.0,positive,0.1284,0.13505,0.00665,-0.0371,STEEP,851048.0,939473.0,1.1039,45,0.15,1
2026-10-08 16:21:43,2026-10-08,2026-10-08T16:22:01+00:00,900,SPY,774.36,3942,-3232985709.84,775.426,0.001377,785.0,767.0,negative,0.12825,0.1325,0.00425,-0.0384,STEEP,2544670.0,2574492.0,1.0117,45,0.15,1
2026-10-08 16:18:45,2026-10-08,2026-10-08T16:22:01+00:00,900,QQQ,752.59,3866,-2977298617.54,755.8722,0.004361,760.0,749.0,negative,0.1852,0.1883,0.0031,-0.0481,STEEP,1785900.0,1861576.0,1.0424,45,0.15,1
2026-10-08 16:21:47,2026-10-08,2026-10-08T16:22:01+00:00,900,IWM,275.08,2136,-4761156733.36,285.7008,0.03861,284.0,272.0,negative,0.1921,0.1932,0.0011,-0.0343,STEEP,462914.0,655078.0,1.4151,45,0.15,1
2026-10-08 16:36:46,2026-10-08,2026-10-08T16:37:01+00:00,900,SPX,7784.9902,11310,33645497464.33,7766.8744,-0.002327,7900.0,7650.0,positive,0.1267,0.13425,0.00755,-0.0362,STEEP,994689.0,1047691.0,1.0533,45,0.15,1
2026-10-08 16:36:44,2026-10-08,2026-10-08T16:37:01+00:00,900,SPY,775.77,3940,748704055.81,775.7633,-9e-06,785.0,767.0,positive,0.12615,0.1306,0.00445,-0.0368,STEEP,2954261.0,2863936.0,0.9694,45,0.15,1
2026-10-08 16:36:53,2026-10-08,2026-10-08T16:37:01+00:00,900,QQQ,754.42,3832,-1676332919.47,756.2978,0.002489,760.0,725.0,negative,0.18515,0.1881,0.00295,-0.0464,STEEP,2116657.0,2049896.0,0.9685,45,0.15,1
2026-10-08 16:36:47,2026-10-08,2026-10-08T16:37:01+00:00,900,IWM,276.06,2166,-4484659792.91,284.6519,0.031123,284.0,272.0,negative,0.19055,0.1917,0.00115,-0.0339,STEEP,541204.0,683951.0,1.2638,45,0.15,1
2026-10-08 16:50:28,2026-10-08,2026-10-08T16:52:00+00:00,899,SPX,7782.0498,11302,28920152964.21,7766.2615,-0.002029,7900.0,7650.0,positive,0.12685,0.134,0.00715,-0.0359,STEEP,1057768.0,1099339.0,1.0393,45,0.15,1
2026-10-08 16:50:50,2026-10-08,2026-10-08T16:52:00+00:00,899,SPY,775.54,3940,23392793.2,775.7267,0.000241,785.0,767.0,positive,0.1259,0.13055,0.00465,-0.0369,STEEP,3167890.0,3003516.0,0.9481,45,0.15,1
2026-10-08 16:50:58,2026-10-08,2026-10-08T16:52:00+00:00,899,QQQ,754.24,3832,-1933579439.46,756.29,0.002718,760.0,725.0,negative,0.18385,0.18695,0.0031,-0.0456,STEEP,2247138.0,2128756.0,0.9473,45,0.15,1
2026-10-08 16:50:53,2026-10-08,2026-10-08T16:52:00+00:00,899,IWM,275.875,2166,-4567049809.77,285.6186,0.035319,284.0,272.0,negative,0.18975,0.192,0.00225,-0.0329,STEEP,572790.0,726014.0,1.2675,45,0.15,1
2026-10-08 17:05:48,2026-10-08,2026-10-08T17:07:00+00:00,900,SPX,7757.1299,11372,-635571974.21,7760.2141,0.000398,7800.0,7650.0,negative,0.13035,0.1361,0.00575,-0.0376,STEEP,1162546.0,1245454.0,1.0713,45,0.15,1
2026-10-08 17:05:46,2026-10-08,2026-10-08T17:07:00+00:00,900,SPY,773.09,3914,-5765852188.99,775.1001,0.0026,785.0,767.0,negative,0.1297,0.1336,0.0039,-0.0381,STEEP,3480782.0,3390513.0,0.9741,45,0.15,1
2026-10-08 17:05:55,2026-10-08,2026-10-08T17:07:00+00:00,900,QQQ,749.37,3852,-4239332974.22,755.2929,0.007904,760.0,725.0,negative,0.19155,0.19245,0.0009,-0.0535,STEEP,2478957.0,2405963.0,0.9706,45,0.15,1
2026-10-08 17:05:50,2026-10-08,2026-10-08T17:07:00+00:00,900,IWM,275.5,2136,-4601973127.03,285.659,0.036875,284.0,272.0,negative,0.1928,0.19445,0.00165,-0.0317,STEEP,608115.0,769581.0,1.2655,45,0.15,1
2026-10-08 17:21:23,2026-10-08,2026-10-08T17:22:00+00:00,900,SPX,7747.23,11382,-12769242111.6,7760.6711,0.001735,7800.0,7700.0,negative,0.13305,0.138,0.00495,-0.0413,STEEP,1304201.0,1442251.0,1.1059,45,0.15,1
2026-10-08 17:21:21,2026-10-08,2026-10-08T17:22:00+00:00,900,SPY,772.04,3916,-7944393728.12,775.17,0.004054,785.0,767.0,negative,0.13255,0.1355,0.00295,-0.043,STEEP,3936186.0,3958158.0,1.0056,45,0.15,1
2026-10-08 17:21:30,2026-10-08,2026-10-08T17:22:00+00:00,900,QQQ,746.405,3856,-4852985035.92,754.9716,0.011477,760.0,730.0,negative,0.19645,0.19585,-0.0006,-0.0559,STEEP,2871108.0,2856466.0,0.9949,45,0.15,1
2026-10-08 17:21:24,2026-10-08,2026-10-08T17:22:00+00:00,900,IWM,276.02,2166,-4422827279.95,285.7912,0.0354,284.0,272.0,negative,0.1931,0.19465,0.00155,-0.0359,STEEP,677066.0,835917.0,1.2346,45,0.15,1
2026-10-08 17:36:55,2026-10-08,2026-10-08T17:37:00+00:00,900,SPX,7747.71,11382,-12714056920.96,7761.7711,0.001815,7800.0,7650.0,negative,0.1321,0.1374,0.0053,-0.0409,STEEP,1413884.0,1544465.0,1.0924,45,0.15,1
2026-10-08 17:36:16,2026-10-08,2026-10-08T17:37:00+00:00,900,SPY,772.28,3916,-7626770538.66,775.2447,0.003839,785.0,767.0,negative,0.13185,0.1349,0.00305,-0.0409,STEEP,4360574.0,4315411.0,0.9896,45,0.15,1
2026-10-08 17:36:13,2026-10-08,2026-10-08T17:37:00+00:00,900,QQQ,746.39,3856,-5004354631.23,754.8065,0.011276,760.0,730.0,negative,0.19395,0.19395,0.0,-0.0538,STEEP,3206678.0,3174365.0,0.9899,45,0.15,1
2026-10-08 17:36:08,2026-10-08,2026-10-08T17:37:00+00:00,900,IWM,276.99,2166,-4105794941.41,285.8044,0.031822,284.0,275.0,negative,0.19255,0.1933,0.00075,-0.0361,STEEP,741983.0,914704.0,1.2328,45,0.15,1
2026-10-08 17:51:56,2026-10-08,2026-10-08T17:52:00+00:00,900,SPX,7745.6699,11382,-15248665405.16,7761.4821,0.002041,7800.0,7700.0,negative,0.13225,0.13725,0.005,-0.0415,STEEP,1546279.0,1747033.0,1.1298,45,0.15,1
2026-10-08 17:51:05,2026-10-08,2026-10-08T17:52:00+00:00,900,SPY,771.95,3916,-8470611993.32,775.2716,0.004303,785.0,767.0,negative,0.13195,0.13495,0.003,-0.0421,STEEP,4734769.0,4819525.0,1.0179,45,0.15,1
2026-10-08 17:51:14,2026-10-08,2026-10-08T17:52:00+00:00,900,QQQ,745.94,3856,-4945862791.66,754.8399,0.011931,760.0,730.0,negative,0.195,0.1942,-0.0008,-0.0542,STEEP,3542299.0,3546313.0,1.0011,45,0.15,1
2026-10-08 17:51:09,2026-10-08,2026-10-08T17:52:00+00:00,900,IWM,276.95,2166,-4135190855.76,285.7941,0.031934,284.0,275.0,negative,0.193,0.1936,0.0006,-0.0332,STEEP,788612.0,983345.0,1.2469,45,0.15,1
2026-10-08 18:06:07,2026-10-08,2026-10-08T18:07:01+00:00,901,SPX,7742.4702,11382,-19303766936.4,7760.4406,0.002321,7800.0,7700.0,negative,0.13315,0.13815,0.005,-0.0418,STEEP,1623364.0,1842794.0,1.1352,45,0.15,1
2026-10-08 18:06:05,2026-10-08,2026-10-08T18:07:01+00:00,901,SPY,771.55,3918,-8950078777.24,775.1384,0.004651,785.0,767.0,negative,0.13205,0.1348,0.00275,-0.0418,STEEP,4986062.0,5137806.0,1.0304,45,0.15,1
2026-10-08 18:06:14,2026-10-08,2026-10-08T18:07:01+00:00,901,QQQ,744.96,3860,-5022974090.99,754.8521,0.013279,760.0,730.0,negative,0.1962,0.19515,-0.00105,-0.0554,STEEP,3735758.0,3808179.0,1.0194,45,0.15,1
2026-10-08 18:06:09,2026-10-08,2026-10-08T18:07:01+00:00,901,IWM,277.05,2166,-4078947116.73,285.7391,0.031363,284.0,275.0,negative,0.1935,0.1935,0.0,-0.0349,STEEP,835888.0,1014165.0,1.2133,45,0.15,1
2026-10-08 18:21:08,2026-10-08,2026-10-08T18:22:01+00:00,900,SPX,7747.0,11382,-15262209125.52,7761.6752,0.001894,7800.0,7650.0,negative,0.1322,0.137,0.0048,-0.0411,STEEP,1701279.0,1928434.0,1.1335,45,0.15,1
2026-10-08 18:21:06,2026-10-08,2026-10-08T18:22:01+00:00,900,SPY,771.97,3916,-8437169299.55,775.1505,0.00412,785.0,767.0,negative,0.1316,0.13465,0.00305,-0.0423,STEEP,5197074.0,5367853.0,1.0329,45,0.15,1
2026-10-08 18:21:15,2026-10-08,2026-10-08T18:22:01+00:00,900,QQQ,745.72,3860,-5136148926.34,754.8467,0.012239,760.0,730.0,negative,0.1958,0.19475,-0.00105,-0.055,STEEP,3887687.0,3966436.0,1.0203,45,0.15,1
2026-10-08 18:21:10,2026-10-08,2026-10-08T18:22:01+00:00,900,IWM,277.245,2166,-4037916845.82,285.6965,0.030484,284.0,275.0,negative,0.1926,0.193,0.0004,-0.0345,STEEP,866060.0,1032157.0,1.1918,45,0.15,1
2026-10-08 18:36:09,2026-10-08,2026-10-08T18:37:00+00:00,899,SPX,7758.3799,11372,-5662400895.28,7763.5496,0.000666,7800.0,7650.0,negative,0.12895,0.1354,0.00645,-0.0392,STEEP,1786345.0,2021664.0,1.1317,45,0.15,1
2026-10-08 18:36:06,2026-10-08,2026-10-08T18:37:00+00:00,899,SPY,773.07,3914,-6799329823.74,775.2871,0.002868,785.0,767.0,negative,0.12905,0.1329,0.00385,-0.0393,STEEP,5471755.0,5560158.0,1.0162,45,0.15,1
2026-10-08 18:36:15,2026-10-08,2026-10-08T18:37:00+00:00,899,QQQ,747.6,3826,-5383560415.65,755.332,0.010342,760.0,730.0,negative,0.1918,0.1922,0.0004,-0.0518,STEEP,4083863.0,4135756.0,1.0127,45,0.15,1
2026-10-08 18:36:10,2026-10-08,2026-10-08T18:37:00+00:00,899,IWM,277.38,2166,-4011782556.9,285.6428,0.029789,284.0,275.0,negative,0.19165,0.1924,0.00075,-0.034,STEEP,898493.0,1104144.0,1.2289,45,0.15,1
2026-10-08 18:51:09,2026-10-08,2026-10-08T18:52:00+00:00,900,SPX,7754.1001,11372,-9214211749.37,7763.0247,0.001151,7800.0,7650.0,negative,0.13055,0.13665,0.0061,-0.04,STEEP,1877239.0,2099537.0,1.1184,45,0.15,1
2026-10-08 18:51:07,2026-10-08,2026-10-08T18:52:00+00:00,900,SPY,772.66,3916,-7307330302.39,775.3201,0.003443,785.0,767.0,negative,0.1299,0.13335,0.00345,-0.0405,STEEP,5715253.0,5806795.0,1.016,45,0.15,1
2026-10-08 18:51:16,2026-10-08,2026-10-08T18:52:00+00:00,900,QQQ,746.8,3856,-5280193920.68,754.7057,0.010586,760.0,730.0,negative,0.1939,0.19395,5e-05,-0.0527,STEEP,4292911.0,4305188.0,1.0029,45,0.15,1
2026-10-08 18:51:11,2026-10-08,2026-10-08T18:52:00+00:00,900,IWM,277.17,2166,-4141632931.48,285.2896,0.029295,284.0,275.0,negative,0.1918,0.19265,0.00085,-0.0333,STEEP,918487.0,1125518.0,1.2254,45,0.15,1
2026-10-08 19:06:09,2026-10-08,2026-10-08T19:07:01+00:00,901,SPX,7757.6499,11372,-4802002972.79,7763.9737,0.000815,7800.0,7650.0,negative,0.12945,0.13555,0.0061,-0.0389,STEEP,1930683.0,2155923.0,1.1167,45,0.15,1
2026-10-08 19:06:07,2026-10-08,2026-10-08T19:07:01+00:00,901,SPY,773.03,3914,-6602836326.82,775.4838,0.003174,785.0,767.0,negative,0.12935,0.13305,0.0037,-0.0394,STEEP,5880810.0,5967156.0,1.0147,45,0.15,1
2026-10-08 19:06:16,2026-10-08,2026-10-08T19:07:01+00:00,901,QQQ,746.88,3856,-5457792789.24,752.2903,0.007244,760.0,730.0,negative,0.19325,0.1936,0.00035,-0.0526,STEEP,4430479.0,4441804.0,1.0026,45,0.15,1
2026-10-08 19:06:11,2026-10-08,2026-10-08T19:07:01+00:00,901,IWM,276.96,2166,-4271111760.14,285.4115,0.030515,284.0,275.0,negative,0.19135,0.1927,0.00135,-0.034,STEEP,942902.0,1169740.0,1.2406,45,0.15,1
2026-10-08 19:21:10,2026-10-08,2026-10-08T19:22:00+00:00,899,SPX,7753.7798,11372,-9667364852.87,7764.7656,0.001417,7800.0,7650.0,negative,0.1294,0.13615,0.00675,-0.0391,STEEP,1990098.0,2213858.0,1.1124,45,0.15,1
2026-10-08 19:21:08,2026-10-08,2026-10-08T19:22:00+00:00,899,SPY,772.69,3916,-7312406735.58,774.9858,0.002971,785.0,767.0,negative,0.12895,0.1327,0.00375,-0.041,STEEP,6017549.0,6133220.0,1.0192,45,0.15,1
2026-10-08 19:21:17,2026-10-08,2026-10-08T19:22:00+00:00,899,QQQ,746.3,3856,-5373383893.18,754.9021,0.011526,760.0,730.0,negative,0.195,0.19505,5e-05,-0.0534,STEEP,4530511.0,4544154.0,1.003,45,0.15,1
2026-10-08 19:21:12,2026-10-08,2026-10-08T19:22:00+00:00,899,IWM,276.96,2166,-4292757817.19,285.4097,0.030509,284.0,275.0,negative,0.19095,0.1922,0.00125,-0.0347,STEEP,965364.0,1226071.0,1.2701,45,0.15,1
2026-10-08 19:36:10,2026-10-08,2026-10-08T19:37:00+00:00,900,SPX,7757.29,11372,-7520330813.32,7766.6613,0.001208,7800.0,7650.0,negative,0.1292,0.13505,0.00585,-0.0385,STEEP,2050552.0,2281463.0,1.1126,45,0.15,1
2026-10-08 19:36:08,2026-10-08,2026-10-08T19:37:00+00:00,900,SPY,773.01,3914,-7012826121.53,775.2603,0.002911,785.0,767.0,negative,0.12875,0.1325,0.00375,-0.0394,STEEP,6165804.0,6306238.0,1.0228,45,0.15,1
2026-10-08 19:36:17,2026-10-08,2026-10-08T19:37:00+00:00,900,QQQ,746.0,3856,-5236084075.37,753.018,0.009407,760.0,730.0,negative,0.19455,0.19535,0.0008,-0.0531,STEEP,4655989.0,4700905.0,1.0096,45,0.15,1
2026-10-08 19:36:12,2026-10-08,2026-10-08T19:37:00+00:00,900,IWM,277.41,2196,-4042764533.84,285.5871,0.029476,284.0,275.0,negative,0.19095,0.1925,0.00155,-0.0338,STEEP,992478.0,1246823.0,1.2563,45,0.15,1
2026-10-08 19:51:11,2026-10-08,2026-10-08T19:52:00+00:00,900,SPX,7759.1699,11372,-5056708614.9,7766.2713,0.000915,7800.0,7650.0,negative,0.1286,0.1349,0.0063,-0.0385,STEEP,2151260.0,2385894.0,1.1091,45,0.15,1
2026-10-08 19:51:49,2026-10-08,2026-10-08T19:52:00+00:00,900,SPY,773.115,3914,-6666814092.3,775.757,0.003417,785.0,767.0,negative,0.1285,0.1324,0.0039,-0.0386,STEEP,6404692.0,6548655.0,1.0225,45,0.15,1
2026-10-08 19:51:18,2026-10-08,2026-10-08T19:52:00+00:00,900,QQQ,746.49,3856,-5451367198.17,754.0376,0.010111,760.0,730.0,negative,0.1949,0.1952,0.0003,-0.0511,STEEP,4815073.0,4853974.0,1.0081,45,0.15,1
2026-10-08 19:51:13,2026-10-08,2026-10-08T19:52:00+00:00,900,IWM,277.345,2166,-4080182196.07,285.1746,0.02823,284.0,275.0,negative,0.1912,0.1926,0.0014,-0.0339,STEEP,1030309.0,1270571.0,1.2332,45,0.15,1
2026-10-08 20:06:11,2026-10-08,2026-10-08T20:07:01+00:00,901,SPX,7763.4399,10916,19658212062.93,7748.0091,-0.001988,7800.0,7650.0,positive,0.12795,0.1349,0.00695,-0.0386,STEEP,484162.0,616198.0,1.2727,45,0.15,1
2026-10-08 20:06:09,2026-10-08,2026-10-08T20:07:01+00:00,901,SPY,773.66,3634,-3223617415.31,775.3111,0.002134,785.0,767.0,negative,0.12715,0.1315,0.00435,-0.0392,STEEP,1820324.0,2084378.0,1.1451,45,0.15,1
2026-10-08 20:06:18,2026-10-08,2026-10-08T20:07:01+00:00,901,QQQ,747.02,3574,-2149274638.42,751.6001,0.006131,760.0,730.0,negative,0.1933,0.194,0.0007,-0.0508,STEEP,1307954.0,1598994.0,1.2225,45,0.15,1
2026-10-08 20:06:13,2026-10-08,2026-10-08T20:07:01+00:00,901,IWM,277.55,2068,-3892029012.21,285.7809,0.029656,284.0,275.0,negative,0.1911,0.19235,0.00125,-0.0334,STEEP,498105.0,795997.0,1.5981,45,0.15,1
2026-10-08 20:21:12,2026-10-08,2026-10-08T20:22:00+00:00,899,SPX,7765.3599,10856,23952176929.72,7745.5897,-0.002546,7800.0,7650.0,positive,0.128,0.134,0.006,-0.0377,STEEP,523400.0,673977.0,1.2877,45,0.15,1
2026-10-08 20:21:10,2026-10-08,2026-10-08T20:22:00+00:00,899,SPY,774.15,3660,-2442731651.08,775.4187,0.001639,785.0,767.0,negative,0.12755,0.13155,0.004,-0.0386,STEEP,1925655.0,2196401.0,1.1406,45,0.15,1
2026-10-08 20:21:19,2026-10-08,2026-10-08T20:22:00+00:00,899,QQQ,747.85,3574,-1909674644.51,751.7819,0.005258,760.0,725.0,negative,0.19205,0.19325,0.0012,-0.0505,STEEP,1395633.0,1660592.0,1.1898,45,0.15,1
2026-10-08 20:21:14,2026-10-08,2026-10-08T20:22:00+00:00,899,IWM,277.77,2068,-3819570269.46,285.945,0.029431,284.0,275.0,negative,0.19085,0.1926,0.00175,-0.0335,STEEP,519629.0,856728.0,1.6487,45,0.15,1
2026-10-08 20:36:13,2026-10-08,2026-10-08T20:37:01+00:00,901,SPX,7765.3599,10856,27331941094.22,7745.6632,-0.002536,7800.0,7650.0,positive,0.128,0.13415,0.00615,-0.0369,STEEP,551533.0,694033.0,1.2584,45,0.15,1
2026-10-08 20:36:10,2026-10-08,2026-10-08T20:37:01+00:00,901,SPY,774.4,3660,-1973134884.73,775.4984,0.001418,785.0,767.0,negative,0.1272,0.1314,0.0042,-0.0383,STEEP,1970176.0,2241004.0,1.1375,45,0.15,1
2026-10-08 20:36:20,2026-10-08,2026-10-08T20:37:01+00:00,901,QQQ,748.18,3574,-1834589186.87,751.8694,0.004931,760.0,725.0,negative,0.19185,0.19315,0.0013,-0.0491,STEEP,1415027.0,1680998.0,1.188,45,0.15,1
2026-10-08 20:36:14,2026-10-08,2026-10-08T20:37:01+00:00,901,IWM,277.79,2068,-3832753023.9,285.933,0.029314,284.0,275.0,negative,0.19035,0.19215,0.0018,-0.0329,STEEP,525636.0,915249.0,1.7412,45,0.15,1
2026-10-08 20:51:13,2026-10-08,2026-10-08T20:52:00+00:00,899,SPX,7765.3599,10856,25144547142.96,7746.269,-0.002458,7800.0,7650.0,positive,0.12775,0.13405,0.0063,-0.0374,STEEP,551533.0,694033.0,1.2584,45,0.15,1
2026-10-08 20:51:11,2026-10-08,2026-10-08T20:52:00+00:00,899,SPY,774.12,3660,-1971708288.94,775.4985,0.001781,785.0,767.0,negative,0.1272,0.1314,0.0042,-0.0383,STEEP,1970176.0,2241004.0,1.1375,45,0.15,1
2026-10-08 20:51:20,2026-10-08,2026-10-08T20:52:00+00:00,899,QQQ,748.37,3570,-1835521091.5,751.8685,0.004675,760.0,725.0,negative,0.19185,0.19315,0.0013,-0.0491,STEEP,1415027.0,1680998.0,1.188,45,0.15,1
2026-10-09 13:06:20,2026-10-09,2026-10-09T13:07:01+00:00,58501,SPX,7765.3599,11212,51766271275.54,7753.4173,-0.001538,7800.0,7700.0,positive,0.12505,0.13395,0.0089,-0.0352,STEEP,551533.0,694033.0,1.2584,45,0.15,1
2026-10-09 13:06:14,2026-10-09,2026-10-09T13:07:01+00:00,58501,SPY,776.065,3822,-189669277.29,774.7263,-0.001725,780.0,767.0,negative,0.1251,0.1295,0.0044,-0.0383,STEEP,1970176.0,2240998.0,1.1375,45,0.15,1
2026-10-09 13:06:16,2026-10-09,2026-10-09T13:07:01+00:00,58501,QQQ,752.2,3718,-1685978019.93,749.8773,-0.003088,760.0,740.0,negative,0.1881,0.1902,0.0021,-0.0491,STEEP,1416796.0,1680995.0,1.1865,45,0.15,1
2026-10-09 13:06:15,2026-10-09,2026-10-09T13:07:01+00:00,59400,IWM,278.11,2142,-3030068491.14,283.8441,0.020618,284.0,275.0,negative,0.19035,0.1956,0.00525,-0.0329,STEEP,525636.0,915249.0,1.7412,45,0.15,1
2026-10-09 13:06:11,2026-10-09,2026-10-09T13:07:01+00:00,,GLD,382.7,2332,-17407594.66,378.9889,-0.009697,385.0,370.0,negative,0.20695,0.20865,0.0017,-0.0048,FLAT,88062.0,99931.0,1.1348,45,0.15,1
2026-10-09 13:06:03,2026-10-09,2026-10-09T13:07:01+00:00,,TLT,77.61,812,423297916.81,76.9159,-0.008943,78.0,75.0,positive,0.1437,0.1389,-0.0048,-0.0097,FLAT,434430.0,339924.0,0.7825,45,0.15,1
2026-10-09 13:21:21,2026-10-09,2026-10-09T13:22:00+00:00,899,SPX,7765.3599,11212,57867441343.26,7753.8204,-0.001486,7800.0,7700.0,positive,0.1244,0.1338,0.0094,-0.0357,STEEP,551533.0,694033.0,1.2584,45,0.15,1
2026-10-09 13:21:14,2026-10-09,2026-10-09T13:22:00+00:00,899,SPY,776.53,3792,-189896636.18,774.7297,-0.002318,780.0,767.0,negative,0.12415,0.1286,0.00445,-0.0383,STEEP,1970100.0,2234895.0,1.1344,45,0.15,1
2026-10-09 13:21:16,2026-10-09,2026-10-09T13:22:00+00:00,899,QQQ,753.21,3688,-1689247685.44,749.8616,-0.004446,760.0,740.0,negative,0.1872,0.18955,0.00235,-0.0491,STEEP,1416712.0,1677729.0,1.1842,45,0.15,1
2026-10-09 13:21:16,2026-10-09,2026-10-09T13:22:00+00:00,899,IWM,278.29,2172,-3032068211.12,283.8334,0.019919,284.0,275.0,negative,0.19035,0.1956,0.00525,-0.0329,STEEP,525681.0,915255.0,1.7411,45,0.15,1
2026-10-09 13:21:11,2026-10-09,2026-10-09T13:22:00+00:00,899,GLD,382.9023,2332,-17166980.02,378.9945,-0.010206,385.0,370.0,negative,0.20695,0.20865,0.0017,-0.0048,FLAT,88062.0,99931.0,1.1348,45,0.15,1
2026-10-09 13:21:03,2026-10-09,2026-10-09T13:22:00+00:00,899,TLT,77.81,794,427787371.16,76.9192,-0.011449,78.5,75.0,positive,0.1425,0.1389,-0.0036,-0.0097,FLAT,434430.0,339830.0,0.7822,45,0.15,1
2026-10-09 13:32:36,2026-10-09,2026-10-09T13:37:00+00:00,900,SPX,7765.3599,11212,62098291201.87,7754.7801,-0.001362,7800.0,7650.0,positive,0.1245,0.13385,0.00935,-0.0346,STEEP,551533.0,694033.0,1.2584,45,0.15,1
2026-10-09 13:32:45,2026-10-09,2026-10-09T13:37:00+00:00,900,SPY,776.79,3792,-189659848.43,774.7308,-0.002651,780.0,767.0,negative,0.12415,0.1286,0.00445,-0.0383,STEEP,1970100.0,2234895.0,1.1344,45,0.15,1
2026-10-09 13:32:47,2026-10-09,2026-10-09T13:37:00+00:00,900,QQQ,753.73,3688,-1689182943.46,749.8434,-0.005156,760.0,740.0,negative,0.18625,0.18885,0.0026,-0.0491,STEEP,1416712.0,1677729.0,1.1842,45,0.15,1
2026-10-09 13:32:46,2026-10-09,2026-10-09T13:37:00+00:00,900,IWM,278.2,2142,-3030107364.43,283.826,0.020223,284.0,275.0,negative,0.19035,0.1956,0.00525,-0.0329,STEEP,525636.0,915249.0,1.7412,45,0.15,1
2026-10-09 13:32:42,2026-10-09,2026-10-09T13:37:00+00:00,900,GLD,383.68,2334,-14630897.35,379.0006,-0.012196,390.0,370.0,negative,0.2069,0.20845,0.00155,-0.0048,FLAT,88063.0,99931.0,1.1348,45,0.15,1
2026-10-09 13:32:34,2026-10-09,2026-10-09T13:37:00+00:00,900,TLT,77.7015,794,424296617.78,76.9234,-0.010014,78.5,75.0,positive,0.1437,0.1389,-0.0048,-0.0097,FLAT,434430.0,339830.0,0.7822,45,0.15,1
2026-10-09 13:51:14,2026-10-09,2026-10-09T13:52:00+00:00,900,SPX,7790.6802,11200,61047085325.67,7753.9419,-0.004716,7900.0,7700.0,positive,0.1217,0.1316,0.0099,-0.0347,STEEP,55109.0,62076.0,1.1264,45,0.15,1
2026-10-09 13:49:51,2026-10-09,2026-10-09T13:52:00+00:00,900,SPY,776.69,3792,6067594984.02,774.9101,-0.002292,780.0,755.0,positive,0.1231,0.12805,0.00495,-0.0359,STEEP,126795.0,132670.0,1.0463,45,0.15,1
2026-10-09 13:49:53,2026-10-09,2026-10-09T13:52:00+00:00,900,QQQ,752.14,3692,1824462330.66,750.2643,-0.002494,760.0,725.0,positive,0.18565,0.18815,0.0025,-0.0471,STEEP,104330.0,88432.0,0.8476,45,0.15,1
2026-10-09 13:49:52,2026-10-09,2026-10-09T13:52:00+00:00,900,IWM,277.925,2142,-3146435890.32,283.8096,0.021173,284.0,275.0,negative,0.1876,0.194,0.0064,-0.0335,STEEP,27206.0,22716.0,0.835,45,0.15,1
2026-10-09 13:49:48,2026-10-09,2026-10-09T13:52:00+00:00,900,GLD,383.73,2334,305716967.86,379.2731,-0.011615,387.0,370.0,positive,0.206,0.20855,0.00255,0.0018,FLAT,8733.0,6373.0,0.7298,45,0.15,1
2026-10-09 13:51:45,2026-10-09,2026-10-09T13:52:00+00:00,900,TLT,77.71,794,412500052.96,76.9973,-0.009172,78.5,77.0,positive,0.1392,0.1369,-0.0023,-0.0097,FLAT,13033.0,12061.0,0.9254,45,0.15,1
2026-10-09 14:06:32,2026-10-09,2026-10-09T14:07:02+00:00,902,SPX,7784.9102,11210,49013699156.14,7753.8537,-0.003989,7900.0,7700.0,positive,0.12205,0.1323,0.01025,-0.0346,STEEP,174590.0,204301.0,1.1702,45,0.15,1
2026-10-09 14:06:42,2026-10-09,2026-10-09T14:07:02+00:00,902,SPY,775.83,3822,3212516465.15,774.8765,-0.001229,780.0,755.0,positive,0.1234,0.1285,0.0051,-0.037,STEEP,471477.0,526753.0,1.1172,45,0.15,1
2026-10-09 14:06:44,2026-10-09,2026-10-09T14:07:02+00:00,902,QQQ,748.81,3704,-1052138544.28,749.8273,0.001359,760.0,740.0,negative,0.1854,0.18825,0.00285,-0.0483,STEEP,395232.0,449032.0,1.1361,45,0.15,1
2026-10-09 14:06:43,2026-10-09,2026-10-09T14:07:02+00:00,902,IWM,278.02,2142,-3136137154.04,283.8155,0.020846,284.0,275.0,negative,0.18595,0.19305,0.0071,-0.0312,STEEP,85352.0,116755.0,1.3679,45,0.15,1
2026-10-09 14:06:39,2026-10-09,2026-10-09T14:07:02+00:00,902,GLD,384.391,2336,326358176.52,379.9919,-0.011444,387.0,370.0,positive,0.20585,0.2087,0.00285,-0.0024,FLAT,19286.0,15291.0,0.7929,45,0.15,1
2026-10-09 14:06:31,2026-10-09,2026-10-09T14:07:02+00:00,902,TLT,77.68,794,398526351.07,76.9377,-0.009556,78.0,77.0,positive,0.13915,0.1356,-0.00355,-0.0091,FLAT,36926.0,40787.0,1.1046,45,0.15,1
2026-10-09 14:21:33,2026-10-09,2026-10-09T14:22:01+00:00,899,SPX,7784.4502,11210,51350533967.25,7754.4696,-0.003851,7900.0,7700.0,positive,0.12175,0.13185,0.0101,-0.0347,STEEP,256734.0,293890.0,1.1447,45,0.15,1
2026-10-09 14:21:43,2026-10-09,2026-10-09T14:22:01+00:00,899,SPY,775.82,3822,3519289602.76,774.8686,-0.001226,780.0,755.0,positive,0.12295,0.12815,0.0052,-0.037,STEEP,687310.0,742546.0,1.0804,45,0.15,1
2026-10-09 14:21:44,2026-10-09,2026-10-09T14:22:01+00:00,899,QQQ,749.31,3704,-597458894.2,749.9352,0.000834,760.0,740.0,negative,0.1843,0.18735,0.00305,-0.0464,STEEP,598217.0,609103.0,1.0182,45,0.15,1
2026-10-09 14:21:44,2026-10-09,2026-10-09T14:22:01+00:00,899,IWM,278.675,2172,-2785709159.29,283.8047,0.018408,284.0,275.0,negative,0.186,0.19325,0.00725,-0.0323,STEEP,154496.0,159700.0,1.0337,45,0.15,1
2026-10-09 14:21:39,2026-10-09,2026-10-09T14:22:01+00:00,899,GLD,383.97,2334,319056338.7,379.853,-0.010722,387.0,370.0,positive,0.20635,0.2085,0.00215,0.0005,FLAT,30073.0,20068.0,0.6673,45,0.15,1
2026-10-09 14:21:31,2026-10-09,2026-10-09T14:22:01+00:00,899,TLT,77.6515,794,389835400.38,76.992,-0.008493,78.0,77.0,positive,0.13845,0.13605,-0.0024,-0.0085,FLAT,62046.0,51046.0,0.8227,45,0.15,1
2026-10-09 14:36:33,2026-10-09,2026-10-09T14:37:01+00:00,900,SPX,7792.3398,11200,63016822887.44,7755.5277,-0.004724,7900.0,7650.0,positive,0.12135,0.13145,0.0101,-0.0348,STEEP,342628.0,386908.0,1.1292,45,0.15,1
2026-10-09 14:36:43,2026-10-09,2026-10-09T14:37:01+00:00,900,SPY,776.49,3792,5973517413.79,775.1042,-0.001785,780.0,755.0,positive,0.12365,0.12865,0.005,-0.0362,STEEP,1014225.0,940825.0,0.9276,45,0.15,1
2026-10-09 14:36:44,2026-10-09,2026-10-09T14:37:01+00:00,900,QQQ,749.58,3700,-174993960.76,749.8132,0.000311,760.0,725.0,negative,0.18315,0.18655,0.0034,-0.046,STEEP,808463.0,793055.0,0.9809,45,0.15,1
2026-10-09 14:36:44,2026-10-09,2026-10-09T14:37:01+00:00,900,IWM,278.58,2172,-2842306788.41,283.7911,0.018706,284.0,275.0,negative,0.18455,0.1925,0.00795,-0.0317,STEEP,189522.0,186596.0,0.9846,45,0.15,1
2026-10-09 14:36:39,2026-10-09,2026-10-09T14:37:01+00:00,900,GLD,383.87,2334,321330272.58,379.5357,-0.011291,387.0,370.0,positive,0.20645,0.20945,0.003,0.0013,FLAT,35802.0,25042.0,0.6995,45,0.15,1
2026-10-09 14:36:32,2026-10-09,2026-10-09T14:37:01+00:00,900,TLT,77.61,812,375558485.9,77.1458,-0.005981,78.0,77.0,positive,0.1386,0.1353,-0.0033,-0.0078,FLAT,70731.0,64398.0,0.9105,45,0.15,1
2026-10-09 14:51:34,2026-10-09,2026-10-09T14:52:01+00:00,900,SPX,7791.0098,11200,62159300505.27,7754.5978,-0.004674,7900.0,7700.0,positive,0.1206,0.131,0.0104,-0.0349,STEEP,403811.0,480705.0,1.1904,45,0.15,1
2026-10-09 14:51:44,2026-10-09,2026-10-09T14:52:01+00:00,900,SPY,776.385,3822,5438104323.88,775.0044,-0.001778,780.0,755.0,positive,0.1229,0.1282,0.0053,-0.0358,STEEP,1251756.0,1145403.0,0.915,45,0.15,1
2026-10-09 14:51:45,2026-10-09,2026-10-09T14:52:01+00:00,900,QQQ,750.1996,3700,341128836.55,749.8584,-0.000455,760.0,725.0,positive,0.1818,0.1855,0.0037,-0.0452,STEEP,981659.0,903726.0,0.9206,45,0.15,1
2026-10-09 14:51:45,2026-10-09,2026-10-09T14:52:01+00:00,900,IWM,278.34,2172,-3015920973.77,283.7848,0.019562,284.0,275.0,negative,0.18505,0.19295,0.0079,-0.0331,STEEP,213284.0,247378.0,1.1599,45,0.15,1
2026-10-09 14:51:40,2026-10-09,2026-10-09T14:52:01+00:00,900,GLD,383.68,2334,320239524.01,379.6681,-0.010456,387.0,370.0,positive,0.2069,0.20985,0.00295,0.0009,FLAT,45728.0,29472.0,0.6445,45,0.15,1
2026-10-09 14:51:33,2026-10-09,2026-10-09T14:52:01+00:00,900,TLT,77.525,812,336151902.4,77.0009,-0.006761,78.0,77.0,positive,0.13825,0.1351,-0.00315,-0.0061,FLAT,80961.0,69257.0,0.8554,45,0.15,1
2026-10-09 15:06:34,2026-10-09,2026-10-09T15:07:01+00:00,900,SPX,7797.3301,11152,71763419354.98,7756.6802,-0.005213,7900.0,7650.0,positive,0.11985,0.13065,0.0108,-0.0352,STEEP,479382.0,615341.0,1.2836,45,0.15,1
2026-10-09 15:06:44,2026-10-09,2026-10-09T15:07:01+00:00,900,SPY,777.03,3792,7684317595.34,775.1909,-0.002367,785.0,755.0,positive,0.1221,0.1277,0.0056,-0.0354,STEEP,1503097.0,1380980.0,0.9188,45,0.15,1
2026-10-09 15:06:46,2026-10-09,2026-10-09T15:07:01+00:00,900,QQQ,750.53,3700,590493768.22,749.9965,-0.000711,760.0,725.0,positive,0.18075,0.18485,0.0041,-0.046,STEEP,1192940.0,1055620.0,0.8849,45,0.15,1
2026-10-09 15:06:45,2026-10-09,2026-10-09T15:07:01+00:00,900,IWM,278.3801,2172,-3035609067.6,283.7754,0.019381,284.0,275.0,negative,0.1851,0.1929,0.0078,-0.0348,STEEP,249476.0,291451.0,1.1683,45,0.15,1
2026-10-09 15:06:41,2026-10-09,2026-10-09T15:07:01+00:00,900,GLD,383.4,2332,320520599.38,379.6747,-0.009716,385.0,370.0,positive,0.20635,0.2095,0.00315,0.0033,FLAT,49234.0,31643.0,0.6427,45,0.15,1
2026-10-09 15:06:33,2026-10-09,2026-10-09T15:07:01+00:00,900,TLT,77.575,812,356547665.69,77.0019,-0.007387,78.0,77.0,positive,0.14025,0.13675,-0.0035,-0.0065,FLAT,89539.0,78244.0,0.8739,45,0.15,1
2026-10-09 15:21:35,2026-10-09,2026-10-09T15:22:01+00:00,900,SPX,7796.9102,11152,72433816935.78,7756.4583,-0.005188,7900.0,7650.0,positive,0.12005,0.1306,0.01055,-0.0349,STEEP,589257.0,714779.0,1.213,45,0.15,1
2026-10-09 15:21:45,2026-10-09,2026-10-09T15:22:01+00:00,900,SPY,777.1,3792,8056530854.56,775.2575,-0.002371,785.0,755.0,positive,0.12215,0.12775,0.0056,-0.0348,STEEP,1850200.0,1639135.0,0.8859,45,0.15,1
2026-10-09 15:21:46,2026-10-09,2026-10-09T15:22:01+00:00,900,QQQ,750.02,3700,428470944.62,749.6848,-0.000447,760.0,725.0,positive,0.18205,0.1857,0.00365,-0.0461,STEEP,1350810.0,1177379.0,0.8716,45,0.15,1
2026-10-09 15:21:46,2026-10-09,2026-10-09T15:22:01+00:00,900,IWM,278.4,2172,-2998678241.12,283.7784,0.019319,284.0,275.0,negative,0.1857,0.19335,0.00765,-0.0337,STEEP,276802.0,313542.0,1.1327,45,0.15,1
2026-10-09 15:21:41,2026-10-09,2026-10-09T15:22:01+00:00,900,GLD,383.54,2334,329135307.21,379.7115,-0.009982,387.0,370.0,positive,0.20615,0.2095,0.00335,0.0026,FLAT,52616.0,33157.0,0.6302,45,0.15,1
2026-10-09 15:21:34,2026-10-09,2026-10-09T15:22:01+00:00,900,TLT,77.545,812,346717975.74,77.0224,-0.006739,78.0,77.0,positive,0.13975,0.13605,-0.0037,-0.0063,FLAT,110694.0,81353.0,0.7349,45,0.15,1
2026-10-09 15:36:35,2026-10-09,2026-10-09T15:37:01+00:00,900,SPX,7803.3198,11142,79558485619.75,7757.1698,-0.005914,7900.0,7650.0,positive,0.11995,0.1309,0.01095,-0.0339,STEEP,663998.0,796074.0,1.1989,45,0.15,1
2026-10-09 15:36:45,2026-10-09,2026-10-09T15:37:01+00:00,900,SPY,777.575,3792,9624675721.21,775.4884,-0.002683,785.0,755.0,positive,0.12125,0.12705,0.0058,-0.035,STEEP,2119511.0,1920687.0,0.9062,45,0.15,1
2026-10-09 15:36:47,2026-10-09,2026-10-09T15:37:01+00:00,900,QQQ,750.12,3700,414175648.16,749.8555,-0.000353,760.0,725.0,positive,0.1807,0.18485,0.00415,-0.0466,STEEP,1498584.0,1305384.0,0.8711,45,0.15,1
2026-10-09 15:36:46,2026-10-09,2026-10-09T15:37:01+00:00,900,IWM,278.805,2172,-2794081143.03,283.7175,0.01762,284.0,275.0,negative,0.1835,0.19205,0.00855,-0.034,STEEP,297459.0,339418.0,1.1411,45,0.15,1
2026-10-09 15:36:42,2026-10-09,2026-10-09T15:37:01+00:00,900,GLD,383.94,2334,340923200.01,379.6819,-0.011091,387.0,370.0,positive,0.2054,0.20955,0.00415,0.0029,FLAT,56862.0,34504.0,0.6068,45,0.15,1
2026-10-09 15:36:34,2026-10-09,2026-10-09T15:37:01+00:00,900,TLT,77.7299,794,411786515.39,77.2068,-0.00673,78.5,77.0,positive,0.13885,0.1358,-0.00305,-0.0088,FLAT,121140.0,83548.0,0.6897,45,0.15,1
2026-10-09 15:51:36,2026-10-09,2026-10-09T15:52:01+00:00,900,SPX,7796.02,11152,69450968532.19,7756.4155,-0.00508,7900.0,7650.0,positive,0.11965,0.1307,0.01105,-0.0347,STEEP,724578.0,865254.0,1.1941,45,0.15,1
2026-10-09 15:51:46,2026-10-09,2026-10-09T15:52:01+00:00,900,SPY,776.9,3792,7238611950.28,775.2519,-0.002121,785.0,755.0,positive,0.1217,0.1277,0.006,-0.0352,STEEP,2305453.0,2173142.0,0.9426,45,0.15,1
2026-10-09 15:51:47,2026-10-09,2026-10-09T15:52:01+00:00,900,QQQ,749.55,3700,-120274696.61,749.4821,-9.1e-05,760.0,725.0,negative,0.1802,0.18465,0.00445,-0.0463,STEEP,1615810.0,1398060.0,0.8652,45,0.15,1
2026-10-09 15:51:47,2026-10-09,2026-10-09T15:52:01+00:00,900,IWM,278.755,2172,-2832962933.11,283.7052,0.017758,284.0,275.0,negative,0.1831,0.19185,0.00875,-0.0339,STEEP,316136.0,353282.0,1.1175,45,0.15,1
2026-10-09 15:51:42,2026-10-09,2026-10-09T15:52:01+00:00,900,GLD,384.255,2334,342114292.16,380.7047,-0.00924,387.0,370.0,positive,0.20575,0.2095,0.00375,0.0001,FLAT,60241.0,40791.0,0.6771,45,0.15,1
2026-10-09 15:51:35,2026-10-09,2026-10-09T15:52:01+00:00,900,TLT,77.75,794,424748839.42,77.0401,-0.009131,78.5,77.0,positive,0.13905,0.1356,-0.00345,-0.0077,FLAT,128889.0,96408.0,0.748,45,0.15,1
2026-10-09 16:06:36,2026-10-09,2026-10-09T16:07:01+00:00,900,SPX,7802.6802,11142,80509684263.6,7757.5942,-0.005778,7900.0,7650.0,positive,0.11945,0.1306,0.01115,-0.0337,STEEP,785310.0,921580.0,1.1735,45,0.15,1
2026-10-09 16:06:46,2026-10-09,2026-10-09T16:07:01+00:00,900,SPY,777.53,3792,9494745311.16,775.5555,-0.002539,785.0,755.0,positive,0.1205,0.12675,0.00625,-0.0352,STEEP,2483187.0,2341683.0,0.943,45,0.15,1
2026-10-09 16:06:48,2026-10-09,2026-10-09T16:07:01+00:00,900,QQQ,750.68,3696,966509160.11,750.0016,-0.000904,760.0,725.0,positive,0.17815,0.1831,0.00495,-0.0457,STEEP,1730231.0,1478051.0,0.8543,45,0.15,1
2026-10-09 16:06:47,2026-10-09,2026-10-09T16:07:01+00:00,900,IWM,278.6425,2172,-2948420103.99,283.624,0.017878,284.0,275.0,negative,0.18095,0.19095,0.01,-0.0335,STEEP,331717.0,367049.0,1.1065,45,0.15,1
2026-10-09 16:06:43,2026-10-09,2026-10-09T16:07:01+00:00,900,GLD,384.23,2334,345947157.79,380.2578,-0.010338,387.0,370.0,positive,0.20495,0.2097,0.00475,0.0002,FLAT,62084.0,42945.0,0.6917,45,0.15,1
2026-10-09 16:06:35,2026-10-09,2026-10-09T16:07:01+00:00,900,TLT,77.765,794,428363305.12,77.2288,-0.006896,78.5,77.0,positive,0.1372,0.13545,-0.00175,-0.0099,FLAT,135075.0,101271.0,0.7497,45,0.15,1
2026-10-09 16:21:49,2026-10-09,2026-10-09T16:22:01+00:00,900,SPX,7803.77,11142,83675169913.0,7757.4965,-0.00593,7900.0,7650.0,positive,0.1194,0.13045,0.01105,-0.0334,STEEP,843556.0,986416.0,1.1694,45,0.15,1
2026-10-09 16:21:47,2026-10-09,2026-10-09T16:22:01+00:00,900,SPY,777.68,3790,9945013023.54,775.3591,-0.002984,785.0,755.0,positive,0.1205,0.12665,0.00615,-0.034,STEEP,2683673.0,2533318.0,0.944,45,0.15,1
2026-10-09 16:21:48,2026-10-09,2026-10-09T16:22:01+00:00,900,QQQ,750.87,3696,1145177107.68,749.9943,-0.001166,760.0,725.0,positive,0.178,0.183,0.005,-0.0453,STEEP,1874314.0,1608071.0,0.858,45,0.15,1
2026-10-09 16:21:48,2026-10-09,2026-10-09T16:22:01+00:00,900,IWM,278.65,2172,-2927558169.19,283.6295,0.01787,284.0,275.0,negative,0.18195,0.1913,0.00935,-0.0339,STEEP,346448.0,382672.0,1.1046,45,0.15,1
2026-10-09 16:21:43,2026-10-09,2026-10-09T16:22:01+00:00,900,GLD,384.28,2334,353195971.07,380.4087,-0.010074,387.0,370.0,positive,0.20525,0.20915,0.0039,0.0013,FLAT,65272.0,45256.0,0.6933,45,0.15,1
2026-10-09 16:21:36,2026-10-09,2026-10-09T16:22:01+00:00,900,TLT,77.775,794,431841295.22,77.2266,-0.007051,78.5,77.0,positive,0.13755,0.1357,-0.00185,-0.008,FLAT,140445.0,109307.0,0.7783,45,0.15,1
