2026-09-09T23:21:54+00:00  --- intraday capture  symbols=SPX SPY QQQ IWM
2026-09-09T23:21:55+00:00  SPX: 10,540 contracts -> SPX__232139.parquet
2026-09-09T23:21:55+00:00  SPX: spot 7,636.36  netGEX(win) -32.85Bn  flip 7695.6795  walls 7750.0/7500.0  negative  RR25 -0.0453 (STEEP)  P/C 1.2329
2026-09-09T23:21:56+00:00  SPY: 3,064 contracts -> SPY__232144.parquet
2026-09-09T23:21:56+00:00  SPY: spot 762.65  netGEX(win) -8.35Bn  flip 769.6721  walls 775.0/755.0  negative  RR25 -0.0467 (STEEP)  P/C 1.3161
2026-09-09T23:21:57+00:00  QQQ: 2,820 contracts -> QQQ__232142.parquet
2026-09-09T23:21:57+00:00  QQQ: spot 715.71  netGEX(win) -1.57Bn  flip 720.2603  walls 725.0/700.0  negative  RR25 -0.054 (STEEP)  P/C 1.3448
2026-09-09T23:21:57+00:00  IWM: 1,818 contracts -> IWM__232135.parquet
2026-09-09T23:21:57+00:00  IWM: spot 290.60  netGEX(win) -3.57Bn  flip 300.0807  walls 295.0/285.0  negative  RR25 -0.0464 (STEEP)  P/C 2.0457
2026-09-09T23:21:57+00:00  appended 4 state row(s)
2026-09-09T23:21:57+00:00  --- intraday done  ok=4  skipped=0  failed=0
2026-09-09T23:26:13+00:00  --- intraday capture  symbols=SPX SPY QQQ IWM
2026-09-09T23:26:14+00:00  SPX: 10,540 contracts -> SPX__232539.parquet
2026-09-09T23:26:14+00:00  SPX: spot 7,636.36  netGEX(win) -32.85Bn  flip 7695.6928  walls 7750.0/7500.0  negative  RR25 -0.0453 (STEEP)  P/C 1.2329
2026-09-09T23:26:15+00:00  SPY: 3,064 contracts -> SPY__232544.parquet
2026-09-09T23:26:15+00:00  SPY: spot 762.65  netGEX(win) -8.35Bn  flip 769.6709  walls 775.0/755.0  negative  RR25 -0.0467 (STEEP)  P/C 1.3161
2026-09-09T23:26:15+00:00  QQQ: 2,818 contracts -> QQQ__232542.parquet
2026-09-09T23:26:15+00:00  QQQ: spot 715.51  netGEX(win) -1.57Bn  flip 720.2592  walls 725.0/700.0  negative  RR25 -0.054 (STEEP)  P/C 1.3448
2026-09-09T23:26:15+00:00  IWM: 1,818 contracts -> IWM__232535.parquet
2026-09-09T23:26:15+00:00  IWM: spot 290.59  netGEX(win) -3.57Bn  flip 300.0782  walls 295.0/285.0  negative  RR25 -0.0464 (STEEP)  P/C 2.0457
2026-09-09T23:26:16+00:00  appended 4 state row(s)
2026-09-09T23:26:16+00:00  --- intraday done  ok=4  skipped=0  failed=0
2026-09-09T23:42:17+00:00  --- intraday capture  symbols=SPX SPY QQQ IWM
2026-09-09T23:42:18+00:00  SPX: feed_ts advanced to 2026-09-09 23:41:39 but spot and net GEX are unchanged from the last row -- republished feed, no-change bar avoided (nothing written)
2026-09-09T23:42:19+00:00  SPY: 3,064 contracts -> SPY__234145.parquet
2026-09-09T23:42:19+00:00  SPY: spot 762.68  netGEX(win) -8.35Bn  flip 769.6664  walls 775.0/755.0  negative  RR25 -0.0467 (STEEP)  P/C 1.3161
2026-09-09T23:42:19+00:00  QQQ: 2,818 contracts -> QQQ__234142.parquet
2026-09-09T23:42:19+00:00  QQQ: spot 715.61  netGEX(win) -1.57Bn  flip 720.2537  walls 725.0/700.0  negative  RR25 -0.054 (STEEP)  P/C 1.3448
2026-09-09T23:42:20+00:00  IWM: 1,822 contracts -> IWM__234136.parquet
2026-09-09T23:42:20+00:00  IWM: spot 290.57  netGEX(win) -3.57Bn  flip 300.0685  walls 295.0/285.0  negative  RR25 -0.0464 (STEEP)  P/C 2.0457
2026-09-09T23:42:20+00:00  appended 3 state row(s)
2026-09-09T23:42:20+00:00  --- intraday done  ok=3  skipped=1  failed=0
2026-09-10T13:12:49+00:00  --- intraday capture  symbols=SPX SPY QQQ IWM
2026-09-10T13:12:50+00:00  SPX: 11,042 contracts -> SPX__131219.parquet
2026-09-10T13:12:50+00:00  SPX: spot 7,636.36  netGEX(win) -65.78Bn  flip 7669.1789  walls 7500.0/7500.0  negative  RR25 -0.0531 (STEEP)  P/C 1.2329
2026-09-10T13:12:51+00:00  SPY: 4,396 contracts -> SPY__131213.parquet
2026-09-10T13:12:51+00:00  SPY: spot 758.17  netGEX(win) -7.58Bn  flip 767.192  walls 770.0/750.0  negative  RR25 -0.0467 (STEEP)  P/C 1.3171
2026-09-10T13:12:52+00:00  QQQ: 4,280 contracts -> QQQ__131203.parquet
2026-09-10T13:12:52+00:00  QQQ: spot 706.76  netGEX(win) -1.55Bn  flip 718.5691  walls 720.0/690.0  negative  RR25 -0.054 (STEEP)  P/C 1.3455
2026-09-10T13:12:52+00:00  IWM: 2,430 contracts -> IWM__131214.parquet
2026-09-10T13:12:52+00:00  IWM: spot 288.46  netGEX(win) -3.28Bn  flip 297.8182  walls 295.0/285.0  negative  RR25 -0.0464 (STEEP)  P/C 2.0457
2026-09-10T13:12:52+00:00  appended 4 state row(s)
2026-09-10T13:12:52+00:00  --- intraday done  ok=4  skipped=0  failed=0
2026-09-10T13:29:16+00:00  --- intraday capture  symbols=SPX SPY QQQ IWM
2026-09-10T13:29:18+00:00  SPX: 11,042 contracts -> SPX__132820.parquet
2026-09-10T13:29:18+00:00  SPX: spot 7,636.36  netGEX(win) -65.53Bn  flip 7668.458  walls 7500.0/7500.0  negative  RR25 -0.0522 (STEEP)  P/C 1.2329
2026-09-10T13:29:19+00:00  SPY: 4,396 contracts -> SPY__132814.parquet
2026-09-10T13:29:19+00:00  SPY: spot 758.37  netGEX(win) -7.58Bn  flip 767.1813  walls 770.0/750.0  negative  RR25 -0.0467 (STEEP)  P/C 1.3171
2026-09-10T13:29:20+00:00  QQQ: 4,282 contracts -> QQQ__132804.parquet
2026-09-10T13:29:20+00:00  QQQ: spot 707.24  netGEX(win) -1.56Bn  flip 718.5555  walls 720.0/700.0  negative  RR25 -0.054 (STEEP)  P/C 1.3455
2026-09-10T13:29:20+00:00  IWM: 2,430 contracts -> IWM__132915.parquet
2026-09-10T13:29:20+00:00  IWM: spot 288.45  netGEX(win) -3.28Bn  flip 297.8156  walls 295.0/285.0  negative  RR25 -0.0464 (STEEP)  P/C 2.0457
2026-09-10T13:29:20+00:00  appended 4 state row(s)
2026-09-10T13:29:20+00:00  --- intraday done  ok=4  skipped=0  failed=0
2026-09-10T13:45:29+00:00  --- intraday capture  symbols=SPX SPY QQQ IWM
2026-09-10T13:45:30+00:00  SPX: 11,086 contracts -> SPX__134520.parquet
2026-09-10T13:45:30+00:00  SPX: spot 7,596.15  netGEX(win) 0.00Bn  flip 6456.7274  walls 6840.0/6840.0  negative  RR25  ()  P/C 0.8631
2026-09-10T13:45:31+00:00  SPY: 4,396 contracts -> SPY__134514.parquet
2026-09-10T13:45:31+00:00  SPY: spot 758.29  netGEX(win) -12.30Bn  flip 767.1777  walls 770.0/750.0  negative  RR25 -0.0535 (STEEP)  P/C 0.8814
2026-09-10T13:45:31+00:00  QQQ: 4,284 contracts -> QQQ__134505.parquet
2026-09-10T13:45:31+00:00  QQQ: spot 707.97  netGEX(win) 0.00Bn  flip 601.7703  walls 638.0/638.0  negative  RR25  ()  P/C 1.5549
2026-09-10T13:45:32+00:00  IWM: 2,462 contracts -> IWM__134515.parquet
2026-09-10T13:45:32+00:00  IWM: spot 288.01  netGEX(win) -4.07Bn  flip 297.2959  walls 295.0/285.0  negative  RR25 -0.0498 (STEEP)  P/C 1.192
2026-09-10T13:45:32+00:00  appended 4 state row(s)
2026-09-10T13:45:32+00:00  --- intraday done  ok=4  skipped=0  failed=0
2026-09-10T14:12:10+00:00  --- intraday capture  symbols=SPX SPY QQQ IWM
2026-09-10T14:12:11+00:00  SPX: 11,104 contracts -> SPX__141122.parquet
2026-09-10T14:12:11+00:00  SPX: spot 7,581.22  netGEX(win) -73.30Bn  flip 7665.9515  walls 7700.0/7500.0  negative  RR25 -0.0547 (STEEP)  P/C 1.4896
2026-09-10T14:12:12+00:00  SPY: 4,400 contracts -> SPY__141115.parquet
2026-09-10T14:12:12+00:00  SPY: spot 756.95  netGEX(win) -13.07Bn  flip 766.3477  walls 765.0/740.0  negative  RR25 -0.0546 (STEEP)  P/C 1.2955
2026-09-10T14:12:13+00:00  QQQ: 4,282 contracts -> QQQ__141106.parquet
2026-09-10T14:12:13+00:00  QQQ: spot 707.82  netGEX(win) -5.56Bn  flip 716.6259  walls 720.0/700.0  negative  RR25 -0.0606 (STEEP)  P/C 0.9857
2026-09-10T14:12:13+00:00  IWM: 2,462 contracts -> IWM__141116.parquet
2026-09-10T14:12:13+00:00  IWM: spot 288.00  netGEX(win) -4.10Bn  flip 297.4486  walls 295.0/285.0  negative  RR25 -0.055 (STEEP)  P/C 2.7225
2026-09-10T14:12:13+00:00  appended 4 state row(s)
2026-09-10T14:12:13+00:00  --- intraday done  ok=4  skipped=0  failed=0
2026-09-10T14:29:48+00:00  --- intraday capture  symbols=SPX SPY QQQ IWM
2026-09-10T14:29:49+00:00  SPX: 11,088 contracts -> SPX__142923.parquet
2026-09-10T14:29:49+00:00  SPX: spot 7,589.47  netGEX(win) -71.82Bn  flip 7659.8662  walls 7700.0/7500.0  negative  RR25 -0.0532 (STEEP)  P/C 1.3354
2026-09-10T14:29:50+00:00  SPY: 4,400 contracts -> SPY__142916.parquet
2026-09-10T14:29:50+00:00  SPY: spot 757.59  netGEX(win) -13.13Bn  flip 767.0583  walls 770.0/750.0  negative  RR25 -0.0543 (STEEP)  P/C 1.358
2026-09-10T14:29:50+00:00  QQQ: 4,316 contracts -> QQQ__142906.parquet
2026-09-10T14:29:50+00:00  QQQ: spot 709.41  netGEX(win) -5.14Bn  flip 718.0507  walls 720.0/700.0  negative  RR25 -0.0602 (STEEP)  P/C 0.9989
2026-09-10T14:29:51+00:00  IWM: 2,462 contracts -> IWM__142917.parquet
2026-09-10T14:29:51+00:00  IWM: spot 287.90  netGEX(win) -4.14Bn  flip 297.7025  walls 295.0/285.0  negative  RR25 -0.0557 (STEEP)  P/C 2.3475
2026-09-10T14:29:51+00:00  appended 4 state row(s)
2026-09-10T14:29:51+00:00  --- intraday done  ok=4  skipped=0  failed=0
2026-09-10T14:47:44+00:00  --- intraday capture  symbols=SPX SPY QQQ IWM
2026-09-10T14:47:46+00:00  SPX: 11,076 contracts -> SPX__144723.parquet
2026-09-10T14:47:46+00:00  SPX: spot 7,601.49  netGEX(win) -64.38Bn  flip 7667.1292  walls 7700.0/7500.0  negative  RR25 -0.0513 (STEEP)  P/C 1.1534
2026-09-10T14:47:47+00:00  SPY: 4,364 contracts -> SPY__144716.parquet
2026-09-10T14:47:47+00:00  SPY: spot 758.89  netGEX(win) -12.29Bn  flip 767.0486  walls 770.0/750.0  negative  RR25 -0.0526 (STEEP)  P/C 1.2261
2026-09-10T14:47:48+00:00  QQQ: 4,320 contracts -> QQQ__144707.parquet
2026-09-10T14:47:48+00:00  QQQ: spot 711.10  netGEX(win) -4.52Bn  flip 717.9266  walls 720.0/700.0  negative  RR25 -0.0568 (STEEP)  P/C 0.9846
2026-09-10T14:47:48+00:00  IWM: 2,442 contracts -> IWM__144717.parquet
2026-09-10T14:47:48+00:00  IWM: spot 289.17  netGEX(win) -3.87Bn  flip 297.7041  walls 295.0/285.0  negative  RR25 -0.0547 (STEEP)  P/C 1.998
2026-09-10T14:47:48+00:00  appended 4 state row(s)
2026-09-10T14:47:48+00:00  --- intraday done  ok=4  skipped=0  failed=0
2026-09-10T15:12:59+00:00  --- intraday capture  symbols=SPX SPY QQQ IWM
2026-09-10T15:13:01+00:00  SPX: 11,076 contracts -> SPX__151224.parquet
2026-09-10T15:13:01+00:00  SPX: spot 7,605.59  netGEX(win) -62.28Bn  flip 7667.4251  walls 7700.0/7500.0  negative  RR25 -0.0507 (STEEP)  P/C 1.1241
2026-09-10T15:13:02+00:00  SPY: 4,364 contracts -> SPY__151217.parquet
2026-09-10T15:13:02+00:00  SPY: spot 759.33  netGEX(win) -12.17Bn  flip 767.1103  walls 770.0/750.0  negative  RR25 -0.0511 (STEEP)  P/C 1.207
2026-09-10T15:13:03+00:00  QQQ: 4,322 contracts -> QQQ__151208.parquet
2026-09-10T15:13:03+00:00  QQQ: spot 711.41  netGEX(win) -4.42Bn  flip 718.1545  walls 720.0/700.0  negative  RR25 -0.0569 (STEEP)  P/C 1.005
2026-09-10T15:13:04+00:00  IWM: 2,442 contracts -> IWM__151218.parquet
2026-09-10T15:13:04+00:00  IWM: spot 289.01  netGEX(win) -3.98Bn  flip 297.8836  walls 295.0/285.0  negative  RR25 -0.0543 (STEEP)  P/C 1.831
2026-09-10T15:13:04+00:00  appended 4 state row(s)
2026-09-10T15:13:04+00:00  --- intraday done  ok=4  skipped=0  failed=0
2026-09-10T15:30:44+00:00  --- intraday capture  symbols=SPX SPY QQQ IWM
2026-09-10T15:30:45+00:00  SPX: 11,076 contracts -> SPX__153025.parquet
2026-09-10T15:30:45+00:00  SPX: spot 7,604.00  netGEX(win) -63.55Bn  flip 7668.8686  walls 7700.0/7500.0  negative  RR25 -0.0508 (STEEP)  P/C 1.1311
2026-09-10T15:30:46+00:00  SPY: 4,364 contracts -> SPY__153018.parquet
2026-09-10T15:30:46+00:00  SPY: spot 759.15  netGEX(win) -12.26Bn  flip 767.0705  walls 770.0/750.0  negative  RR25 -0.0509 (STEEP)  P/C 1.1844
2026-09-10T15:30:47+00:00  QQQ: 4,322 contracts -> QQQ__153008.parquet
2026-09-10T15:30:47+00:00  QQQ: spot 711.32  netGEX(win) -4.54Bn  flip 718.0848  walls 720.0/700.0  negative  RR25 -0.0575 (STEEP)  P/C 1.0083
2026-09-10T15:30:47+00:00  IWM: 2,442 contracts -> IWM__153019.parquet
2026-09-10T15:30:47+00:00  IWM: spot 288.76  netGEX(win) -4.05Bn  flip 297.9574  walls 295.0/285.0  negative  RR25 -0.0536 (STEEP)  P/C 1.7998
2026-09-10T15:30:47+00:00  appended 4 state row(s)
2026-09-10T15:30:47+00:00  --- intraday done  ok=4  skipped=0  failed=0
2026-09-10T15:53:27+00:00  --- intraday capture  symbols=SPX SPY QQQ IWM
2026-09-10T15:53:29+00:00  SPX: 11,074 contracts -> SPX__155314.parquet
2026-09-10T15:53:29+00:00  SPX: spot 7,612.24  netGEX(win) -58.80Bn  flip 7667.9449  walls 7700.0/7500.0  negative  RR25 -0.0494 (STEEP)  P/C 1.1297
2026-09-10T15:53:30+00:00  SPY: 4,364 contracts -> SPY__155319.parquet
2026-09-10T15:53:30+00:00  SPY: spot 759.81  netGEX(win) -11.79Bn  flip 767.1881  walls 770.0/750.0  negative  RR25 -0.0501 (STEEP)  P/C 1.1936
2026-09-10T15:53:30+00:00  QQQ: 4,290 contracts -> QQQ__155309.parquet
2026-09-10T15:53:30+00:00  QQQ: spot 711.88  netGEX(win) -4.30Bn  flip 718.1294  walls 720.0/700.0  negative  RR25 -0.0568 (STEEP)  P/C 1.0503
2026-09-10T15:53:31+00:00  IWM: 2,442 contracts -> IWM__155320.parquet
2026-09-10T15:53:31+00:00  IWM: spot 288.70  netGEX(win) -4.10Bn  flip 297.8813  walls 295.0/285.0  negative  RR25 -0.0516 (STEEP)  P/C 1.7791
2026-09-10T15:53:31+00:00  appended 4 state row(s)
2026-09-10T15:53:31+00:00  --- intraday done  ok=4  skipped=0  failed=0
2026-09-10T16:12:33+00:00  --- intraday capture  symbols=SPX SPY QQQ IWM
2026-09-10T16:12:35+00:00  SPX: 11,086 contracts -> SPX__161227.parquet
2026-09-10T16:12:35+00:00  SPX: spot 7,596.40  netGEX(win) -68.28Bn  flip 7667.4368  walls 7700.0/7500.0  negative  RR25 -0.0521 (STEEP)  P/C 1.1353
2026-09-10T16:12:36+00:00  SPY: 4,396 contracts -> SPY__161219.parquet
2026-09-10T16:12:36+00:00  SPY: spot 758.27  netGEX(win) -12.78Bn  flip 766.7844  walls 770.0/750.0  negative  RR25 -0.0523 (STEEP)  P/C 1.2171
2026-09-10T16:12:36+00:00  QQQ: 4,318 contracts -> QQQ__161210.parquet
2026-09-10T16:12:36+00:00  QQQ: spot 709.98  netGEX(win) -5.17Bn  flip 717.387  walls 720.0/700.0  negative  RR25 -0.0596 (STEEP)  P/C 1.0786
2026-09-10T16:12:37+00:00  IWM: 2,430 contracts -> IWM__161220.parquet
2026-09-10T16:12:37+00:00  IWM: spot 288.27  netGEX(win) -4.11Bn  flip 297.5788  walls 295.0/285.0  negative  RR25 -0.0504 (STEEP)  P/C 1.7814
2026-09-10T16:12:37+00:00  appended 4 state row(s)
2026-09-10T16:12:37+00:00  --- intraday done  ok=4  skipped=0  failed=0
2026-09-10T16:29:32+00:00  --- intraday capture  symbols=SPX SPY QQQ IWM
2026-09-10T16:29:34+00:00  SPX: 11,086 contracts -> SPX__162928.parquet
2026-09-10T16:29:34+00:00  SPX: spot 7,595.70  netGEX(win) -68.88Bn  flip 7666.0146  walls 7700.0/7500.0  negative  RR25 -0.0517 (STEEP)  P/C 1.1177
2026-09-10T16:29:35+00:00  SPY: 4,396 contracts -> SPY__162920.parquet
2026-09-10T16:29:35+00:00  SPY: spot 758.23  netGEX(win) -12.88Bn  flip 765.7155  walls 770.0/750.0  negative  RR25 -0.0517 (STEEP)  P/C 1.2354
2026-09-10T16:29:36+00:00  QQQ: 4,318 contracts -> QQQ__162910.parquet
2026-09-10T16:29:36+00:00  QQQ: spot 710.02  netGEX(win) -5.22Bn  flip 717.9696  walls 720.0/700.0  negative  RR25 -0.0601 (STEEP)  P/C 1.1012
2026-09-10T16:29:36+00:00  IWM: 2,462 contracts -> IWM__162921.parquet
2026-09-10T16:29:36+00:00  IWM: spot 288.21  netGEX(win) -4.13Bn  flip 297.5232  walls 295.0/285.0  negative  RR25 -0.051 (STEEP)  P/C 1.7612
2026-09-10T16:29:36+00:00  appended 4 state row(s)
2026-09-10T16:29:36+00:00  --- intraday done  ok=4  skipped=0  failed=0
2026-09-10T16:45:07+00:00  --- intraday capture  symbols=SPX SPY QQQ IWM
2026-09-10T16:45:09+00:00  SPX: 11,088 contracts -> SPX__164428.parquet
2026-09-10T16:45:09+00:00  SPX: spot 7,593.09  netGEX(win) -70.58Bn  flip 7666.0625  walls 7700.0/7500.0  negative  RR25 -0.0524 (STEEP)  P/C 1.1156
2026-09-10T16:45:10+00:00  SPY: 4,396 contracts -> SPY__164421.parquet
2026-09-10T16:45:10+00:00  SPY: spot 758.00  netGEX(win) -13.25Bn  flip 766.0191  walls 770.0/750.0  negative  RR25 -0.053 (STEEP)  P/C 1.2385
2026-09-10T16:45:11+00:00  QQQ: 4,316 contracts -> QQQ__164411.parquet
2026-09-10T16:45:11+00:00  QQQ: spot 709.54  netGEX(win) -5.43Bn  flip 717.9676  walls 720.0/700.0  negative  RR25 -0.0611 (STEEP)  P/C 1.1103
2026-09-10T16:45:12+00:00  IWM: 2,462 contracts -> IWM__164422.parquet
2026-09-10T16:45:12+00:00  IWM: spot 288.17  netGEX(win) -4.12Bn  flip 297.9558  walls 295.0/285.0  negative  RR25 -0.0542 (STEEP)  P/C 1.7487
2026-09-10T16:45:12+00:00  appended 4 state row(s)
2026-09-10T16:45:12+00:00  --- intraday done  ok=4  skipped=0  failed=0
2026-09-10T16:57:11+00:00  --- intraday capture  symbols=SPX SPY QQQ IWM
2026-09-10T16:57:13+00:00  SPX: 11,086 contracts -> SPX__165629.parquet
2026-09-10T16:57:13+00:00  SPX: spot 7,597.00  netGEX(win) -69.25Bn  flip 7665.8845  walls 7700.0/7500.0  negative  RR25 -0.0515 (STEEP)  P/C 1.1267
2026-09-10T16:57:14+00:00  SPY: 4,396 contracts -> SPY__165621.parquet
2026-09-10T16:57:14+00:00  SPY: spot 758.38  netGEX(win) -13.17Bn  flip 766.9893  walls 770.0/750.0  negative  RR25 -0.0525 (STEEP)  P/C 1.2271
2026-09-10T16:57:14+00:00  QQQ: 4,318 contracts -> QQQ__165611.parquet
2026-09-10T16:57:14+00:00  QQQ: spot 709.77  netGEX(win) -5.37Bn  flip 717.9027  walls 720.0/700.0  negative  RR25 -0.061 (STEEP)  P/C 1.1234
2026-09-10T16:57:15+00:00  IWM: 2,462 contracts -> IWM__165622.parquet
2026-09-10T16:57:15+00:00  IWM: spot 288.07  netGEX(win) -4.15Bn  flip 297.9151  walls 295.0/285.0  negative  RR25 -0.0539 (STEEP)  P/C 1.7391
2026-09-10T16:57:15+00:00  appended 4 state row(s)
2026-09-10T16:57:15+00:00  --- intraday done  ok=4  skipped=0  failed=0
2026-09-10T17:15:31+00:00  --- intraday capture  symbols=SPX SPY QQQ IWM
2026-09-10T17:15:32+00:00  SPX: 11,076 contracts -> SPX__171517.parquet
2026-09-10T17:15:32+00:00  SPX: spot 7,603.65  netGEX(win) -66.35Bn  flip 7660.0539  walls 7700.0/7500.0  negative  RR25 -0.0506 (STEEP)  P/C 1.1176
2026-09-10T17:15:33+00:00  SPY: 4,364 contracts -> SPY__171522.parquet
2026-09-10T17:15:33+00:00  SPY: spot 758.98  netGEX(win) -12.82Bn  flip 766.8493  walls 770.0/750.0  negative  RR25 -0.0508 (STEEP)  P/C 1.2051
2026-09-10T17:15:34+00:00  QQQ: 4,320 contracts -> QQQ__171512.parquet
2026-09-10T17:15:34+00:00  QQQ: spot 710.80  netGEX(win) -4.92Bn  flip 716.6315  walls 720.0/700.0  negative  RR25 -0.0575 (STEEP)  P/C 1.1361
2026-09-10T17:15:35+00:00  IWM: 2,462 contracts -> IWM__171523.parquet
2026-09-10T17:15:35+00:00  IWM: spot 288.22  netGEX(win) -4.17Bn  flip 297.2188  walls 295.0/285.0  negative  RR25 -0.0493 (STEEP)  P/C 1.7086
2026-09-10T17:15:35+00:00  appended 4 state row(s)
2026-09-10T17:15:35+00:00  --- intraday done  ok=4  skipped=0  failed=0
2026-09-10T17:30:06+00:00  --- intraday capture  symbols=SPX SPY QQQ IWM
2026-09-10T17:30:08+00:00  SPX: 11,076 contracts -> SPX__172930.parquet
2026-09-10T17:30:08+00:00  SPX: spot 7,604.98  netGEX(win) -65.62Bn  flip 7666.217  walls 7700.0/7500.0  negative  RR25 -0.0508 (STEEP)  P/C 1.1176
2026-09-10T17:30:09+00:00  SPY: 4,364 contracts -> SPY__172922.parquet
2026-09-10T17:30:09+00:00  SPY: spot 759.15  netGEX(win) -12.60Bn  flip 766.9023  walls 770.0/750.0  negative  RR25 -0.0509 (STEEP)  P/C 1.2728
2026-09-10T17:30:10+00:00  QQQ: 4,320 contracts -> QQQ__172913.parquet
2026-09-10T17:30:10+00:00  QQQ: spot 711.07  netGEX(win) -4.87Bn  flip 716.8116  walls 720.0/700.0  negative  RR25 -0.0575 (STEEP)  P/C 1.226
2026-09-10T17:30:10+00:00  IWM: 2,462 contracts -> IWM__172923.parquet
2026-09-10T17:30:10+00:00  IWM: spot 288.17  netGEX(win) -4.18Bn  flip 297.1842  walls 295.0/285.0  negative  RR25 -0.048 (STEEP)  P/C 1.6841
2026-09-10T17:30:10+00:00  appended 4 state row(s)
2026-09-10T17:30:10+00:00  --- intraday done  ok=4  skipped=0  failed=0
2026-09-10T17:44:29+00:00  --- intraday capture  symbols=SPX SPY QQQ IWM
2026-09-10T17:44:31+00:00  SPX: 11,086 contracts -> SPX__174331.parquet
2026-09-10T17:44:31+00:00  SPX: spot 7,599.69  netGEX(win) -69.22Bn  flip 7667.0017  walls 7700.0/7500.0  negative  RR25 -0.0502 (STEEP)  P/C 1.1161
2026-09-10T17:44:32+00:00  SPY: 4,396 contracts -> SPY__174423.parquet
2026-09-10T17:44:32+00:00  SPY: spot 758.60  netGEX(win) -13.03Bn  flip 765.4937  walls 770.0/750.0  negative  RR25 -0.0524 (STEEP)  P/C 1.2759
2026-09-10T17:44:33+00:00  QQQ: 4,318 contracts -> QQQ__174413.parquet
2026-09-10T17:44:33+00:00  QQQ: spot 710.41  netGEX(win) -5.22Bn  flip 717.379  walls 720.0/700.0  negative  RR25 -0.0581 (STEEP)  P/C 1.2264
2026-09-10T17:44:34+00:00  IWM: 2,462 contracts -> IWM__174424.parquet
2026-09-10T17:44:34+00:00  IWM: spot 287.97  netGEX(win) -4.16Bn  flip 297.189  walls 295.0/285.0  negative  RR25 -0.0511 (STEEP)  P/C 1.6823
2026-09-10T17:44:34+00:00  appended 4 state row(s)
2026-09-10T17:44:34+00:00  --- intraday done  ok=4  skipped=0  failed=0
2026-09-10T17:56:31+00:00  --- intraday capture  symbols=SPX SPY QQQ IWM
2026-09-10T17:56:32+00:00  SPX: 11,086 contracts -> SPX__175619.parquet
2026-09-10T17:56:32+00:00  SPX: spot 7,594.65  netGEX(win) -71.44Bn  flip 7666.0506  walls 7700.0/7500.0  negative  RR25 -0.0515 (STEEP)  P/C 1.1174
2026-09-10T17:56:33+00:00  SPY: 4,396 contracts -> SPY__175623.parquet
2026-09-10T17:56:33+00:00  SPY: spot 758.13  netGEX(win) -13.24Bn  flip 765.9774  walls 770.0/750.0  negative  RR25 -0.0515 (STEEP)  P/C 1.295
2026-09-10T17:56:34+00:00  QQQ: 4,318 contracts -> QQQ__175614.parquet
2026-09-10T17:56:34+00:00  QQQ: spot 709.78  netGEX(win) -5.52Bn  flip 716.8303  walls 720.0/700.0  negative  RR25 -0.0584 (STEEP)  P/C 1.2376
2026-09-10T17:56:35+00:00  IWM: 2,450 contracts -> IWM__175624.parquet
2026-09-10T17:56:35+00:00  IWM: spot 287.78  netGEX(win) -4.15Bn  flip 297.3166  walls 295.0/280.0  negative  RR25 -0.0512 (STEEP)  P/C 1.8558
2026-09-10T17:56:35+00:00  appended 4 state row(s)
2026-09-10T17:56:35+00:00  --- intraday done  ok=4  skipped=0  failed=0
2026-09-10T18:16:43+00:00  --- intraday capture  symbols=SPX SPY QQQ IWM
2026-09-10T18:16:44+00:00  SPX: 11,086 contracts -> SPX__181632.parquet
2026-09-10T18:16:44+00:00  SPX: spot 7,597.65  netGEX(win) -71.12Bn  flip 7663.287  walls 7700.0/7500.0  negative  RR25 -0.0519 (STEEP)  P/C 1.1127
2026-09-10T18:16:45+00:00  SPY: 4,396 contracts -> SPY__181624.parquet
2026-09-10T18:16:45+00:00  SPY: spot 758.50  netGEX(win) -13.27Bn  flip 766.4156  walls 770.0/750.0  negative  RR25 -0.052 (STEEP)  P/C 1.3131
2026-09-10T18:16:46+00:00  QQQ: 4,318 contracts -> QQQ__181614.parquet
2026-09-10T18:16:46+00:00  QQQ: spot 710.09  netGEX(win) -5.47Bn  flip 717.0913  walls 720.0/700.0  negative  RR25 -0.0588 (STEEP)  P/C 1.2367
2026-09-10T18:16:47+00:00  IWM: 2,462 contracts -> IWM__181625.parquet
2026-09-10T18:16:47+00:00  IWM: spot 287.87  netGEX(win) -4.15Bn  flip 297.9472  walls 295.0/280.0  negative  RR25 -0.0512 (STEEP)  P/C 1.8759
2026-09-10T18:16:47+00:00  appended 4 state row(s)
2026-09-10T18:16:47+00:00  --- intraday done  ok=4  skipped=0  failed=0
2026-09-10T18:43:39+00:00  --- intraday capture  symbols=SPX SPY QQQ IWM
2026-09-10T18:43:41+00:00  SPX: 11,088 contracts -> SPX__184334.parquet
2026-09-10T18:43:41+00:00  SPX: spot 7,591.73  netGEX(win) -73.59Bn  flip 7665.6034  walls 7700.0/7500.0  negative  RR25 -0.0534 (STEEP)  P/C 1.1088
2026-09-10T18:43:42+00:00  SPY: 4,396 contracts -> SPY__184324.parquet
2026-09-10T18:43:42+00:00  SPY: spot 757.88  netGEX(win) -13.46Bn  flip 766.7046  walls 770.0/750.0  negative  RR25 -0.0542 (STEEP)  P/C 1.3168
2026-09-10T18:43:43+00:00  QQQ: 4,316 contracts -> QQQ__184315.parquet
2026-09-10T18:43:43+00:00  QQQ: spot 709.30  netGEX(win) -5.81Bn  flip 717.0644  walls 720.0/700.0  negative  RR25 -0.0596 (STEEP)  P/C 1.233
2026-09-10T18:43:43+00:00  IWM: 2,450 contracts -> IWM__184325.parquet
2026-09-10T18:43:43+00:00  IWM: spot 287.62  netGEX(win) -4.09Bn  flip 297.802  walls 295.0/280.0  negative  RR25 -0.053 (STEEP)  P/C 1.8122
2026-09-10T18:43:43+00:00  appended 4 state row(s)
2026-09-10T18:43:43+00:00  --- intraday done  ok=4  skipped=0  failed=0
2026-09-10T18:56:57+00:00  --- intraday capture  symbols=SPX SPY QQQ IWM
2026-09-10T18:56:59+00:00  SPX: 11,088 contracts -> SPX__185634.parquet
2026-09-10T18:56:59+00:00  SPX: spot 7,591.74  netGEX(win) -72.97Bn  flip 7657.4002  walls 7700.0/7500.0  negative  RR25 -0.0536 (STEEP)  P/C 1.101
2026-09-10T18:57:00+00:00  SPY: 4,396 contracts -> SPY__185625.parquet
2026-09-10T18:57:00+00:00  SPY: spot 757.89  netGEX(win) -13.46Bn  flip 766.6732  walls 770.0/750.0  negative  RR25 -0.0544 (STEEP)  P/C 1.3164
2026-09-10T18:57:01+00:00  QQQ: 4,316 contracts -> QQQ__185615.parquet
2026-09-10T18:57:01+00:00  QQQ: spot 709.50  netGEX(win) -5.76Bn  flip 716.9411  walls 720.0/700.0  negative  RR25 -0.059 (STEEP)  P/C 1.2283
2026-09-10T18:57:02+00:00  IWM: 2,450 contracts -> IWM__185626.parquet
2026-09-10T18:57:02+00:00  IWM: spot 287.55  netGEX(win) -4.08Bn  flip 298.0089  walls 295.0/280.0  negative  RR25 -0.0532 (STEEP)  P/C 1.8121
2026-09-10T18:57:02+00:00  appended 4 state row(s)
2026-09-10T18:57:02+00:00  --- intraday done  ok=4  skipped=0  failed=0
2026-09-10T19:12:59+00:00  --- intraday capture  symbols=SPX SPY QQQ IWM
2026-09-10T19:13:01+00:00  SPX: 11,088 contracts -> SPX__191235.parquet
2026-09-10T19:13:01+00:00  SPX: spot 7,592.47  netGEX(win) -73.33Bn  flip 7664.5894  walls 7700.0/7500.0  negative  RR25 -0.054 (STEEP)  P/C 1.0924
2026-09-10T19:13:02+00:00  SPY: 4,396 contracts -> SPY__191225.parquet
2026-09-10T19:13:02+00:00  SPY: spot 757.92  netGEX(win) -13.41Bn  flip 766.2429  walls 770.0/750.0  negative  RR25 -0.0547 (STEEP)  P/C 1.295
2026-09-10T19:13:03+00:00  QQQ: 4,318 contracts -> QQQ__191216.parquet
2026-09-10T19:13:03+00:00  QQQ: spot 709.79  netGEX(win) -5.69Bn  flip 716.9382  walls 720.0/700.0  negative  RR25 -0.0588 (STEEP)  P/C 1.2255
2026-09-10T19:13:04+00:00  IWM: 2,450 contracts -> IWM__191226.parquet
2026-09-10T19:13:04+00:00  IWM: spot 287.56  netGEX(win) -4.08Bn  flip 297.7901  walls 295.0/280.0  negative  RR25 -0.0524 (STEEP)  P/C 1.8834
2026-09-10T19:13:04+00:00  appended 4 state row(s)
2026-09-10T19:13:04+00:00  --- intraday done  ok=4  skipped=0  failed=0
2026-09-10T19:25:52+00:00  --- intraday capture  symbols=SPX SPY QQQ IWM
2026-09-10T19:25:54+00:00  SPX: 11,088 contracts -> SPX__192535.parquet
2026-09-10T19:25:54+00:00  SPX: spot 7,592.44  netGEX(win) -73.85Bn  flip 7657.2196  walls 7700.0/7500.0  negative  RR25 -0.0549 (STEEP)  P/C 1.0965
2026-09-10T19:25:55+00:00  SPY: 4,396 contracts -> SPY__192526.parquet
2026-09-10T19:25:55+00:00  SPY: spot 757.91  netGEX(win) -13.37Bn  flip 766.7121  walls 770.0/750.0  negative  RR25 -0.0547 (STEEP)  P/C 1.3013
2026-09-10T19:25:57+00:00  QQQ: 4,316 contracts -> QQQ__192516.parquet
2026-09-10T19:25:57+00:00  QQQ: spot 709.31  netGEX(win) -5.89Bn  flip 715.5361  walls 720.0/700.0  negative  RR25 -0.0613 (STEEP)  P/C 1.2342
2026-09-10T19:25:57+00:00  IWM: 2,450 contracts -> IWM__192527.parquet
2026-09-10T19:25:57+00:00  IWM: spot 287.40  netGEX(win) -4.04Bn  flip 297.7919  walls 295.0/280.0  negative  RR25 -0.0555 (STEEP)  P/C 1.9385
2026-09-10T19:25:57+00:00  appended 4 state row(s)
2026-09-10T19:25:57+00:00  --- intraday done  ok=4  skipped=0  failed=0
2026-09-10T19:39:22+00:00  --- intraday capture  symbols=SPX SPY QQQ IWM
2026-09-10T19:39:23+00:00  SPX: 11,108 contracts -> SPX__193836.parquet
2026-09-10T19:39:23+00:00  SPX: spot 7,587.56  netGEX(win) -75.05Bn  flip 7666.4525  walls 7700.0/7500.0  negative  RR25 -0.0572 (STEEP)  P/C 1.1028
2026-09-10T19:39:24+00:00  SPY: 4,400 contracts -> SPY__193826.parquet
2026-09-10T19:39:24+00:00  SPY: spot 757.46  netGEX(win) -13.51Bn  flip 765.8088  walls 770.0/740.0  negative  RR25 -0.0571 (STEEP)  P/C 1.301
2026-09-10T19:39:25+00:00  QQQ: 4,316 contracts -> QQQ__193816.parquet
2026-09-10T19:39:25+00:00  QQQ: spot 708.78  netGEX(win) -6.11Bn  flip 715.4449  walls 720.0/700.0  negative  RR25 -0.0623 (STEEP)  P/C 1.2243
2026-09-10T19:39:26+00:00  IWM: 2,450 contracts -> IWM__193827.parquet
2026-09-10T19:39:26+00:00  IWM: spot 287.37  netGEX(win) -4.05Bn  flip 298.086  walls 295.0/280.0  negative  RR25 -0.0557 (STEEP)  P/C 1.9601
2026-09-10T19:39:26+00:00  appended 4 state row(s)
2026-09-10T19:39:26+00:00  --- intraday done  ok=4  skipped=0  failed=0
2026-09-10T19:51:49+00:00  --- intraday capture  symbols=SPX SPY QQQ IWM
2026-09-10T19:51:51+00:00  SPX: 11,088 contracts -> SPX__195137.parquet
2026-09-10T19:51:51+00:00  SPX: spot 7,591.33  netGEX(win) -75.02Bn  flip 7667.954  walls 7700.0/7500.0  negative  RR25 -0.0551 (STEEP)  P/C 1.1104
2026-09-10T19:51:51+00:00  SPY: 4,396 contracts -> SPY__195126.parquet
2026-09-10T19:51:51+00:00  SPY: spot 757.86  netGEX(win) -13.54Bn  flip 766.4541  walls 770.0/750.0  negative  RR25 -0.0554 (STEEP)  P/C 1.3074
2026-09-10T19:51:52+00:00  QQQ: 4,316 contracts -> QQQ__195117.parquet
2026-09-10T19:51:52+00:00  QQQ: spot 709.11  netGEX(win) -6.11Bn  flip 717.9635  walls 720.0/700.0  negative  RR25 -0.0637 (STEEP)  P/C 1.2178
2026-09-10T19:51:52+00:00  IWM: 2,450 contracts -> IWM__195127.parquet
2026-09-10T19:51:52+00:00  IWM: spot 287.60  netGEX(win) -4.05Bn  flip 297.7778  walls 295.0/280.0  negative  RR25 -0.0546 (STEEP)  P/C 2.0089
2026-09-10T19:51:52+00:00  appended 4 state row(s)
2026-09-10T19:51:52+00:00  --- intraday done  ok=4  skipped=0  failed=0
2026-09-10T20:12:04+00:00  --- intraday capture  symbols=SPX SPY QQQ IWM
2026-09-10T20:12:06+00:00  SPX: 10,646 contracts -> SPX__201138.parquet
2026-09-10T20:12:06+00:00  SPX: spot 7,590.94  netGEX(win) -51.63Bn  flip 7670.0683  walls 7700.0/7500.0  negative  RR25 -0.0555 (STEEP)  P/C 1.3434
2026-09-10T20:12:07+00:00  SPY: 4,156 contracts -> SPY__201127.parquet
2026-09-10T20:12:07+00:00  SPY: spot 757.79  netGEX(win) -10.55Bn  flip 768.337  walls 770.0/750.0  negative  RR25 -0.0556 (STEEP)  P/C 1.7545
2026-09-10T20:12:08+00:00  QQQ: 3,974 contracts -> QQQ__201118.parquet
2026-09-10T20:12:08+00:00  QQQ: spot 708.56  netGEX(win) -4.10Bn  flip 719.249  walls 720.0/700.0  negative  RR25 -0.0615 (STEEP)  P/C 1.5177
2026-09-10T20:12:09+00:00  IWM: 2,302 contracts -> IWM__201128.parquet
2026-09-10T20:12:09+00:00  IWM: spot 287.63  netGEX(win) -3.82Bn  flip 298.151  walls 295.0/280.0  negative  RR25 -0.0533 (STEEP)  P/C 2.7493
2026-09-10T20:12:09+00:00  appended 4 state row(s)
2026-09-10T20:12:09+00:00  --- intraday done  ok=4  skipped=0  failed=0
2026-09-10T20:28:03+00:00  --- intraday capture  symbols=SPX SPY QQQ IWM
2026-09-10T20:28:05+00:00  SPX: 10,646 contracts -> SPX__202738.parquet
2026-09-10T20:28:05+00:00  SPX: spot 7,591.70  netGEX(win) -48.36Bn  flip 7683.0627  walls 7700.0/7500.0  negative  RR25 -0.0553 (STEEP)  P/C 1.3452
2026-09-10T20:28:05+00:00  SPY: 4,156 contracts -> SPY__202728.parquet
2026-09-10T20:28:05+00:00  SPY: spot 758.55  netGEX(win) -10.25Bn  flip 769.4332  walls 770.0/750.0  negative  RR25 -0.0567 (STEEP)  P/C 1.7158
2026-09-10T20:28:06+00:00  QQQ: 4,004 contracts -> QQQ__202718.parquet
2026-09-10T20:28:06+00:00  QQQ: spot 708.83  netGEX(win) -4.04Bn  flip 719.4129  walls 720.0/700.0  negative  RR25 -0.0632 (STEEP)  P/C 1.5055
2026-09-10T20:28:06+00:00  IWM: 2,314 contracts -> IWM__202729.parquet
2026-09-10T20:28:06+00:00  IWM: spot 287.92  netGEX(win) -3.79Bn  flip 298.9377  walls 295.0/285.0  negative  RR25 -0.0559 (STEEP)  P/C 2.8198
2026-09-10T20:28:07+00:00  appended 4 state row(s)
2026-09-10T20:28:07+00:00  --- intraday done  ok=4  skipped=0  failed=0
2026-09-10T20:43:22+00:00  --- intraday capture  symbols=SPX SPY QQQ IWM
2026-09-10T20:43:24+00:00  SPX: 10,646 contracts -> SPX__204239.parquet
2026-09-10T20:43:24+00:00  SPX: spot 7,591.70  netGEX(win) -48.69Bn  flip 7683.7592  walls 7700.0/7500.0  negative  RR25 -0.0545 (STEEP)  P/C 1.3412
2026-09-10T20:43:25+00:00  SPY: 4,156 contracts -> SPY__204228.parquet
2026-09-10T20:43:25+00:00  SPY: spot 758.57  netGEX(win) -10.24Bn  flip 769.351  walls 770.0/750.0  negative  RR25 -0.0552 (STEEP)  P/C 1.7141
2026-09-10T20:43:25+00:00  QQQ: 4,004 contracts -> QQQ__204219.parquet
2026-09-10T20:43:25+00:00  QQQ: spot 709.01  netGEX(win) -3.98Bn  flip 719.4965  walls 720.0/700.0  negative  RR25 -0.0642 (STEEP)  P/C 1.4942
2026-09-10T20:43:26+00:00  IWM: 2,302 contracts -> IWM__204229.parquet
2026-09-10T20:43:26+00:00  IWM: spot 287.80  netGEX(win) -3.81Bn  flip 299.0555  walls 295.0/280.0  negative  RR25 -0.0547 (STEEP)  P/C 2.8153
2026-09-10T20:43:26+00:00  appended 4 state row(s)
2026-09-10T20:43:26+00:00  --- intraday done  ok=4  skipped=0  failed=0
2026-09-10T20:55:09+00:00  --- intraday capture  symbols=SPX SPY QQQ IWM
2026-09-10T20:55:11+00:00  SPX: 10,646 contracts -> SPX__205440.parquet
2026-09-10T20:55:11+00:00  SPX: spot 7,591.70  netGEX(win) -49.10Bn  flip 7682.8218  walls 7700.0/7500.0  negative  RR25 -0.0545 (STEEP)  P/C 1.3412
2026-09-10T20:55:12+00:00  SPY: 4,156 contracts -> SPY__205429.parquet
2026-09-10T20:55:12+00:00  SPY: spot 758.50  netGEX(win) -10.24Bn  flip 769.3449  walls 770.0/750.0  negative  RR25 -0.0552 (STEEP)  P/C 1.7141
2026-09-10T20:55:13+00:00  QQQ: 4,004 contracts -> QQQ__205419.parquet
2026-09-10T20:55:13+00:00  QQQ: spot 709.05  netGEX(win) -3.98Bn  flip 719.493  walls 720.0/700.0  negative  RR25 -0.0642 (STEEP)  P/C 1.4942
2026-09-10T20:55:14+00:00  IWM: feed_ts advanced to 2026-09-10 20:54:30 but spot and net GEX are unchanged from the last row -- republished feed, no-change bar avoided (nothing written)
2026-09-10T20:55:14+00:00  appended 3 state row(s)
2026-09-10T20:55:14+00:00  --- intraday done  ok=3  skipped=1  failed=0
2026-09-11T13:12:49+00:00  --- intraday capture  symbols=SPX SPY QQQ IWM
2026-09-11T13:12:50+00:00  SPX: 11,304 contracts -> SPX__131219.parquet
2026-09-11T13:12:50+00:00  SPX: spot 7,591.70  netGEX(win) 4.64Bn  flip 7662.8093  walls 7700.0/7700.0  positive  RR25 -0.0434 (STEEP)  P/C 1.3412
2026-09-11T13:12:51+00:00  SPY: 4,320 contracts -> SPY__131234.parquet
2026-09-11T13:12:51+00:00  SPY: spot 765.29  netGEX(win) -11.69Bn  flip 766.2892  walls 775.0/750.0  negative  RR25 -0.0551 (STEEP)  P/C 1.7093
2026-09-11T13:12:52+00:00  QQQ: 4,196 contracts -> QQQ__131207.parquet
2026-09-11T13:12:52+00:00  QQQ: spot 716.40  netGEX(win) -3.47Bn  flip 715.0747  walls 725.0/700.0  negative  RR25 -0.0642 (STEEP)  P/C 1.4908
2026-09-11T13:12:53+00:00  IWM: 2,404 contracts -> IWM__131207.parquet
2026-09-11T13:12:53+00:00  IWM: spot 290.65  netGEX(win) -3.66Bn  flip 296.9721  walls 295.0/285.0  negative  RR25 -0.0547 (STEEP)  P/C 2.8135
2026-09-11T13:12:53+00:00  appended 4 state row(s)
2026-09-11T13:12:53+00:00  VIX: 16.03 (-10.1% 1d, +12.5% 20d)  VIX9D: 17.70  term backwardation(short-rich) -> vix_state.csv
2026-09-11T13:12:54+00:00  RV SPX: HV20 8.73%  down/up 0.74x  through 2026-09-10  (13,031 closes)
2026-09-11T13:12:54+00:00  RV SPY (via SPX): HV20 8.73%  down/up 0.74x  through 2026-09-10  (13,031 closes)
2026-09-11T13:12:54+00:00  RV QQQ: no free Cboe daily-close series for this symbol, skipped (see RV_HISTORY)
2026-09-11T13:12:55+00:00  RV IWM (via RUT): HV20 13.11%  down/up 1.05x  through 2026-09-10  (1,452 closes)
2026-09-11T13:12:55+00:00  appended 3 realized-vol row(s) -> realized_vol.csv
2026-09-11T13:12:55+00:00  --- intraday done  ok=4  skipped=0  failed=0  vix=written  rv=3
2026-09-11T13:30:08+00:00  --- intraday capture  symbols=SPX SPY QQQ IWM
2026-09-11T13:30:09+00:00  SPX: 11,304 contracts -> SPX__132921.parquet
2026-09-11T13:30:09+00:00  SPX: spot 7,591.70  netGEX(win) -0.29Bn  flip 7662.4815  walls 7700.0/7700.0  negative  RR25 -0.0451 (STEEP)  P/C 1.3412
2026-09-11T13:30:10+00:00  SPY: 4,288 contracts -> SPY__132905.parquet
2026-09-11T13:30:10+00:00  SPY: spot 764.90  netGEX(win) -11.67Bn  flip 766.2567  walls 775.0/750.0  negative  RR25 -0.0552 (STEEP)  P/C 1.7095
2026-09-11T13:30:11+00:00  QQQ: 4,196 contracts -> QQQ__132908.parquet
2026-09-11T13:30:11+00:00  QQQ: spot 716.17  netGEX(win) -3.47Bn  flip 715.0341  walls 725.0/700.0  negative  RR25 -0.0642 (STEEP)  P/C 1.4908
2026-09-11T13:30:11+00:00  IWM: 2,404 contracts -> IWM__132908.parquet
2026-09-11T13:30:11+00:00  IWM: spot 290.60  netGEX(win) -3.66Bn  flip 296.9604  walls 295.0/285.0  negative  RR25 -0.0547 (STEEP)  P/C 2.8135
2026-09-11T13:30:11+00:00  appended 4 state row(s)
2026-09-11T13:30:11+00:00  VIX: feed_ts 2026-09-10T16:15:01 unchanged, skipping (phantom bar avoided)
2026-09-11T13:30:11+00:00  RV QQQ: no free Cboe daily-close series for this symbol, skipped (see RV_HISTORY)
2026-09-11T13:30:11+00:00  --- intraday done  ok=4  skipped=0  failed=0
2026-09-11T13:46:09+00:00  --- intraday capture  symbols=SPX SPY QQQ IWM
2026-09-11T13:46:10+00:00  SPX: 11,254 contracts -> SPX__134522.parquet
2026-09-11T13:46:10+00:00  SPX: spot 7,655.43  netGEX(win) 0.00Bn  flip 6507.1157  walls 6890.0/6890.0  negative  RR25  ()  P/C 2.1305
2026-09-11T13:46:11+00:00  SPY: 4,320 contracts -> SPY__134506.parquet
2026-09-11T13:46:11+00:00  SPY: spot 764.51  netGEX(win) 0.00Bn  flip 649.8335  walls 689.0/689.0  negative  RR25  ()  P/C 0.9092
2026-09-11T13:46:12+00:00  QQQ: 4,192 contracts -> QQQ__134526.parquet
2026-09-11T13:46:12+00:00  QQQ: spot 714.54  netGEX(win) -0.77Bn  flip 715.3373  walls 725.0/700.0  negative  RR25 -0.0567 (STEEP)  P/C 2.5057
2026-09-11T13:46:12+00:00  IWM: 2,404 contracts -> IWM__134508.parquet
2026-09-11T13:46:12+00:00  IWM: spot 290.95  netGEX(win) -2.98Bn  flip 296.6603  walls 295.0/285.0  negative  RR25 -0.0498 (STEEP)  P/C 1.0723
2026-09-11T13:46:12+00:00  appended 4 state row(s)
2026-09-11T13:46:13+00:00  VIX: feed_ts 2026-09-10T16:15:01 unchanged, skipping (phantom bar avoided)
2026-09-11T13:46:13+00:00  RV QQQ: no free Cboe daily-close series for this symbol, skipped (see RV_HISTORY)
2026-09-11T13:46:13+00:00  --- intraday done  ok=4  skipped=0  failed=0
2026-09-11T14:13:09+00:00  --- intraday capture  symbols=SPX SPY QQQ IWM
2026-09-11T14:13:11+00:00  SPX: 11,242 contracts -> SPX__141223.parquet
2026-09-11T14:13:11+00:00  SPX: spot 7,669.69  netGEX(win) 9.01Bn  flip 7661.7423  walls 7750.0/7500.0  positive  RR25 -0.0434 (STEEP)  P/C 0.9894
2026-09-11T14:13:12+00:00  SPY: 4,320 contracts -> SPY__141207.parquet
2026-09-11T14:13:12+00:00  SPY: spot 765.68  netGEX(win) -2.39Bn  flip 766.5604  walls 775.0/750.0  negative  RR25 -0.0451 (STEEP)  P/C 1.0758
2026-09-11T14:13:13+00:00  QQQ: 4,196 contracts -> QQQ__141209.parquet
2026-09-11T14:13:13+00:00  QQQ: spot 716.03  netGEX(win) 0.17Bn  flip 715.6279  walls 725.0/700.0  positive  RR25 -0.0552 (STEEP)  P/C 1.247
2026-09-11T14:13:13+00:00  IWM: 2,396 contracts -> IWM__141209.parquet
2026-09-11T14:13:13+00:00  IWM: spot 290.18  netGEX(win) -3.41Bn  flip 295.9243  walls 295.0/285.0  negative  RR25 -0.0486 (STEEP)  P/C 1.7684
2026-09-11T14:13:13+00:00  appended 4 state row(s)
2026-09-11T14:13:14+00:00  VIX: 15.97 (-10.5% 1d, +12.1% 20d)  VIX9D: 14.54  term contango(short-cheap) -> vix_state.csv
2026-09-11T14:13:14+00:00  RV QQQ: no free Cboe daily-close series for this symbol, skipped (see RV_HISTORY)
2026-09-11T14:13:14+00:00  --- intraday done  ok=4  skipped=0  failed=0  vix=written
2026-09-11T14:30:59+00:00  --- intraday capture  symbols=SPX SPY QQQ IWM
2026-09-11T14:31:01+00:00  SPX: 11,244 contracts -> SPX__143024.parquet
2026-09-11T14:31:01+00:00  SPX: spot 7,664.06  netGEX(win) 4.43Bn  flip 7662.3448  walls 7750.0/7500.0  positive  RR25 -0.044 (STEEP)  P/C 1.0936
2026-09-11T14:31:02+00:00  SPY: 4,288 contracts -> SPY__143007.parquet
2026-09-11T14:31:02+00:00  SPY: spot 764.97  netGEX(win) -3.79Bn  flip 766.1644  walls 775.0/750.0  negative  RR25 -0.0463 (STEEP)  P/C 1.0183
2026-09-11T14:31:03+00:00  QQQ: 4,194 contracts -> QQQ__143010.parquet
2026-09-11T14:31:03+00:00  QQQ: spot 715.10  netGEX(win) -0.12Bn  flip 715.2696  walls 725.0/700.0  negative  RR25 -0.0549 (STEEP)  P/C 1.2589
2026-09-11T14:31:03+00:00  IWM: 2,396 contracts -> IWM__143010.parquet
2026-09-11T14:31:03+00:00  IWM: spot 289.66  netGEX(win) -3.79Bn  flip 295.2379  walls 295.0/285.0  negative  RR25 -0.0476 (STEEP)  P/C 1.8069
2026-09-11T14:31:03+00:00  appended 4 state row(s)
2026-09-11T14:31:04+00:00  VIX: 15.96 (-10.5% 1d, +12.0% 20d)  VIX9D: 14.51  term contango(short-cheap) -> vix_state.csv
2026-09-11T14:31:04+00:00  RV QQQ: no free Cboe daily-close series for this symbol, skipped (see RV_HISTORY)
2026-09-11T14:31:04+00:00  --- intraday done  ok=4  skipped=0  failed=0  vix=written
2026-09-11T14:55:04+00:00  --- intraday capture  symbols=SPX SPY QQQ IWM
2026-09-11T14:55:05+00:00  SPX: 11,254 contracts -> SPX__145426.parquet
2026-09-11T14:55:06+00:00  SPX: spot 7,657.03  netGEX(win) -1.95Bn  flip 7661.7221  walls 7750.0/7500.0  negative  RR25 -0.0454 (STEEP)  P/C 1.1544
2026-09-11T14:55:07+00:00  SPY: 4,320 contracts -> SPY__145408.parquet
2026-09-11T14:55:07+00:00  SPY: spot 764.24  netGEX(win) -5.03Bn  flip 766.0723  walls 775.0/750.0  negative  RR25 -0.0471 (STEEP)  P/C 1.1029
2026-09-11T14:55:07+00:00  QQQ: 4,192 contracts -> QQQ__145411.parquet
2026-09-11T14:55:07+00:00  QQQ: spot 714.73  netGEX(win) -0.24Bn  flip 715.126  walls 725.0/700.0  negative  RR25 -0.0548 (STEEP)  P/C 1.3256
2026-09-11T14:55:08+00:00  IWM: 2,388 contracts -> IWM__145410.parquet
2026-09-11T14:55:08+00:00  IWM: spot 288.83  netGEX(win) -4.23Bn  flip 294.9876  walls 295.0/285.0  negative  RR25 -0.0482 (STEEP)  P/C 1.9748
2026-09-11T14:55:08+00:00  appended 4 state row(s)
2026-09-11T14:55:08+00:00  VIX: 16.14 (-9.5% 1d, +13.3% 20d)  VIX9D: 14.78  term contango(short-cheap) -> vix_state.csv
2026-09-11T14:55:08+00:00  RV QQQ: no free Cboe daily-close series for this symbol, skipped (see RV_HISTORY)
2026-09-11T14:55:08+00:00  --- intraday done  ok=4  skipped=0  failed=0  vix=written
2026-09-11T15:12:00+00:00  --- intraday capture  symbols=SPX SPY QQQ IWM
2026-09-11T15:12:02+00:00  SPX: 11,256 contracts -> SPX__151126.parquet
2026-09-11T15:12:02+00:00  SPX: spot 7,652.43  netGEX(win) -6.25Bn  flip 7657.2629  walls 7750.0/7500.0  negative  RR25 -0.0468 (STEEP)  P/C 1.1274
2026-09-11T15:12:02+00:00  SPY: 4,320 contracts -> SPY__151109.parquet
2026-09-11T15:12:02+00:00  SPY: spot 763.86  netGEX(win) -5.72Bn  flip 765.8655  walls 775.0/750.0  negative  RR25 -0.0486 (STEEP)  P/C 1.1692
2026-09-11T15:12:03+00:00  QQQ: 4,192 contracts -> QQQ__151112.parquet
2026-09-11T15:12:03+00:00  QQQ: spot 714.18  netGEX(win) -0.45Bn  flip 714.8051  walls 725.0/700.0  negative  RR25 -0.0566 (STEEP)  P/C 1.3104
2026-09-11T15:12:04+00:00  IWM: 2,388 contracts -> IWM__151111.parquet
2026-09-11T15:12:04+00:00  IWM: spot 289.34  netGEX(win) -4.02Bn  flip 295.0689  walls 295.0/285.0  negative  RR25 -0.0508 (STEEP)  P/C 1.953
2026-09-11T15:12:04+00:00  appended 4 state row(s)
2026-09-11T15:12:04+00:00  VIX: 16.15 (-9.5% 1d, +13.3% 20d)  VIX9D: 14.76  term contango(short-cheap) -> vix_state.csv
2026-09-11T15:12:04+00:00  RV QQQ: no free Cboe daily-close series for this symbol, skipped (see RV_HISTORY)
2026-09-11T15:12:04+00:00  --- intraday done  ok=4  skipped=0  failed=0  vix=written
2026-09-11T15:29:11+00:00  --- intraday capture  symbols=SPX SPY QQQ IWM
2026-09-11T15:29:12+00:00  SPX: 11,254 contracts -> SPX__152826.parquet
2026-09-11T15:29:12+00:00  SPX: spot 7,657.44  netGEX(win) -1.90Bn  flip 7657.7656  walls 7750.0/7500.0  negative  RR25 -0.0454 (STEEP)  P/C 1.1124
2026-09-11T15:29:13+00:00  SPY: 4,320 contracts -> SPY__152809.parquet
2026-09-11T15:29:13+00:00  SPY: spot 764.47  netGEX(win) -4.24Bn  flip 765.922  walls 775.0/750.0  negative  RR25 -0.0472 (STEEP)  P/C 1.1314
2026-09-11T15:29:14+00:00  QQQ: 4,194 contracts -> QQQ__152812.parquet
2026-09-11T15:29:14+00:00  QQQ: spot 715.00  netGEX(win) 0.27Bn  flip 714.5648  walls 725.0/700.0  positive  RR25 -0.0531 (STEEP)  P/C 1.2951
2026-09-11T15:29:14+00:00  IWM: 2,388 contracts -> IWM__152812.parquet
2026-09-11T15:29:14+00:00  IWM: spot 289.09  netGEX(win) -4.19Bn  flip 295.0196  walls 295.0/285.0  negative  RR25 -0.0481 (STEEP)  P/C 1.9499
2026-09-11T15:29:14+00:00  appended 4 state row(s)
2026-09-11T15:29:15+00:00  VIX: 16.00 (-10.3% 1d, +12.3% 20d)  VIX9D: 14.55  term contango(short-cheap) -> vix_state.csv
2026-09-11T15:29:15+00:00  RV QQQ: no free Cboe daily-close series for this symbol, skipped (see RV_HISTORY)
2026-09-11T15:29:15+00:00  --- intraday done  ok=4  skipped=0  failed=0  vix=written
2026-09-11T15:45:32+00:00  --- intraday capture  symbols=SPX SPY QQQ IWM
2026-09-11T15:45:34+00:00  SPX: 11,232 contracts -> SPX__154527.parquet
2026-09-11T15:45:34+00:00  SPX: spot 7,672.32  netGEX(win) 14.46Bn  flip 7661.4916  walls 7750.0/7500.0  positive  RR25 -0.0438 (STEEP)  P/C 1.0836
2026-09-11T15:45:35+00:00  SPY: 4,316 contracts -> SPY__154510.parquet
2026-09-11T15:45:35+00:00  SPY: spot 765.90  netGEX(win) -1.48Bn  flip 766.2966  walls 775.0/750.0  negative  RR25 -0.0462 (STEEP)  P/C 1.1023
2026-09-11T15:45:36+00:00  QQQ: 4,198 contracts -> QQQ__154513.parquet
2026-09-11T15:45:36+00:00  QQQ: spot 717.20  netGEX(win) 1.24Bn  flip 715.2152  walls 725.0/700.0  positive  RR25 -0.0533 (STEEP)  P/C 1.3154
2026-09-11T15:45:36+00:00  IWM: 2,396 contracts -> IWM__154512.parquet
2026-09-11T15:45:36+00:00  IWM: spot 289.63  netGEX(win) -4.06Bn  flip 295.1636  walls 295.0/285.0  negative  RR25 -0.047 (STEEP)  P/C 1.909
2026-09-11T15:45:36+00:00  appended 4 state row(s)
2026-09-11T15:45:36+00:00  VIX: 15.79 (-11.5% 1d, +10.8% 20d)  VIX9D: 14.24  term contango(short-cheap) -> vix_state.csv
2026-09-11T15:45:36+00:00  RV QQQ: no free Cboe daily-close series for this symbol, skipped (see RV_HISTORY)
2026-09-11T15:45:36+00:00  --- intraday done  ok=4  skipped=0  failed=0  vix=written
2026-09-11T16:13:32+00:00  --- intraday capture  symbols=SPX SPY QQQ IWM
2026-09-11T16:13:34+00:00  SPX: 11,242 contracts -> SPX__161328.parquet
2026-09-11T16:13:34+00:00  SPX: spot 7,669.82  netGEX(win) 13.13Bn  flip 7661.8281  walls 7750.0/7500.0  positive  RR25 -0.0428 (STEEP)  P/C 1.0637
2026-09-11T16:13:34+00:00  SPY: 4,320 contracts -> SPY__161311.parquet
2026-09-11T16:13:34+00:00  SPY: spot 765.68  netGEX(win) -2.05Bn  flip 766.1199  walls 775.0/750.0  negative  RR25 -0.045 (STEEP)  P/C 1.148
2026-09-11T16:13:35+00:00  QQQ: 4,198 contracts -> QQQ__161313.parquet
2026-09-11T16:13:35+00:00  QQQ: spot 716.55  netGEX(win) 1.16Bn  flip 714.9371  walls 725.0/700.0  positive  RR25 -0.0535 (STEEP)  P/C 1.3502
2026-09-11T16:13:36+00:00  IWM: 2,396 contracts -> IWM__161313.parquet
2026-09-11T16:13:36+00:00  IWM: spot 289.68  netGEX(win) -4.15Bn  flip 295.7198  walls 295.0/285.0  negative  RR25 -0.048 (STEEP)  P/C 1.8792
2026-09-11T16:13:36+00:00  appended 4 state row(s)
2026-09-11T16:13:36+00:00  VIX: 15.74 (-11.8% 1d, +10.5% 20d)  VIX9D: 14.06  term contango(short-cheap) -> vix_state.csv
2026-09-11T16:13:36+00:00  RV QQQ: no free Cboe daily-close series for this symbol, skipped (see RV_HISTORY)
2026-09-11T16:13:36+00:00  --- intraday done  ok=4  skipped=0  failed=0  vix=written
2026-09-11T16:31:13+00:00  --- intraday capture  symbols=SPX SPY QQQ IWM
2026-09-11T16:31:15+00:00  SPX: 11,242 contracts -> SPX__163029.parquet
2026-09-11T16:31:15+00:00  SPX: spot 7,669.78  netGEX(win) 12.38Bn  flip 7660.7802  walls 7750.0/7500.0  positive  RR25 -0.0427 (STEEP)  P/C 1.0625
2026-09-11T16:31:16+00:00  SPY: 4,320 contracts -> SPY__163011.parquet
2026-09-11T16:31:16+00:00  SPY: spot 765.55  netGEX(win) -2.12Bn  flip 766.0696  walls 775.0/750.0  negative  RR25 -0.0443 (STEEP)  P/C 1.2495
2026-09-11T16:31:16+00:00  QQQ: 4,196 contracts -> QQQ__163014.parquet
2026-09-11T16:31:16+00:00  QQQ: spot 716.35  netGEX(win) 1.10Bn  flip 714.5566  walls 725.0/700.0  positive  RR25 -0.0529 (STEEP)  P/C 1.3679
2026-09-11T16:31:17+00:00  IWM: 2,384 contracts -> IWM__163014.parquet
2026-09-11T16:31:17+00:00  IWM: spot 289.45  netGEX(win) -4.28Bn  flip 295.1222  walls 295.0/285.0  negative  RR25 -0.0472 (STEEP)  P/C 1.8277
2026-09-11T16:31:17+00:00  appended 4 state row(s)
2026-09-11T16:31:17+00:00  VIX: 15.72 (-11.9% 1d, +10.3% 20d)  VIX9D: 14.02  term contango(short-cheap) -> vix_state.csv
2026-09-11T16:31:17+00:00  RV QQQ: no free Cboe daily-close series for this symbol, skipped (see RV_HISTORY)
2026-09-11T16:31:17+00:00  --- intraday done  ok=4  skipped=0  failed=0  vix=written
2026-09-11T16:52:45+00:00  --- intraday capture  symbols=SPX SPY QQQ IWM
2026-09-11T16:52:47+00:00  SPX: 11,242 contracts -> SPX__165230.parquet
2026-09-11T16:52:47+00:00  SPX: spot 7,665.17  netGEX(win) 9.09Bn  flip 7658.765  walls 7750.0/7500.0  positive  RR25 -0.0437 (STEEP)  P/C 1.0686
2026-09-11T16:52:48+00:00  SPY: 4,320 contracts -> SPY__165212.parquet
2026-09-11T16:52:48+00:00  SPY: spot 765.26  netGEX(win) -2.51Bn  flip 765.8804  walls 775.0/750.0  negative  RR25 -0.0459 (STEEP)  P/C 1.277
2026-09-11T16:52:48+00:00  QQQ: 4,194 contracts -> QQQ__165215.parquet
2026-09-11T16:52:48+00:00  QQQ: spot 715.61  netGEX(win) 0.84Bn  flip 714.341  walls 725.0/700.0  positive  RR25 -0.0543 (STEEP)  P/C 1.3605
2026-09-11T16:52:49+00:00  IWM: 2,396 contracts -> IWM__165214.parquet
2026-09-11T16:52:49+00:00  IWM: spot 289.57  netGEX(win) -4.22Bn  flip 294.9364  walls 295.0/285.0  negative  RR25 -0.0472 (STEEP)  P/C 1.8233
2026-09-11T16:52:49+00:00  appended 4 state row(s)
2026-09-11T16:52:50+00:00  VIX: 15.83 (-11.3% 1d, +11.1% 20d)  VIX9D: 14.22  term contango(short-cheap) -> vix_state.csv
2026-09-11T16:52:50+00:00  RV QQQ: no free Cboe daily-close series for this symbol, skipped (see RV_HISTORY)
2026-09-11T16:52:50+00:00  --- intraday done  ok=4  skipped=0  failed=0  vix=written
2026-09-11T17:11:17+00:00  --- intraday capture  symbols=SPX SPY QQQ IWM
2026-09-11T17:11:19+00:00  SPX: 11,242 contracts -> SPX__171031.parquet
2026-09-11T17:11:19+00:00  SPX: spot 7,669.09  netGEX(win) 13.65Bn  flip 7661.611  walls 7750.0/7500.0  positive  RR25 -0.043 (STEEP)  P/C 1.0681
2026-09-11T17:11:20+00:00  SPY: 4,320 contracts -> SPY__171013.parquet
2026-09-11T17:11:20+00:00  SPY: spot 765.52  netGEX(win) -1.96Bn  flip 766.0347  walls 775.0/750.0  negative  RR25 -0.0445 (STEEP)  P/C 1.2711
2026-09-11T17:11:21+00:00  QQQ: 4,196 contracts -> QQQ__171015.parquet
2026-09-11T17:11:21+00:00  QQQ: spot 716.04  netGEX(win) 1.14Bn  flip 714.9034  walls 725.0/700.0  positive  RR25 -0.054 (STEEP)  P/C 1.3536
2026-09-11T17:11:21+00:00  IWM: 2,384 contracts -> IWM__171015.parquet
2026-09-11T17:11:21+00:00  IWM: spot 289.56  netGEX(win) -4.28Bn  flip 295.0215  walls 295.0/285.0  negative  RR25 -0.0469 (STEEP)  P/C 1.813
2026-09-11T17:11:21+00:00  appended 4 state row(s)
2026-09-11T17:11:22+00:00  VIX: 15.74 (-11.8% 1d, +10.5% 20d)  VIX9D: 14.06  term contango(short-cheap) -> vix_state.csv
2026-09-11T17:11:22+00:00  RV QQQ: no free Cboe daily-close series for this symbol, skipped (see RV_HISTORY)
2026-09-11T17:11:22+00:00  --- intraday done  ok=4  skipped=0  failed=0  vix=written
2026-09-11T17:26:59+00:00  --- intraday capture  symbols=SPX SPY QQQ IWM
2026-09-11T17:27:01+00:00  SPX: 11,242 contracts -> SPX__172632.parquet
2026-09-11T17:27:01+00:00  SPX: spot 7,669.89  netGEX(win) 15.86Bn  flip 7660.6606  walls 7750.0/7500.0  positive  RR25 -0.0429 (STEEP)  P/C 1.0631
2026-09-11T17:27:03+00:00  SPY: 4,320 contracts -> SPY__172613.parquet
2026-09-11T17:27:03+00:00  SPY: spot 765.66  netGEX(win) -1.43Bn  flip 765.9552  walls 775.0/750.0  negative  RR25 -0.0445 (STEEP)  P/C 1.2658
2026-09-11T17:27:03+00:00  QQQ: 4,196 contracts -> QQQ__172616.parquet
2026-09-11T17:27:03+00:00  QQQ: spot 716.37  netGEX(win) 1.36Bn  flip 714.1916  walls 725.0/700.0  positive  RR25 -0.0527 (STEEP)  P/C 1.3521
2026-09-11T17:27:04+00:00  IWM: 2,396 contracts -> IWM__172616.parquet
2026-09-11T17:27:04+00:00  IWM: spot 289.59  netGEX(win) -4.35Bn  flip 294.9778  walls 295.0/285.0  negative  RR25 -0.0457 (STEEP)  P/C 1.8081
2026-09-11T17:27:04+00:00  appended 4 state row(s)
2026-09-11T17:27:04+00:00  VIX: 15.71 (-11.9% 1d, +10.2% 20d)  VIX9D: 14.02  term contango(short-cheap) -> vix_state.csv
2026-09-11T17:27:04+00:00  RV QQQ: no free Cboe daily-close series for this symbol, skipped (see RV_HISTORY)
2026-09-11T17:27:04+00:00  --- intraday done  ok=4  skipped=0  failed=0  vix=written
2026-09-11T17:41:39+00:00  --- intraday capture  symbols=SPX SPY QQQ IWM
2026-09-11T17:41:41+00:00  SPX: 11,234 contracts -> SPX__174132.parquet
2026-09-11T17:41:41+00:00  SPX: spot 7,674.79  netGEX(win) 20.52Bn  flip 7661.3159  walls 7800.0/7500.0  positive  RR25 -0.0423 (STEEP)  P/C 1.0648
2026-09-11T17:41:42+00:00  SPY: 4,316 contracts -> SPY__174114.parquet
2026-09-11T17:41:42+00:00  SPY: spot 766.11  netGEX(win) -0.54Bn  flip 766.2107  walls 775.0/750.0  negative  RR25 -0.0439 (STEEP)  P/C 1.2531
2026-09-11T17:41:43+00:00  QQQ: 4,198 contracts -> QQQ__174116.parquet
2026-09-11T17:41:43+00:00  QQQ: spot 716.93  netGEX(win) 1.53Bn  flip 714.4477  walls 725.0/700.0  positive  RR25 -0.0513 (STEEP)  P/C 1.3627
2026-09-11T17:41:43+00:00  IWM: 2,396 contracts -> IWM__174116.parquet
2026-09-11T17:41:43+00:00  IWM: spot 289.73  netGEX(win) -4.40Bn  flip 294.9624  walls 295.0/285.0  negative  RR25 -0.0467 (STEEP)  P/C 1.7927
2026-09-11T17:41:43+00:00  appended 4 state row(s)
2026-09-11T17:41:44+00:00  VIX: 15.66 (-12.2% 1d, +9.9% 20d)  VIX9D: 13.95  term contango(short-cheap) -> vix_state.csv
2026-09-11T17:41:44+00:00  RV QQQ: no free Cboe daily-close series for this symbol, skipped (see RV_HISTORY)
2026-09-11T17:41:44+00:00  --- intraday done  ok=4  skipped=0  failed=0  vix=written
2026-09-11T17:52:53+00:00  --- intraday capture  symbols=SPX SPY QQQ IWM
2026-09-11T17:52:55+00:00  SPX: 11,232 contracts -> SPX__175233.parquet
2026-09-11T17:52:55+00:00  SPX: spot 7,673.42  netGEX(win) 19.36Bn  flip 7661.3463  walls 7800.0/7500.0  positive  RR25 -0.0422 (STEEP)  P/C 1.0676
2026-09-11T17:52:56+00:00  SPY: 4,316 contracts -> SPY__175214.parquet
2026-09-11T17:52:56+00:00  SPY: spot 765.93  netGEX(win) -1.02Bn  flip 765.99  walls 775.0/750.0  negative  RR25 -0.0451 (STEEP)  P/C 1.258
2026-09-11T17:52:56+00:00  QQQ: 4,198 contracts -> QQQ__175217.parquet
2026-09-11T17:52:56+00:00  QQQ: spot 716.83  netGEX(win) 1.49Bn  flip 714.3115  walls 725.0/700.0  positive  RR25 -0.0517 (STEEP)  P/C 1.3771
2026-09-11T17:52:57+00:00  IWM: 2,396 contracts -> IWM__175216.parquet
2026-09-11T17:52:57+00:00  IWM: spot 289.68  netGEX(win) -4.44Bn  flip 295.0438  walls 295.0/285.0  negative  RR25 -0.046 (STEEP)  P/C 1.777
2026-09-11T17:52:57+00:00  appended 4 state row(s)
2026-09-11T17:52:58+00:00  VIX: 15.63 (-12.4% 1d, +9.7% 20d)  VIX9D: 13.87  term contango(short-cheap) -> vix_state.csv
2026-09-11T17:52:58+00:00  RV QQQ: no free Cboe daily-close series for this symbol, skipped (see RV_HISTORY)
2026-09-11T17:52:58+00:00  --- intraday done  ok=4  skipped=0  failed=0  vix=written
2026-09-11T18:14:34+00:00  --- intraday capture  symbols=SPX SPY QQQ IWM
2026-09-11T18:14:35+00:00  SPX: 11,242 contracts -> SPX__181415.parquet
2026-09-11T18:14:35+00:00  SPX: spot 7,670.58  netGEX(win) 17.73Bn  flip 7661.137  walls 7750.0/7500.0  positive  RR25 -0.0424 (STEEP)  P/C 1.077
2026-09-11T18:14:36+00:00  SPY: 4,320 contracts -> SPY__181415.parquet
2026-09-11T18:14:36+00:00  SPY: spot 765.71  netGEX(win) -1.12Bn  flip 765.7069  walls 775.0/750.0  negative  RR25 -0.0445 (STEEP)  P/C 1.2668
2026-09-11T18:14:37+00:00  QQQ: 4,196 contracts -> QQQ__181417.parquet
2026-09-11T18:14:37+00:00  QQQ: spot 716.51  netGEX(win) 1.52Bn  flip 713.9825  walls 725.0/700.0  positive  RR25 -0.0508 (STEEP)  P/C 1.3982
2026-09-11T18:14:37+00:00  IWM: 2,384 contracts -> IWM__181417.parquet
2026-09-11T18:14:37+00:00  IWM: spot 289.53  netGEX(win) -4.49Bn  flip 295.5287  walls 295.0/285.0  negative  RR25 -0.0467 (STEEP)  P/C 1.7654
2026-09-11T18:14:37+00:00  appended 4 state row(s)
2026-09-11T18:14:38+00:00  VIX: 15.62 (-12.4% 1d, +9.6% 20d)  VIX9D: 13.84  term contango(short-cheap) -> vix_state.csv
2026-09-11T18:14:38+00:00  RV QQQ: no free Cboe daily-close series for this symbol, skipped (see RV_HISTORY)
2026-09-11T18:14:38+00:00  --- intraday done  ok=4  skipped=0  failed=0  vix=written
2026-09-11T18:34:28+00:00  --- intraday capture  symbols=SPX SPY QQQ IWM
2026-09-11T18:34:30+00:00  SPX: 11,242 contracts -> SPX__183335.parquet
2026-09-11T18:34:30+00:00  SPX: spot 7,669.80  netGEX(win) 18.08Bn  flip 7660.8886  walls 7750.0/7500.0  positive  RR25 -0.0427 (STEEP)  P/C 1.0685
2026-09-11T18:34:31+00:00  SPY: 4,320 contracts -> SPY__183315.parquet
2026-09-11T18:34:31+00:00  SPY: spot 765.67  netGEX(win) -1.17Bn  flip 765.8033  walls 775.0/750.0  negative  RR25 -0.0444 (STEEP)  P/C 1.2789
2026-09-11T18:34:32+00:00  QQQ: 4,196 contracts -> QQQ__183418.parquet
2026-09-11T18:34:32+00:00  QQQ: spot 716.33  netGEX(win) 1.65Bn  flip 714.1768  walls 725.0/700.0  positive  RR25 -0.0513 (STEEP)  P/C 1.416
2026-09-11T18:34:33+00:00  IWM: 2,384 contracts -> IWM__183418.parquet
2026-09-11T18:34:33+00:00  IWM: spot 289.55  netGEX(win) -4.53Bn  flip 295.1346  walls 295.0/285.0  negative  RR25 -0.047 (STEEP)  P/C 1.7621
2026-09-11T18:34:33+00:00  appended 4 state row(s)
2026-09-11T18:34:34+00:00  VIX: 15.61 (-12.5% 1d, +9.5% 20d)  VIX9D: 13.80  term contango(short-cheap) -> vix_state.csv
2026-09-11T18:34:34+00:00  RV QQQ: no free Cboe daily-close series for this symbol, skipped (see RV_HISTORY)
2026-09-11T18:34:34+00:00  --- intraday done  ok=4  skipped=0  failed=0  vix=written
2026-09-11T18:53:19+00:00  --- intraday capture  symbols=SPX SPY QQQ IWM
2026-09-11T18:53:21+00:00  SPX: 11,242 contracts -> SPX__185236.parquet
2026-09-11T18:53:21+00:00  SPX: spot 7,668.30  netGEX(win) 16.07Bn  flip 7659.3574  walls 7750.0/7500.0  positive  RR25 -0.0428 (STEEP)  P/C 1.0823
2026-09-11T18:53:22+00:00  SPY: 4,320 contracts -> SPY__185216.parquet
2026-09-11T18:53:22+00:00  SPY: spot 765.50  netGEX(win) -1.28Bn  flip 765.6662  walls 775.0/750.0  negative  RR25 -0.0445 (STEEP)  P/C 1.3007
2026-09-11T18:53:23+00:00  QQQ: 4,198 contracts -> QQQ__185219.parquet
2026-09-11T18:53:23+00:00  QQQ: spot 716.60  netGEX(win) 1.66Bn  flip 713.9882  walls 725.0/700.0  positive  RR25 -0.0525 (STEEP)  P/C 1.4169
2026-09-11T18:53:23+00:00  IWM: 2,384 contracts -> IWM__185218.parquet
2026-09-11T18:53:23+00:00  IWM: spot 289.43  netGEX(win) -4.46Bn  flip 294.9326  walls 295.0/285.0  negative  RR25 -0.0472 (STEEP)  P/C 1.7813
2026-09-11T18:53:23+00:00  appended 4 state row(s)
2026-09-11T18:53:24+00:00  VIX: 15.63 (-12.4% 1d, +9.7% 20d)  VIX9D: 13.82  term contango(short-cheap) -> vix_state.csv
2026-09-11T18:53:24+00:00  RV QQQ: no free Cboe daily-close series for this symbol, skipped (see RV_HISTORY)
2026-09-11T18:53:24+00:00  --- intraday done  ok=4  skipped=0  failed=0  vix=written
2026-09-11T19:11:14+00:00  --- intraday capture  symbols=SPX SPY QQQ IWM
2026-09-11T19:11:15+00:00  SPX: 11,242 contracts -> SPX__191045.parquet
2026-09-11T19:11:15+00:00  SPX: spot 7,665.30  netGEX(win) 9.96Bn  flip 7659.5127  walls 7750.0/7500.0  positive  RR25 -0.0441 (STEEP)  P/C 1.0912
2026-09-11T19:11:16+00:00  SPY: 4,288 contracts -> SPY__191049.parquet
2026-09-11T19:11:16+00:00  SPY: spot 765.18  netGEX(win) -1.84Bn  flip 765.1098  walls 775.0/750.0  negative  RR25 -0.0464 (STEEP)  P/C 1.3102
2026-09-11T19:11:17+00:00  QQQ: 4,196 contracts -> QQQ__191020.parquet
2026-09-11T19:11:17+00:00  QQQ: spot 715.93  netGEX(win) 1.64Bn  flip 713.5593  walls 725.0/700.0  positive  RR25 -0.0529 (STEEP)  P/C 1.4278
2026-09-11T19:11:17+00:00  IWM: 2,388 contracts -> IWM__191019.parquet
2026-09-11T19:11:17+00:00  IWM: spot 289.33  netGEX(win) -4.40Bn  flip 294.8883  walls 295.0/285.0  negative  RR25 -0.0465 (STEEP)  P/C 1.8162
2026-09-11T19:11:17+00:00  appended 4 state row(s)
2026-09-11T19:11:18+00:00  VIX: 15.80 (-11.4% 1d, +10.9% 20d)  VIX9D: 14.10  term contango(short-cheap) -> vix_state.csv
2026-09-11T19:11:18+00:00  RV QQQ: no free Cboe daily-close series for this symbol, skipped (see RV_HISTORY)
2026-09-11T19:11:18+00:00  --- intraday done  ok=4  skipped=0  failed=0  vix=written
2026-09-11T19:26:07+00:00  --- intraday capture  symbols=SPX SPY QQQ IWM
2026-09-11T19:26:09+00:00  SPX: 11,244 contracts -> SPX__192537.parquet
2026-09-11T19:26:09+00:00  SPX: spot 7,660.54  netGEX(win) 3.19Bn  flip 7660.2004  walls 7750.0/7500.0  positive  RR25 -0.0454 (STEEP)  P/C 1.1009
2026-09-11T19:26:10+00:00  SPY: 4,320 contracts -> SPY__192517.parquet
2026-09-11T19:26:10+00:00  SPY: spot 764.70  netGEX(win) -2.43Bn  flip 764.6998  walls 775.0/750.0  negative  RR25 -0.0457 (STEEP)  P/C 1.3026
2026-09-11T19:26:10+00:00  QQQ: 4,194 contracts -> QQQ__192520.parquet
2026-09-11T19:26:10+00:00  QQQ: spot 715.59  netGEX(win) 1.75Bn  flip 713.4171  walls 725.0/700.0  positive  RR25 -0.0534 (STEEP)  P/C 1.4249
2026-09-11T19:26:11+00:00  IWM: 2,388 contracts -> IWM__192520.parquet
2026-09-11T19:26:11+00:00  IWM: spot 289.14  netGEX(win) -4.36Bn  flip 295.4933  walls 295.0/285.0  negative  RR25 -0.0472 (STEEP)  P/C 1.7925
2026-09-11T19:26:11+00:00  appended 4 state row(s)
2026-09-11T19:26:11+00:00  VIX: 15.91 (-10.8% 1d, +11.6% 20d)  VIX9D: 14.32  term contango(short-cheap) -> vix_state.csv
2026-09-11T19:26:11+00:00  RV QQQ: no free Cboe daily-close series for this symbol, skipped (see RV_HISTORY)
2026-09-11T19:26:11+00:00  --- intraday done  ok=4  skipped=0  failed=0  vix=written
2026-09-11T19:40:08+00:00  --- intraday capture  symbols=SPX SPY QQQ IWM
2026-09-11T19:40:10+00:00  SPX: 11,242 contracts -> SPX__193938.parquet
2026-09-11T19:40:10+00:00  SPX: spot 7,665.13  netGEX(win) 11.60Bn  flip 7661.1718  walls 7750.0/7500.0  positive  RR25 -0.0444 (STEEP)  P/C 1.1149
2026-09-11T19:40:11+00:00  SPY: 4,288 contracts -> SPY__193918.parquet
2026-09-11T19:40:11+00:00  SPY: spot 765.12  netGEX(win) -1.20Bn  flip 764.8156  walls 775.0/750.0  negative  RR25 -0.047 (STEEP)  P/C 1.2965
2026-09-11T19:40:12+00:00  QQQ: 4,196 contracts -> QQQ__193920.parquet
2026-09-11T19:40:12+00:00  QQQ: spot 715.76  netGEX(win) 1.80Bn  flip 713.5808  walls 725.0/700.0  positive  RR25 -0.0545 (STEEP)  P/C 1.4289
2026-09-11T19:40:13+00:00  IWM: 2,388 contracts -> IWM__193920.parquet
2026-09-11T19:40:13+00:00  IWM: spot 289.08  netGEX(win) -4.35Bn  flip 295.1988  walls 295.0/285.0  negative  RR25 -0.0465 (STEEP)  P/C 1.8163
2026-09-11T19:40:13+00:00  appended 4 state row(s)
2026-09-11T19:40:14+00:00  VIX: 15.86 (-11.1% 1d, +11.3% 20d)  VIX9D: 14.30  term contango(short-cheap) -> vix_state.csv
2026-09-11T19:40:14+00:00  RV QQQ: no free Cboe daily-close series for this symbol, skipped (see RV_HISTORY)
2026-09-11T19:40:14+00:00  --- intraday done  ok=4  skipped=0  failed=0  vix=written
2026-09-11T19:51:40+00:00  --- intraday capture  symbols=SPX SPY QQQ IWM
2026-09-11T19:51:41+00:00  SPX: 11,244 contracts -> SPX__195119.parquet
2026-09-11T19:51:41+00:00  SPX: spot 7,662.84  netGEX(win) 8.36Bn  flip 7660.3533  walls 7750.0/7500.0  positive  RR25 -0.0443 (STEEP)  P/C 1.1259
2026-09-11T19:51:42+00:00  SPY: 4,288 contracts -> SPY__195118.parquet
2026-09-11T19:51:42+00:00  SPY: spot 764.91  netGEX(win) -1.37Bn  flip 764.2832  walls 775.0/750.0  negative  RR25 -0.0465 (STEEP)  P/C 1.2997
2026-09-11T19:51:43+00:00  QQQ: 4,194 contracts -> QQQ__195121.parquet
2026-09-11T19:51:43+00:00  QQQ: spot 715.60  netGEX(win) 1.97Bn  flip 713.4074  walls 725.0/700.0  positive  RR25 -0.0536 (STEEP)  P/C 1.4415
2026-09-11T19:51:43+00:00  IWM: 2,388 contracts -> IWM__195121.parquet
2026-09-11T19:51:43+00:00  IWM: spot 289.19  netGEX(win) -4.33Bn  flip 294.6408  walls 295.0/285.0  negative  RR25 -0.0463 (STEEP)  P/C 1.8198
2026-09-11T19:51:43+00:00  appended 4 state row(s)
2026-09-11T19:51:44+00:00  VIX: 15.93 (-10.7% 1d, +11.8% 20d)  VIX9D: 14.50  term contango(short-cheap) -> vix_state.csv
2026-09-11T19:51:44+00:00  RV QQQ: no free Cboe daily-close series for this symbol, skipped (see RV_HISTORY)
2026-09-11T19:51:44+00:00  --- intraday done  ok=4  skipped=0  failed=0  vix=written
2026-09-11T20:12:41+00:00  --- intraday capture  symbols=SPX SPY QQQ IWM
2026-09-11T20:12:42+00:00  SPX: 10,706 contracts -> SPX__201220.parquet
2026-09-11T20:12:43+00:00  SPX: spot 7,658.84  netGEX(win) -11.77Bn  flip 7678.5823  walls 7750.0/7500.0  negative  RR25 -0.0453 (STEEP)  P/C 1.4113
2026-09-11T20:12:43+00:00  SPY: 4,012 contracts -> SPY__201219.parquet
2026-09-11T20:12:43+00:00  SPY: spot 764.52  netGEX(win) -4.81Bn  flip 768.7011  walls 775.0/750.0  negative  RR25 -0.0452 (STEEP)  P/C 1.6487
2026-09-11T20:12:44+00:00  QQQ: 3,900 contracts -> QQQ__201222.parquet
2026-09-11T20:12:44+00:00  QQQ: spot 715.41  netGEX(win) -1.36Bn  flip 718.9998  walls 725.0/700.0  negative  RR25 -0.0559 (STEEP)  P/C 1.6932
2026-09-11T20:12:45+00:00  IWM: 2,204 contracts -> IWM__201221.parquet
2026-09-11T20:12:45+00:00  IWM: spot 289.11  netGEX(win) -3.56Bn  flip 296.9468  walls 295.0/285.0  negative  RR25 -0.0513 (STEEP)  P/C 2.6847
2026-09-11T20:12:45+00:00  appended 4 state row(s)
2026-09-11T20:12:45+00:00  VIX: 15.85 (-11.2% 1d, +11.2% 20d)  VIX9D: 14.42  term contango(short-cheap) -> vix_state.csv
2026-09-11T20:12:45+00:00  RV QQQ: no free Cboe daily-close series for this symbol, skipped (see RV_HISTORY)
2026-09-11T20:12:45+00:00  --- intraday done  ok=4  skipped=0  failed=0  vix=written
2026-09-11T20:29:28+00:00  --- intraday capture  symbols=SPX SPY QQQ IWM
2026-09-11T20:29:30+00:00  SPX: 10,716 contracts -> SPX__202840.parquet
2026-09-11T20:29:30+00:00  SPX: spot 7,656.98  netGEX(win) -13.47Bn  flip 7676.9139  walls 7750.0/7500.0  negative  RR25 -0.0453 (STEEP)  P/C 1.4444
2026-09-11T20:29:31+00:00  SPY: 4,012 contracts -> SPY__202819.parquet
2026-09-11T20:29:31+00:00  SPY: spot 764.32  netGEX(win) -5.02Bn  flip 768.8697  walls 775.0/750.0  negative  RR25 -0.0454 (STEEP)  P/C 1.6631
2026-09-11T20:29:32+00:00  QQQ: 3,898 contracts -> QQQ__202822.parquet
2026-09-11T20:29:32+00:00  QQQ: spot 714.74  netGEX(win) -1.58Bn  flip 718.8672  walls 725.0/700.0  negative  RR25 -0.0539 (STEEP)  P/C 1.6542
2026-09-11T20:29:32+00:00  IWM: 2,204 contracts -> IWM__202822.parquet
2026-09-11T20:29:32+00:00  IWM: spot 289.15  netGEX(win) -3.56Bn  flip 296.8246  walls 295.0/285.0  negative  RR25 -0.0507 (STEEP)  P/C 3.1514
2026-09-11T20:29:32+00:00  appended 4 state row(s)
2026-09-11T20:29:33+00:00  VIX: 15.85 (-11.2% 1d, +11.2% 20d)  VIX9D: 14.46  term contango(short-cheap) -> vix_state.csv
2026-09-11T20:29:33+00:00  RV QQQ: no free Cboe daily-close series for this symbol, skipped (see RV_HISTORY)
2026-09-11T20:29:33+00:00  --- intraday done  ok=4  skipped=0  failed=0  vix=written
2026-09-11T20:44:44+00:00  --- intraday capture  symbols=SPX SPY QQQ IWM
2026-09-11T20:44:45+00:00  SPX: 10,716 contracts -> SPX__204441.parquet
2026-09-11T20:44:45+00:00  SPX: spot 7,656.98  netGEX(win) -12.74Bn  flip 7676.8534  walls 7750.0/7500.0  negative  RR25 -0.045 (STEEP)  P/C 1.4471
2026-09-11T20:44:46+00:00  SPY: 4,012 contracts -> SPY__204420.parquet
2026-09-11T20:44:46+00:00  SPY: spot 764.37  netGEX(win) -4.97Bn  flip 768.8097  walls 775.0/750.0  negative  RR25 -0.0452 (STEEP)  P/C 1.6557
2026-09-11T20:44:47+00:00  QQQ: 3,900 contracts -> QQQ__204423.parquet
2026-09-11T20:44:47+00:00  QQQ: spot 714.90  netGEX(win) -1.58Bn  flip 718.9003  walls 725.0/700.0  negative  RR25 -0.0546 (STEEP)  P/C 1.6475
2026-09-11T20:44:48+00:00  IWM: 2,204 contracts -> IWM__204422.parquet
2026-09-11T20:44:48+00:00  IWM: spot 289.17  netGEX(win) -3.55Bn  flip 296.8908  walls 295.0/285.0  negative  RR25 -0.0509 (STEEP)  P/C 3.1448
2026-09-11T20:44:48+00:00  appended 4 state row(s)
2026-09-11T20:44:49+00:00  VIX: 15.84 (-11.2% 1d, +11.2% 20d)  VIX9D: 14.47  term contango(short-cheap) -> vix_state.csv
2026-09-11T20:44:49+00:00  RV QQQ: no free Cboe daily-close series for this symbol, skipped (see RV_HISTORY)
2026-09-11T20:44:49+00:00  --- intraday done  ok=4  skipped=0  failed=0  vix=written
2026-09-11T20:56:39+00:00  --- intraday capture  symbols=SPX SPY QQQ IWM
2026-09-11T20:56:41+00:00  SPX: 10,716 contracts -> SPX__205621.parquet
2026-09-11T20:56:41+00:00  SPX: spot 7,656.98  netGEX(win) -12.54Bn  flip 7678.4558  walls 7750.0/7500.0  negative  RR25 -0.0452 (STEEP)  P/C 1.4471
2026-09-11T20:56:42+00:00  SPY: 4,012 contracts -> SPY__205620.parquet
2026-09-11T20:56:42+00:00  SPY: spot 764.45  netGEX(win) -4.97Bn  flip 768.8073  walls 775.0/750.0  negative  RR25 -0.0452 (STEEP)  P/C 1.6557
2026-09-11T20:56:43+00:00  QQQ: 3,900 contracts -> QQQ__205623.parquet
2026-09-11T20:56:43+00:00  QQQ: spot 714.98  netGEX(win) -1.58Bn  flip 718.8983  walls 725.0/700.0  negative  RR25 -0.0546 (STEEP)  P/C 1.6475
2026-09-11T20:56:43+00:00  IWM: 2,204 contracts -> IWM__205623.parquet
2026-09-11T20:56:43+00:00  IWM: spot 289.05  netGEX(win) -3.55Bn  flip 296.8883  walls 295.0/285.0  negative  RR25 -0.0509 (STEEP)  P/C 3.1448
2026-09-11T20:56:43+00:00  appended 4 state row(s)
2026-09-11T20:56:43+00:00  VIX: feed_ts 2026-09-11T16:15:01 unchanged, skipping (phantom bar avoided)
2026-09-11T20:56:43+00:00  RV QQQ: no free Cboe daily-close series for this symbol, skipped (see RV_HISTORY)
2026-09-11T20:56:43+00:00  --- intraday done  ok=4  skipped=0  failed=0
2026-09-14T13:15:14+00:00  --- intraday capture  symbols=SPX SPY QQQ IWM
2026-09-14T13:15:16+00:00  SPX: greek fill gamma 71.9% / iv 95.6%
2026-09-14T13:15:16+00:00  SPX: 11,060 contracts -> SPX__131420.parquet
2026-09-14T13:15:16+00:00  SPX: spot 7,656.98  netGEX(win) -60.01Bn  flip 7658.7194  walls 7500.0/7500.0  negative  RR25 -0.0538 (STEEP)  P/C 1.4471
2026-09-14T13:15:16+00:00  SPY: greek fill gamma 84.2% / iv 83.3%
2026-09-14T13:15:17+00:00  SPY: 4,058 contracts -> SPY__131414.parquet
2026-09-14T13:15:17+00:00  SPY: spot 758.91  netGEX(win) -7.81Bn  flip 767.2981  walls 770.0/750.0  negative  RR25 -0.0477 (STEEP)  P/C 1.6582
2026-09-14T13:15:18+00:00  QQQ: greek fill gamma 77.1% / iv 83.0%
2026-09-14T13:15:18+00:00  QQQ: 3,906 contracts -> QQQ__131404.parquet
2026-09-14T13:15:18+00:00  QQQ: spot 702.59  netGEX(win) -2.81Bn  flip 717.746  walls 720.0/710.0  negative  RR25 -0.0563 (STEEP)  P/C 1.6536
2026-09-14T13:15:18+00:00  IWM: greek fill gamma 82.7% / iv 72.1%
2026-09-14T13:15:18+00:00  IWM: 2,286 contracts -> IWM__131409.parquet
2026-09-14T13:15:18+00:00  IWM: spot 287.36  netGEX(win) -3.67Bn  flip 296.4014  walls 295.0/283.0  negative  RR25 -0.052 (STEEP)  P/C 3.1594
2026-09-14T13:15:18+00:00  appended 4 state row(s)
2026-09-14T13:15:19+00:00  VIX: 17.74 (+12.0% 1d, +16.8% 20d)  VIX9D: 14.47  term unreliable(vix9d-stale) -> vix_state.csv
2026-09-14T13:15:19+00:00  RV SPX: HV20 8.99%  down/up 0.73x  through 2026-09-11  (13,032 closes)
2026-09-14T13:15:19+00:00  RV SPY (via SPX): HV20 8.99%  down/up 0.73x  through 2026-09-11  (13,032 closes)
2026-09-14T13:15:19+00:00  RV QQQ: no free Cboe daily-close series for this symbol, skipped (see RV_HISTORY)
2026-09-14T13:15:20+00:00  RV IWM (via RUT): HV20 13.24%  down/up 1.06x  through 2026-09-11  (1,453 closes)
2026-09-14T13:15:20+00:00  appended 3 realized-vol row(s) -> realized_vol.csv
2026-09-14T13:15:20+00:00  --- intraday done  ok=4  skipped=0  failed=0  vix=written  rv=3
2026-09-14T13:35:07+00:00  --- intraday capture  symbols=SPX SPY QQQ IWM
2026-09-14T13:35:09+00:00  SPX: greek fill gamma 71.8% / iv 96.1%
2026-09-14T13:35:09+00:00  SPX: 11,060 contracts -> SPX__133421.parquet
2026-09-14T13:35:09+00:00  SPX: spot 7,656.98  netGEX(win) -59.68Bn  flip 7662.0533  walls 7500.0/7500.0  negative  RR25 -0.0539 (STEEP)  P/C 1.4471
2026-09-14T13:35:10+00:00  SPY: greek fill gamma 84.2% / iv 83.3%
2026-09-14T13:35:10+00:00  SPY: 4,058 contracts -> SPY__133415.parquet
2026-09-14T13:35:10+00:00  SPY: spot 759.11  netGEX(win) -7.81Bn  flip 767.2961  walls 770.0/750.0  negative  RR25 -0.0477 (STEEP)  P/C 1.6582
2026-09-14T13:35:10+00:00  QQQ: greek fill gamma 77.1% / iv 83.0%
2026-09-14T13:35:10+00:00  QQQ: 3,908 contracts -> QQQ__133404.parquet
2026-09-14T13:35:10+00:00  QQQ: spot 703.32  netGEX(win) -2.81Bn  flip 717.7319  walls 720.0/690.0  negative  RR25 -0.0563 (STEEP)  P/C 1.6536
2026-09-14T13:35:11+00:00  IWM: greek fill gamma 82.7% / iv 72.1%
2026-09-14T13:35:11+00:00  IWM: 2,286 contracts -> IWM__133410.parquet
2026-09-14T13:35:11+00:00  IWM: spot 287.67  netGEX(win) -3.68Bn  flip 296.4063  walls 295.0/283.0  negative  RR25 -0.052 (STEEP)  P/C 3.1594
2026-09-14T13:35:11+00:00  appended 4 state row(s)
2026-09-14T13:35:11+00:00  VIX: 17.66 (+11.5% 1d, +16.3% 20d)  VIX9D: 14.47  term unreliable(vix9d-stale) -> vix_state.csv
2026-09-14T13:35:11+00:00  RV QQQ: no free Cboe daily-close series for this symbol, skipped (see RV_HISTORY)
2026-09-14T13:35:11+00:00  --- intraday done  ok=4  skipped=0  failed=0  vix=written
2026-09-14T13:55:29+00:00  --- intraday capture  symbols=SPX SPY QQQ IWM
2026-09-14T13:55:30+00:00  SPX: greek fill gamma 71.6% / iv 92.4%
2026-09-14T13:55:31+00:00  SPX: 11,098 contracts -> SPX__135522.parquet
2026-09-14T13:55:31+00:00  SPX: spot 7,601.42  netGEX(win) -63.77Bn  flip 7661.0422  walls 7700.0/7500.0  negative  RR25 -0.0545 (STEEP)  P/C 1.4171
2026-09-14T13:55:31+00:00  SPY: greek fill gamma 84.1% / iv 89.7%
2026-09-14T13:55:31+00:00  SPY: 4,088 contracts -> SPY__135515.parquet
2026-09-14T13:55:31+00:00  SPY: spot 758.77  netGEX(win) -14.95Bn  flip 767.6435  walls 770.0/750.0  negative  RR25 -0.0555 (STEEP)  P/C 1.7585
2026-09-14T13:55:32+00:00  QQQ: greek fill gamma 73.2% / iv 83.3%
2026-09-14T13:55:32+00:00  QQQ: 3,908 contracts -> QQQ__135505.parquet
2026-09-14T13:55:32+00:00  QQQ: spot 702.94  netGEX(win) -7.56Bn  flip 716.2673  walls 710.0/690.0  negative  RR25 -0.0676 (STEEP)  P/C 1.349
2026-09-14T13:55:33+00:00  IWM: greek fill gamma 74.7% / iv 71.0%
2026-09-14T13:55:33+00:00  IWM: 2,266 contracts -> IWM__135510.parquet
2026-09-14T13:55:33+00:00  IWM: spot 288.32  netGEX(win) -4.13Bn  flip 296.518  walls 285.0/285.0  negative  RR25 -0.0553 (STEEP)  P/C 2.2803
2026-09-14T13:55:33+00:00  appended 4 state row(s)
2026-09-14T13:55:34+00:00  VIX: 17.70 (+11.7% 1d, +16.5% 20d)  VIX9D: 17.44  term contango(short-cheap) -> vix_state.csv
2026-09-14T13:55:34+00:00  RV QQQ: no free Cboe daily-close series for this symbol, skipped (see RV_HISTORY)
2026-09-14T13:55:34+00:00  --- intraday done  ok=4  skipped=0  failed=0  vix=written
2026-09-14T14:17:20+00:00  --- intraday capture  symbols=SPX SPY QQQ IWM
2026-09-14T14:17:22+00:00  SPX: greek fill gamma 71.3% / iv 90.3%
2026-09-14T14:17:22+00:00  SPX: 11,096 contracts -> SPX__141623.parquet
2026-09-14T14:17:22+00:00  SPX: spot 7,616.30  netGEX(win) -54.37Bn  flip 7663.9492  walls 7700.0/7500.0  negative  RR25 -0.0529 (STEEP)  P/C 1.0327
2026-09-14T14:17:22+00:00  SPY: greek fill gamma 83.9% / iv 86.5%
2026-09-14T14:17:22+00:00  SPY: 4,054 contracts -> SPY__141616.parquet
2026-09-14T14:17:22+00:00  SPY: spot 760.22  netGEX(win) -13.76Bn  flip 767.7527  walls 770.0/750.0  negative  RR25 -0.0537 (STEEP)  P/C 1.2179
2026-09-14T14:17:23+00:00  QQQ: greek fill gamma 74.8% / iv 87.9%
2026-09-14T14:17:23+00:00  QQQ: 3,914 contracts -> QQQ__141706.parquet
2026-09-14T14:17:23+00:00  QQQ: spot 706.52  netGEX(win) -6.96Bn  flip 717.7823  walls 720.0/690.0  negative  RR25 -0.0629 (STEEP)  P/C 1.0534
2026-09-14T14:17:23+00:00  IWM: greek fill gamma 74.1% / iv 70.8%
2026-09-14T14:17:23+00:00  IWM: 2,266 contracts -> IWM__141711.parquet
2026-09-14T14:17:23+00:00  IWM: spot 288.28  netGEX(win) -4.15Bn  flip 296.441  walls 285.0/285.0  negative  RR25 -0.0527 (STEEP)  P/C 1.5993
2026-09-14T14:17:23+00:00  appended 4 state row(s)
2026-09-14T14:17:24+00:00  VIX: 17.37 (+9.7% 1d, +14.4% 20d)  VIX9D: 16.92  term contango(short-cheap) -> vix_state.csv
2026-09-14T14:17:24+00:00  RV QQQ: no free Cboe daily-close series for this symbol, skipped (see RV_HISTORY)
2026-09-14T14:17:24+00:00  --- intraday done  ok=4  skipped=0  failed=0  vix=written
2026-09-14T14:34:26+00:00  --- intraday capture  symbols=SPX SPY QQQ IWM
2026-09-14T14:34:28+00:00  SPX: greek fill gamma 71.2% / iv 90.5%
2026-09-14T14:34:28+00:00  SPX: 11,096 contracts -> SPX__143413.parquet
2026-09-14T14:34:28+00:00  SPX: spot 7,612.34  netGEX(win) -57.86Bn  flip 7661.0351  walls 7700.0/7500.0  negative  RR25 -0.0502 (STEEP)  P/C 0.9762
2026-09-14T14:34:28+00:00  SPY: greek fill gamma 83.6% / iv 83.2%
2026-09-14T14:34:29+00:00  SPY: 4,058 contracts -> SPY__143417.parquet
2026-09-14T14:34:29+00:00  SPY: spot 759.83  netGEX(win) -14.13Bn  flip 767.6804  walls 770.0/750.0  negative  RR25 -0.0533 (STEEP)  P/C 1.245
2026-09-14T14:34:29+00:00  QQQ: greek fill gamma 75.1% / iv 85.1%
2026-09-14T14:34:29+00:00  QQQ: 3,914 contracts -> QQQ__143406.parquet
2026-09-14T14:34:29+00:00  QQQ: spot 706.43  netGEX(win) -7.06Bn  flip 716.6444  walls 720.0/690.0  negative  RR25 -0.0633 (STEEP)  P/C 1.0733
2026-09-14T14:34:30+00:00  IWM: greek fill gamma 73.5% / iv 79.9%
2026-09-14T14:34:30+00:00  IWM: 2,266 contracts -> IWM__143412.parquet
2026-09-14T14:34:30+00:00  IWM: spot 288.35  netGEX(win) -4.18Bn  flip 296.3524  walls 285.0/285.0  negative  RR25 -0.0532 (STEEP)  P/C 1.718
2026-09-14T14:34:30+00:00  appended 4 state row(s)
2026-09-14T14:34:30+00:00  VIX: 17.31 (+9.3% 1d, +14.0% 20d)  VIX9D: 16.85  term contango(short-cheap) -> vix_state.csv
2026-09-14T14:34:30+00:00  RV QQQ: no free Cboe daily-close series for this symbol, skipped (see RV_HISTORY)
2026-09-14T14:34:30+00:00  --- intraday done  ok=4  skipped=0  failed=0  vix=written
2026-09-14T14:59:08+00:00  --- intraday capture  symbols=SPX SPY QQQ IWM
2026-09-14T14:59:10+00:00  SPX: greek fill gamma 71.5% / iv 91.2%
2026-09-14T14:59:10+00:00  SPX: 11,108 contracts -> SPX__145824.parquet
2026-09-14T14:59:10+00:00  SPX: spot 7,595.76  netGEX(win) -68.13Bn  flip 7659.9808  walls 7700.0/7500.0  negative  RR25 -0.054 (STEEP)  P/C 1.0187
2026-09-14T14:59:11+00:00  SPY: greek fill gamma 84.0% / iv 81.1%
2026-09-14T14:59:11+00:00  SPY: 4,088 contracts -> SPY__145818.parquet
2026-09-14T14:59:11+00:00  SPY: spot 758.27  netGEX(win) -15.24Bn  flip 766.4827  walls 770.0/750.0  negative  RR25 -0.0545 (STEEP)  P/C 1.3127
2026-09-14T14:59:12+00:00  QQQ: greek fill gamma 74.9% / iv 81.5%
2026-09-14T14:59:12+00:00  QQQ: 3,940 contracts -> QQQ__145807.parquet
2026-09-14T14:59:12+00:00  QQQ: spot 705.09  netGEX(win) -7.45Bn  flip 715.5206  walls 720.0/690.0  negative  RR25 -0.0648 (STEEP)  P/C 1.1973
2026-09-14T14:59:13+00:00  IWM: greek fill gamma 74.2% / iv 79.5%
2026-09-14T14:59:13+00:00  IWM: 2,286 contracts -> IWM__145813.parquet
2026-09-14T14:59:13+00:00  IWM: spot 287.54  netGEX(win) -4.39Bn  flip 296.3678  walls 295.0/283.0  negative  RR25 -0.0554 (STEEP)  P/C 1.8967
2026-09-14T14:59:13+00:00  appended 4 state row(s)
2026-09-14T14:59:14+00:00  VIX: 17.58 (+11.0% 1d, +15.7% 20d)  VIX9D: 17.35  term contango(short-cheap) -> vix_state.csv
2026-09-14T14:59:14+00:00  RV QQQ: no free Cboe daily-close series for this symbol, skipped (see RV_HISTORY)
2026-09-14T14:59:14+00:00  --- intraday done  ok=4  skipped=0  failed=0  vix=written
2026-09-14T15:20:18+00:00  --- intraday capture  symbols=SPX SPY QQQ IWM
2026-09-14T15:20:20+00:00  SPX: greek fill gamma 71.3% / iv 93.7%
2026-09-14T15:20:20+00:00  SPX: 11,108 contracts -> SPX__151925.parquet
2026-09-14T15:20:20+00:00  SPX: spot 7,597.18  netGEX(win) -68.36Bn  flip 7658.6202  walls 7700.0/7500.0  negative  RR25 -0.0544 (STEEP)  P/C 1.0182
2026-09-14T15:20:21+00:00  SPY: greek fill gamma 83.9% / iv 82.7%
2026-09-14T15:20:21+00:00  SPY: 4,088 contracts -> SPY__151918.parquet
2026-09-14T15:20:21+00:00  SPY: spot 758.43  netGEX(win) -15.40Bn  flip 767.2226  walls 770.0/750.0  negative  RR25 -0.0549 (STEEP)  P/C 1.2713
2026-09-14T15:20:22+00:00  QQQ: greek fill gamma 74.9% / iv 82.0%
2026-09-14T15:20:22+00:00  QQQ: 3,942 contracts -> QQQ__151908.parquet
2026-09-14T15:20:22+00:00  QQQ: spot 705.71  netGEX(win) -7.44Bn  flip 717.8696  walls 720.0/690.0  negative  RR25 -0.0634 (STEEP)  P/C 1.1922
2026-09-14T15:20:22+00:00  IWM: greek fill gamma 75.0% / iv 79.4%
2026-09-14T15:20:22+00:00  IWM: 2,286 contracts -> IWM__151913.parquet
2026-09-14T15:20:22+00:00  IWM: spot 287.28  netGEX(win) -4.47Bn  flip 296.3382  walls 295.0/283.0  negative  RR25 -0.0578 (STEEP)  P/C 2.0168
2026-09-14T15:20:22+00:00  appended 4 state row(s)
2026-09-14T15:20:23+00:00  VIX: 17.51 (+10.5% 1d, +15.3% 20d)  VIX9D: 17.23  term contango(short-cheap) -> vix_state.csv
2026-09-14T15:20:23+00:00  RV QQQ: no free Cboe daily-close series for this symbol, skipped (see RV_HISTORY)
2026-09-14T15:20:23+00:00  --- intraday done  ok=4  skipped=0  failed=0  vix=written
2026-09-14T15:43:53+00:00  --- intraday capture  symbols=SPX SPY QQQ IWM
2026-09-14T15:43:54+00:00  SPX: greek fill gamma 71.1% / iv 90.4%
2026-09-14T15:43:54+00:00  SPX: 11,106 contracts -> SPX__154331.parquet
2026-09-14T15:43:54+00:00  SPX: spot 7,609.29  netGEX(win) -60.74Bn  flip 7659.8756  walls 7700.0/7500.0  negative  RR25 -0.0509 (STEEP)  P/C 0.9984
2026-09-14T15:43:55+00:00  SPY: greek fill gamma 83.8% / iv 81.3%
2026-09-14T15:43:55+00:00  SPY: 4,058 contracts -> SPY__154319.parquet
2026-09-14T15:43:55+00:00  SPY: spot 759.74  netGEX(win) -14.68Bn  flip 767.42  walls 770.0/750.0  negative  RR25 -0.053 (STEEP)  P/C 1.1603
2026-09-14T15:43:56+00:00  QQQ: greek fill gamma 74.9% / iv 88.8%
2026-09-14T15:43:56+00:00  QQQ: 3,916 contracts -> QQQ__154309.parquet
2026-09-14T15:43:56+00:00  QQQ: spot 707.56  netGEX(win) -7.01Bn  flip 716.83  walls 720.0/700.0  negative  RR25 -0.0632 (STEEP)  P/C 1.1664
2026-09-14T15:43:56+00:00  IWM: greek fill gamma 75.3% / iv 77.6%
2026-09-14T15:43:56+00:00  IWM: 2,286 contracts -> IWM__154314.parquet
2026-09-14T15:43:56+00:00  IWM: spot 287.43  netGEX(win) -4.54Bn  flip 296.3577  walls 295.0/283.0  negative  RR25 -0.054 (STEEP)  P/C 2.0871
2026-09-14T15:43:56+00:00  appended 4 state row(s)
2026-09-14T15:43:57+00:00  VIX: 17.16 (+8.3% 1d, +13.0% 20d)  VIX9D: 16.72  term contango(short-cheap) -> vix_state.csv
2026-09-14T15:43:57+00:00  RV QQQ: no free Cboe daily-close series for this symbol, skipped (see RV_HISTORY)
2026-09-14T15:43:57+00:00  --- intraday done  ok=4  skipped=0  failed=0  vix=written
2026-09-14T15:56:47+00:00  --- intraday capture  symbols=SPX SPY QQQ IWM
2026-09-14T15:56:48+00:00  SPX: greek fill gamma 70.9% / iv 88.1%
2026-09-14T15:56:48+00:00  SPX: 11,070 contracts -> SPX__155627.parquet
2026-09-14T15:56:48+00:00  SPX: spot 7,626.30  netGEX(win) -46.50Bn  flip 7663.6938  walls 7500.0/7500.0  negative  RR25 -0.0492 (STEEP)  P/C 0.9646
2026-09-14T15:56:49+00:00  SPY: greek fill gamma 83.5% / iv 82.0%
2026-09-14T15:56:49+00:00  SPY: 4,080 contracts -> SPY__155620.parquet
2026-09-14T15:56:49+00:00  SPY: spot 761.27  netGEX(win) -13.13Bn  flip 767.5528  walls 770.0/750.0  negative  RR25 -0.0514 (STEEP)  P/C 1.1155
2026-09-14T15:56:50+00:00  QQQ: greek fill gamma 77.7% / iv 92.6%
2026-09-14T15:56:50+00:00  QQQ: 3,950 contracts -> QQQ__155609.parquet
2026-09-14T15:56:50+00:00  QQQ: spot 709.83  netGEX(win) -6.10Bn  flip 716.6481  walls 720.0/700.0  negative  RR25 -0.0607 (STEEP)  P/C 1.1651
2026-09-14T15:56:50+00:00  IWM: greek fill gamma 73.9% / iv 75.0%
2026-09-14T15:56:50+00:00  IWM: 2,296 contracts -> IWM__155615.parquet
2026-09-14T15:56:50+00:00  IWM: spot 288.19  netGEX(win) -4.33Bn  flip 296.8146  walls 285.0/285.0  negative  RR25 -0.052 (STEEP)  P/C 1.8456
2026-09-14T15:56:50+00:00  appended 4 state row(s)
2026-09-14T15:56:51+00:00  VIX: 16.87 (+6.5% 1d, +11.1% 20d)  VIX9D: 16.43  term contango(short-cheap) -> vix_state.csv
2026-09-14T15:56:51+00:00  RV QQQ: no free Cboe daily-close series for this symbol, skipped (see RV_HISTORY)
2026-09-14T15:56:51+00:00  --- intraday done  ok=4  skipped=0  failed=0  vix=written
2026-09-14T16:15:53+00:00  --- intraday capture  symbols=SPX SPY QQQ IWM
2026-09-14T16:15:54+00:00  SPX: greek fill gamma 70.7% / iv 91.2%
2026-09-14T16:15:54+00:00  SPX: 11,074 contracts -> SPX__161527.parquet
2026-09-14T16:15:54+00:00  SPX: spot 7,631.75  netGEX(win) -42.30Bn  flip 7664.22  walls 7500.0/7500.0  negative  RR25 -0.0488 (STEEP)  P/C 0.938
2026-09-14T16:15:55+00:00  SPY: greek fill gamma 82.7% / iv 85.8%
2026-09-14T16:15:55+00:00  SPY: 4,080 contracts -> SPY__161520.parquet
2026-09-14T16:15:55+00:00  SPY: spot 761.89  netGEX(win) -12.52Bn  flip 767.5055  walls 770.0/750.0  negative  RR25 -0.0513 (STEEP)  P/C 1.1036
2026-09-14T16:15:56+00:00  QQQ: greek fill gamma 78.1% / iv 84.1%
2026-09-14T16:15:56+00:00  QQQ: 3,950 contracts -> QQQ__161510.parquet
2026-09-14T16:15:56+00:00  QQQ: spot 709.81  netGEX(win) -6.10Bn  flip 717.4796  walls 720.0/700.0  negative  RR25 -0.0606 (STEEP)  P/C 1.1813
2026-09-14T16:15:57+00:00  IWM: greek fill gamma 73.4% / iv 78.2%
2026-09-14T16:15:57+00:00  IWM: 2,266 contracts -> IWM__161515.parquet
2026-09-14T16:15:57+00:00  IWM: spot 288.69  netGEX(win) -4.15Bn  flip 296.5354  walls 285.0/285.0  negative  RR25 -0.0521 (STEEP)  P/C 1.8693
2026-09-14T16:15:57+00:00  appended 4 state row(s)
2026-09-14T16:15:57+00:00  VIX: 16.77 (+5.9% 1d, +10.4% 20d)  VIX9D: 16.15  term contango(short-cheap) -> vix_state.csv
2026-09-14T16:15:57+00:00  RV QQQ: no free Cboe daily-close series for this symbol, skipped (see RV_HISTORY)
2026-09-14T16:15:57+00:00  --- intraday done  ok=4  skipped=0  failed=0  vix=written
2026-09-14T16:43:42+00:00  --- intraday capture  symbols=SPX SPY QQQ IWM
2026-09-14T16:43:44+00:00  SPX: greek fill gamma 70.4% / iv 90.5%
2026-09-14T16:43:44+00:00  SPX: 11,074 contracts -> SPX__164329.parquet
2026-09-14T16:43:44+00:00  SPX: spot 7,632.27  netGEX(win) -42.07Bn  flip 7664.7654  walls 7500.0/7500.0  negative  RR25 -0.0495 (STEEP)  P/C 0.9388
2026-09-14T16:43:45+00:00  SPY: greek fill gamma 81.4% / iv 86.8%
2026-09-14T16:43:45+00:00  SPY: 4,080 contracts -> SPY__164328.parquet
2026-09-14T16:43:45+00:00  SPY: spot 761.90  netGEX(win) -12.41Bn  flip 767.548  walls 770.0/750.0  negative  RR25 -0.0519 (STEEP)  P/C 1.1078
2026-09-14T16:43:46+00:00  QQQ: greek fill gamma 77.3% / iv 83.2%
2026-09-14T16:43:46+00:00  QQQ: 3,950 contracts -> QQQ__164311.parquet
2026-09-14T16:43:46+00:00  QQQ: spot 710.37  netGEX(win) -5.94Bn  flip 717.6542  walls 720.0/700.0  negative  RR25 -0.0598 (STEEP)  P/C 1.1914
2026-09-14T16:43:47+00:00  IWM: greek fill gamma 73.8% / iv 78.7%
2026-09-14T16:43:47+00:00  IWM: 2,276 contracts -> IWM__164316.parquet
2026-09-14T16:43:47+00:00  IWM: spot 289.07  netGEX(win) -3.99Bn  flip 296.3185  walls 285.0/285.0  negative  RR25 -0.0489 (STEEP)  P/C 1.8517
2026-09-14T16:43:47+00:00  appended 4 state row(s)
2026-09-14T16:43:48+00:00  VIX: 16.76 (+5.8% 1d, +10.3% 20d)  VIX9D: 16.11  term contango(short-cheap) -> vix_state.csv
2026-09-14T16:43:48+00:00  RV QQQ: no free Cboe daily-close series for this symbol, skipped (see RV_HISTORY)
2026-09-14T16:43:48+00:00  --- intraday done  ok=4  skipped=0  failed=0  vix=written
2026-09-14T16:57:55+00:00  --- intraday capture  symbols=SPX SPY QQQ IWM
2026-09-14T16:57:57+00:00  SPX: greek fill gamma 70.3% / iv 95.4%
2026-09-14T16:57:57+00:00  SPX: 11,074 contracts -> SPX__165730.parquet
2026-09-14T16:57:57+00:00  SPX: spot 7,634.11  netGEX(win) -40.77Bn  flip 7664.8059  walls 7500.0/7500.0  negative  RR25 -0.0493 (STEEP)  P/C 0.9428
2026-09-14T16:57:57+00:00  SPY: greek fill gamma 81.0% / iv 84.1%
2026-09-14T16:57:57+00:00  SPY: 4,080 contracts -> SPY__165722.parquet
2026-09-14T16:57:57+00:00  SPY: spot 762.07  netGEX(win) -12.32Bn  flip 767.5201  walls 770.0/750.0  negative  RR25 -0.0503 (STEEP)  P/C 1.1099
2026-09-14T16:57:58+00:00  QQQ: greek fill gamma 77.1% / iv 86.9%
2026-09-14T16:57:58+00:00  QQQ: 3,952 contracts -> QQQ__165711.parquet
2026-09-14T16:57:58+00:00  QQQ: spot 710.51  netGEX(win) -5.92Bn  flip 717.6309  walls 720.0/700.0  negative  RR25 -0.0601 (STEEP)  P/C 1.1902
2026-09-14T16:57:59+00:00  IWM: greek fill gamma 75.3% / iv 78.6%
2026-09-14T16:57:59+00:00  IWM: 2,276 contracts -> IWM__165717.parquet
2026-09-14T16:57:59+00:00  IWM: spot 288.90  netGEX(win) -4.07Bn  flip 296.2218  walls 285.0/285.0  negative  RR25 -0.0516 (STEEP)  P/C 1.7746
2026-09-14T16:57:59+00:00  appended 4 state row(s)
2026-09-14T16:57:59+00:00  VIX: 16.73 (+5.6% 1d, +10.1% 20d)  VIX9D: 16.03  term contango(short-cheap) -> vix_state.csv
2026-09-14T16:57:59+00:00  RV QQQ: no free Cboe daily-close series for this symbol, skipped (see RV_HISTORY)
2026-09-14T16:57:59+00:00  --- intraday done  ok=4  skipped=0  failed=0  vix=written
2026-09-14T17:15:46+00:00  --- intraday capture  symbols=SPX SPY QQQ IWM
2026-09-14T17:15:47+00:00  SPX: greek fill gamma 70.3% / iv 92.9%
2026-09-14T17:15:47+00:00  SPX: 11,062 contracts -> SPX__171531.parquet
2026-09-14T17:15:47+00:00  SPX: spot 7,642.46  netGEX(win) -31.76Bn  flip 7668.3384  walls 7750.0/7500.0  negative  RR25 -0.0494 (STEEP)  P/C 0.9367
2026-09-14T17:15:48+00:00  SPY: greek fill gamma 80.4% / iv 81.6%
2026-09-14T17:15:48+00:00  SPY: 4,076 contracts -> SPY__171523.parquet
2026-09-14T17:15:48+00:00  SPY: spot 762.91  netGEX(win) -11.15Bn  flip 767.5439  walls 775.0/750.0  negative  RR25 -0.0495 (STEEP)  P/C 1.0966
2026-09-14T17:15:49+00:00  QQQ: greek fill gamma 76.3% / iv 80.3%
2026-09-14T17:15:49+00:00  QQQ: 3,924 contracts -> QQQ__171512.parquet
2026-09-14T17:15:49+00:00  QQQ: spot 711.77  netGEX(win) -5.36Bn  flip 717.6915  walls 720.0/700.0  negative  RR25 -0.0581 (STEEP)  P/C 1.1813
2026-09-14T17:15:49+00:00  IWM: greek fill gamma 75.3% / iv 75.7%
2026-09-14T17:15:49+00:00  IWM: 2,276 contracts -> IWM__171518.parquet
2026-09-14T17:15:49+00:00  IWM: spot 289.20  netGEX(win) -3.93Bn  flip 296.0906  walls 285.0/285.0  negative  RR25 -0.0482 (STEEP)  P/C 1.7068
2026-09-14T17:15:49+00:00  appended 4 state row(s)
2026-09-14T17:15:49+00:00  VIX: 16.66 (+5.2% 1d, +9.7% 20d)  VIX9D: 16.03  term contango(short-cheap) -> vix_state.csv
2026-09-14T17:15:49+00:00  RV QQQ: no free Cboe daily-close series for this symbol, skipped (see RV_HISTORY)
2026-09-14T17:15:49+00:00  --- intraday done  ok=4  skipped=0  failed=0  vix=written
2026-09-14T17:41:57+00:00  --- intraday capture  symbols=SPX SPY QQQ IWM
2026-09-14T17:41:58+00:00  SPX: greek fill gamma 70.5% / iv 95.4%
2026-09-14T17:41:58+00:00  SPX: 11,064 contracts -> SPX__174132.parquet
2026-09-14T17:41:58+00:00  SPX: spot 7,635.90  netGEX(win) -40.36Bn  flip 7665.0336  walls 7500.0/7500.0  negative  RR25 -0.0493 (STEEP)  P/C 0.9434
2026-09-14T17:41:59+00:00  SPY: greek fill gamma 80.9% / iv 83.2%
2026-09-14T17:41:59+00:00  SPY: 4,080 contracts -> SPY__174123.parquet
2026-09-14T17:41:59+00:00  SPY: spot 762.22  netGEX(win) -12.31Bn  flip 767.4601  walls 770.0/750.0  negative  RR25 -0.0511 (STEEP)  P/C 1.1094
2026-09-14T17:42:00+00:00  QQQ: greek fill gamma 76.8% / iv 93.4%
2026-09-14T17:42:00+00:00  QQQ: 3,924 contracts -> QQQ__174113.parquet
2026-09-14T17:42:00+00:00  QQQ: spot 711.82  netGEX(win) -5.39Bn  flip 716.9693  walls 720.0/700.0  negative  RR25 -0.0593 (STEEP)  P/C 1.1732
2026-09-14T17:42:01+00:00  IWM: greek fill gamma 73.3% / iv 79.7%
2026-09-14T17:42:01+00:00  IWM: 2,276 contracts -> IWM__174118.parquet
2026-09-14T17:42:01+00:00  IWM: spot 288.79  netGEX(win) -4.16Bn  flip 296.1254  walls 285.0/285.0  negative  RR25 -0.0517 (STEEP)  P/C 1.6656
2026-09-14T17:42:01+00:00  appended 4 state row(s)
2026-09-14T17:42:02+00:00  VIX: 16.79 (+6.0% 1d, +10.5% 20d)  VIX9D: 16.19  term contango(short-cheap) -> vix_state.csv
2026-09-14T17:42:02+00:00  RV QQQ: no free Cboe daily-close series for this symbol, skipped (see RV_HISTORY)
2026-09-14T17:42:02+00:00  --- intraday done  ok=4  skipped=0  failed=0  vix=written
2026-09-14T17:55:23+00:00  --- intraday capture  symbols=SPX SPY QQQ IWM
2026-09-14T17:55:25+00:00  SPX: greek fill gamma 70.4% / iv 93.1%
2026-09-14T17:55:25+00:00  SPX: 11,064 contracts -> SPX__175432.parquet
2026-09-14T17:55:25+00:00  SPX: spot 7,641.16  netGEX(win) -34.55Bn  flip 7664.232  walls 7750.0/7500.0  negative  RR25 -0.0496 (STEEP)  P/C 0.9489
2026-09-14T17:55:26+00:00  SPY: greek fill gamma 81.2% / iv 84.5%
2026-09-14T17:55:26+00:00  SPY: 4,076 contracts -> SPY__175424.parquet
2026-09-14T17:55:26+00:00  SPY: spot 762.83  netGEX(win) -11.68Bn  flip 767.3934  walls 775.0/750.0  negative  RR25 -0.05 (STEEP)  P/C 1.1036
2026-09-14T17:55:26+00:00  QQQ: greek fill gamma 76.8% / iv 89.4%
2026-09-14T17:55:26+00:00  QQQ: 3,926 contracts -> QQQ__175413.parquet
2026-09-14T17:55:26+00:00  QQQ: spot 712.38  netGEX(win) -5.26Bn  flip 717.5747  walls 720.0/700.0  negative  RR25 -0.0599 (STEEP)  P/C 1.1844
2026-09-14T17:55:27+00:00  IWM: greek fill gamma 72.2% / iv 79.2%
2026-09-14T17:55:27+00:00  IWM: 2,276 contracts -> IWM__175419.parquet
2026-09-14T17:55:27+00:00  IWM: spot 288.86  netGEX(win) -4.14Bn  flip 296.1406  walls 285.0/285.0  negative  RR25 -0.0517 (STEEP)  P/C 1.6187
2026-09-14T17:55:27+00:00  appended 4 state row(s)
2026-09-14T17:55:29+00:00  VIX: 16.70 (+5.4% 1d, +9.9% 20d)  VIX9D: 16.05  term contango(short-cheap) -> vix_state.csv
2026-09-14T17:55:29+00:00  RV QQQ: no free Cboe daily-close series for this symbol, skipped (see RV_HISTORY)
2026-09-14T17:55:29+00:00  --- intraday done  ok=4  skipped=0  failed=0  vix=written
2026-09-14T18:14:07+00:00  --- intraday capture  symbols=SPX SPY QQQ IWM
2026-09-14T18:14:08+00:00  SPX: greek fill gamma 70.1% / iv 93.6%
2026-09-14T18:14:08+00:00  SPX: 11,064 contracts -> SPX__181333.parquet
2026-09-14T18:14:08+00:00  SPX: spot 7,639.23  netGEX(win) -36.92Bn  flip 7664.4423  walls 7500.0/7500.0  negative  RR25 -0.0497 (STEEP)  P/C 0.9629
2026-09-14T18:14:09+00:00  SPY: greek fill gamma 81.1% / iv 82.9%
2026-09-14T18:14:09+00:00  SPY: 4,076 contracts -> SPY__181324.parquet
2026-09-14T18:14:09+00:00  SPY: spot 762.62  netGEX(win) -12.13Bn  flip 767.3732  walls 775.0/750.0  negative  RR25 -0.0515 (STEEP)  P/C 1.1105
2026-09-14T18:14:10+00:00  QQQ: greek fill gamma 77.1% / iv 88.7%
2026-09-14T18:14:10+00:00  QQQ: 3,926 contracts -> QQQ__181314.parquet
2026-09-14T18:14:10+00:00  QQQ: spot 712.71  netGEX(win) -5.22Bn  flip 716.9855  walls 720.0/700.0  negative  RR25 -0.0597 (STEEP)  P/C 1.1953
2026-09-14T18:14:10+00:00  IWM: greek fill gamma 72.4% / iv 78.9%
2026-09-14T18:14:10+00:00  IWM: 2,276 contracts -> IWM__181319.parquet
2026-09-14T18:14:10+00:00  IWM: spot 288.86  netGEX(win) -4.18Bn  flip 296.1398  walls 285.0/285.0  negative  RR25 -0.0493 (STEEP)  P/C 1.5822
2026-09-14T18:14:10+00:00  appended 4 state row(s)
2026-09-14T18:14:11+00:00  VIX: 16.68 (+5.3% 1d, +9.8% 20d)  VIX9D: 16.01  term contango(short-cheap) -> vix_state.csv
2026-09-14T18:14:11+00:00  RV QQQ: no free Cboe daily-close series for this symbol, skipped (see RV_HISTORY)
2026-09-14T18:14:11+00:00  --- intraday done  ok=4  skipped=0  failed=0  vix=written
2026-09-14T18:35:28+00:00  --- intraday capture  symbols=SPX SPY QQQ IWM
2026-09-14T18:35:30+00:00  SPX: greek fill gamma 70.0% / iv 93.4%
2026-09-14T18:35:30+00:00  SPX: 11,064 contracts -> SPX__183434.parquet
2026-09-14T18:35:30+00:00  SPX: spot 7,635.88  netGEX(win) -41.22Bn  flip 7665.2309  walls 7500.0/7500.0  negative  RR25 -0.0498 (STEEP)  P/C 0.9659
2026-09-14T18:35:31+00:00  SPY: greek fill gamma 81.0% / iv 84.3%
2026-09-14T18:35:31+00:00  SPY: 4,080 contracts -> SPY__183425.parquet
2026-09-14T18:35:31+00:00  SPY: spot 762.30  netGEX(win) -12.64Bn  flip 767.2906  walls 770.0/750.0  negative  RR25 -0.0516 (STEEP)  P/C 1.1295
2026-09-14T18:35:32+00:00  QQQ: greek fill gamma 76.8% / iv 83.5%
2026-09-14T18:35:32+00:00  QQQ: 3,926 contracts -> QQQ__183515.parquet
2026-09-14T18:35:32+00:00  QQQ: spot 712.25  netGEX(win) -5.34Bn  flip 717.2338  walls 720.0/700.0  negative  RR25 -0.0613 (STEEP)  P/C 1.2
2026-09-14T18:35:32+00:00  IWM: greek fill gamma 73.6% / iv 79.7%
2026-09-14T18:35:33+00:00  IWM: 2,266 contracts -> IWM__183520.parquet
2026-09-14T18:35:33+00:00  IWM: spot 288.57  netGEX(win) -4.32Bn  flip 296.0096  walls 285.0/285.0  negative  RR25 -0.0522 (STEEP)  P/C 1.609
2026-09-14T18:35:33+00:00  appended 4 state row(s)
2026-09-14T18:35:33+00:00  VIX: 16.74 (+5.7% 1d, +10.2% 20d)  VIX9D: 16.16  term contango(short-cheap) -> vix_state.csv
2026-09-14T18:35:33+00:00  RV QQQ: no free Cboe daily-close series for this symbol, skipped (see RV_HISTORY)
2026-09-14T18:35:33+00:00  --- intraday done  ok=4  skipped=0  failed=0  vix=written
2026-09-14T18:57:38+00:00  --- intraday capture  symbols=SPX SPY QQQ IWM
2026-09-14T18:57:44+00:00  SPX: greek fill gamma 69.7% / iv 92.2%
2026-09-14T18:57:44+00:00  SPX: 11,064 contracts -> SPX__185735.parquet
2026-09-14T18:57:44+00:00  SPX: spot 7,636.98  netGEX(win) -38.97Bn  flip 7664.7127  walls 7500.0/7500.0  negative  RR25 -0.0497 (STEEP)  P/C 0.975
2026-09-14T18:57:45+00:00  SPY: greek fill gamma 80.9% / iv 81.3%
2026-09-14T18:57:45+00:00  SPY: 4,076 contracts -> SPY__185726.parquet
2026-09-14T18:57:45+00:00  SPY: spot 762.45  netGEX(win) -12.47Bn  flip 767.2743  walls 775.0/750.0  negative  RR25 -0.0515 (STEEP)  P/C 1.1357
2026-09-14T18:57:46+00:00  QQQ: greek fill gamma 75.5% / iv 87.8%
2026-09-14T18:57:46+00:00  QQQ: 3,926 contracts -> QQQ__185715.parquet
2026-09-14T18:57:46+00:00  QQQ: spot 712.36  netGEX(win) -5.35Bn  flip 717.3394  walls 720.0/700.0  negative  RR25 -0.0604 (STEEP)  P/C 1.2083
2026-09-14T18:57:46+00:00  IWM: greek fill gamma 72.5% / iv 78.9%
2026-09-14T18:57:46+00:00  IWM: 2,266 contracts -> IWM__185721.parquet
2026-09-14T18:57:46+00:00  IWM: spot 288.62  netGEX(win) -4.28Bn  flip 296.0991  walls 285.0/285.0  negative  RR25 -0.0524 (STEEP)  P/C 1.2756
2026-09-14T18:57:46+00:00  appended 4 state row(s)
2026-09-14T18:57:47+00:00  VIX: 16.71 (+5.5% 1d, +10.0% 20d)  VIX9D: 16.17  term contango(short-cheap) -> vix_state.csv
2026-09-14T18:57:47+00:00  RV QQQ: no free Cboe daily-close series for this symbol, skipped (see RV_HISTORY)
2026-09-14T18:57:47+00:00  --- intraday done  ok=4  skipped=0  failed=0  vix=written
2026-09-14T19:17:48+00:00  --- intraday capture  symbols=SPX SPY QQQ IWM
2026-09-14T19:17:50+00:00  SPX: greek fill gamma 69.5% / iv 91.2%
2026-09-14T19:17:50+00:00  SPX: 11,074 contracts -> SPX__191736.parquet
2026-09-14T19:17:50+00:00  SPX: spot 7,632.33  netGEX(win) -44.65Bn  flip 7667.0538  walls 7500.0/7500.0  negative  RR25 -0.0497 (STEEP)  P/C 0.9852
2026-09-14T19:17:51+00:00  SPY: greek fill gamma 79.2% / iv 82.7%
2026-09-14T19:17:51+00:00  SPY: 4,080 contracts -> SPY__191727.parquet
2026-09-14T19:17:51+00:00  SPY: spot 761.98  netGEX(win) -13.31Bn  flip 766.2587  walls 770.0/750.0  negative  RR25 -0.0507 (STEEP)  P/C 1.1396
2026-09-14T19:17:51+00:00  QQQ: greek fill gamma 75.3% / iv 82.6%
2026-09-14T19:17:51+00:00  QQQ: 3,954 contracts -> QQQ__191716.parquet
2026-09-14T19:17:51+00:00  QQQ: spot 711.65  netGEX(win) -5.50Bn  flip 715.9726  walls 720.0/700.0  negative  RR25 -0.0611 (STEEP)  P/C 1.2097
2026-09-14T19:17:52+00:00  IWM: greek fill gamma 72.0% / iv 78.3%
2026-09-14T19:17:52+00:00  IWM: 2,266 contracts -> IWM__191722.parquet
2026-09-14T19:17:52+00:00  IWM: spot 288.68  netGEX(win) -4.25Bn  flip 296.1129  walls 285.0/285.0  negative  RR25 -0.0519 (STEEP)  P/C 1.1208
2026-09-14T19:17:52+00:00  appended 4 state row(s)
2026-09-14T19:17:52+00:00  VIX: 16.79 (+6.0% 1d, +10.5% 20d)  VIX9D: 16.41  term contango(short-cheap) -> vix_state.csv
2026-09-14T19:17:52+00:00  RV QQQ: no free Cboe daily-close series for this symbol, skipped (see RV_HISTORY)
2026-09-14T19:17:52+00:00  --- intraday done  ok=4  skipped=0  failed=0  vix=written
2026-09-14T19:41:56+00:00  --- intraday capture  symbols=SPX SPY QQQ IWM
2026-09-14T19:41:58+00:00  SPX: greek fill gamma 69.7% / iv 93.4%
2026-09-14T19:41:58+00:00  SPX: 11,068 contracts -> SPX__194137.parquet
2026-09-14T19:41:58+00:00  SPX: spot 7,629.98  netGEX(win) -46.37Bn  flip 7667.6602  walls 7500.0/7500.0  negative  RR25 -0.0495 (STEEP)  P/C 1.0031
2026-09-14T19:41:59+00:00  SPY: greek fill gamma 80.6% / iv 82.2%
2026-09-14T19:41:59+00:00  SPY: 4,080 contracts -> SPY__194127.parquet
2026-09-14T19:41:59+00:00  SPY: spot 761.72  netGEX(win) -13.28Bn  flip 766.1857  walls 770.0/750.0  negative  RR25 -0.0519 (STEEP)  P/C 1.1601
2026-09-14T19:42:00+00:00  QQQ: greek fill gamma 74.9% / iv 82.2%
2026-09-14T19:42:00+00:00  QQQ: 3,952 contracts -> QQQ__194117.parquet
2026-09-14T19:42:00+00:00  QQQ: spot 711.07  netGEX(win) -5.77Bn  flip 715.4846  walls 720.0/700.0  negative  RR25 -0.0615 (STEEP)  P/C 1.2388
2026-09-14T19:42:00+00:00  IWM: greek fill gamma 74.2% / iv 77.7%
2026-09-14T19:42:00+00:00  IWM: 2,266 contracts -> IWM__194122.parquet
2026-09-14T19:42:00+00:00  IWM: spot 288.45  netGEX(win) -4.35Bn  flip 296.1893  walls 285.0/285.0  negative  RR25 -0.0525 (STEEP)  P/C 1.1348
2026-09-14T19:42:00+00:00  appended 4 state row(s)
2026-09-14T19:42:01+00:00  VIX: 16.85 (+6.4% 1d, +10.9% 20d)  VIX9D: 16.51  term contango(short-cheap) -> vix_state.csv
2026-09-14T19:42:01+00:00  RV QQQ: no free Cboe daily-close series for this symbol, skipped (see RV_HISTORY)
2026-09-14T19:42:01+00:00  --- intraday done  ok=4  skipped=0  failed=0  vix=written
2026-09-14T19:54:29+00:00  --- intraday capture  symbols=SPX SPY QQQ IWM
2026-09-14T19:54:30+00:00  SPX: greek fill gamma 69.8% / iv 91.6%
2026-09-14T19:54:31+00:00  SPX: 11,070 contracts -> SPX__195337.parquet
2026-09-14T19:54:31+00:00  SPX: spot 7,629.07  netGEX(win) -47.43Bn  flip 7668.0463  walls 7500.0/7500.0  negative  RR25 -0.0493 (STEEP)  P/C 1.0087
2026-09-14T19:54:31+00:00  SPY: greek fill gamma 78.6% / iv 82.2%
2026-09-14T19:54:31+00:00  SPY: 4,080 contracts -> SPY__195328.parquet
2026-09-14T19:54:31+00:00  SPY: spot 761.65  netGEX(win) -13.56Bn  flip 766.0958  walls 770.0/750.0  negative  RR25 -0.0517 (STEEP)  P/C 1.1613
2026-09-14T19:54:32+00:00  QQQ: greek fill gamma 74.6% / iv 81.7%
2026-09-14T19:54:32+00:00  QQQ: 3,952 contracts -> QQQ__195318.parquet
2026-09-14T19:54:32+00:00  QQQ: spot 710.77  netGEX(win) -5.89Bn  flip 717.4071  walls 720.0/700.0  negative  RR25 -0.061 (STEEP)  P/C 1.2507
2026-09-14T19:54:32+00:00  IWM: greek fill gamma 74.2% / iv 79.0%
2026-09-14T19:54:32+00:00  IWM: 2,296 contracts -> IWM__195323.parquet
2026-09-14T19:54:32+00:00  IWM: spot 288.24  netGEX(win) -4.56Bn  flip 296.3653  walls 285.0/285.0  negative  RR25 -0.05 (STEEP)  P/C 1.1201
2026-09-14T19:54:32+00:00  appended 4 state row(s)
2026-09-14T19:54:33+00:00  VIX: 16.87 (+6.5% 1d, +11.1% 20d)  VIX9D: 16.54  term contango(short-cheap) -> vix_state.csv
2026-09-14T19:54:33+00:00  RV QQQ: no free Cboe daily-close series for this symbol, skipped (see RV_HISTORY)
2026-09-14T19:54:33+00:00  --- intraday done  ok=4  skipped=0  failed=0  vix=written
2026-09-14T20:13:28+00:00  --- intraday capture  symbols=SPX SPY QQQ IWM
2026-09-14T20:13:30+00:00  SPX: greek fill gamma 71.2% / iv 92.9%
2026-09-14T20:13:30+00:00  SPX: 10,638 contracts -> SPX__201238.parquet
2026-09-14T20:13:30+00:00  SPX: spot 7,623.83  netGEX(win) -35.42Bn  flip 7673.9268  walls 7500.0/7500.0  negative  RR25 -0.0489 (STEEP)  P/C 1.2612
2026-09-14T20:13:31+00:00  SPY: greek fill gamma 80.6% / iv 83.9%
2026-09-14T20:13:31+00:00  SPY: 3,844 contracts -> SPY__201229.parquet
2026-09-14T20:13:31+00:00  SPY: spot 761.16  netGEX(win) -11.33Bn  flip 769.4941  walls 770.0/750.0  negative  RR25 -0.0513 (STEEP)  P/C 1.2793
2026-09-14T20:13:32+00:00  QQQ: greek fill gamma 74.4% / iv 82.4%
2026-09-14T20:13:32+00:00  QQQ: 3,654 contracts -> QQQ__201218.parquet
2026-09-14T20:13:32+00:00  QQQ: spot 709.50  netGEX(win) -4.67Bn  flip 719.1359  walls 720.0/700.0  negative  RR25 -0.0614 (STEEP)  P/C 1.4617
2026-09-14T20:13:32+00:00  IWM: greek fill gamma 75.7% / iv 79.1%
2026-09-14T20:13:32+00:00  IWM: 2,156 contracts -> IWM__201224.parquet
2026-09-14T20:13:32+00:00  IWM: spot 287.97  netGEX(win) -4.08Bn  flip 297.4797  walls 285.0/285.0  negative  RR25 -0.0534 (STEEP)  P/C 1.0746
2026-09-14T20:13:32+00:00  appended 4 state row(s)
2026-09-14T20:13:33+00:00  VIX: 16.99 (+7.3% 1d, +11.8% 20d)  VIX9D: 16.58  term contango(short-cheap) -> vix_state.csv
2026-09-14T20:13:33+00:00  RV QQQ: no free Cboe daily-close series for this symbol, skipped (see RV_HISTORY)
2026-09-14T20:13:33+00:00  --- intraday done  ok=4  skipped=0  failed=0  vix=written
2026-09-14T20:30:09+00:00  --- intraday capture  symbols=SPX SPY QQQ IWM
2026-09-14T20:30:10+00:00  SPX: greek fill gamma 71.4% / iv 93.4%
2026-09-14T20:30:10+00:00  SPX: 10,648 contracts -> SPX__202939.parquet
2026-09-14T20:30:10+00:00  SPX: spot 7,619.98  netGEX(win) -37.31Bn  flip 7678.9989  walls 7700.0/7500.0  negative  RR25 -0.0529 (STEEP)  P/C 1.2795
2026-09-14T20:30:11+00:00  SPY: greek fill gamma 79.9% / iv 84.7%
2026-09-14T20:30:11+00:00  SPY: 3,816 contracts -> SPY__202929.parquet
2026-09-14T20:30:11+00:00  SPY: spot 760.78  netGEX(win) -11.63Bn  flip 769.3805  walls 770.0/750.0  negative  RR25 -0.0523 (STEEP)  P/C 1.2974
2026-09-14T20:30:12+00:00  QQQ: greek fill gamma 76.0% / iv 87.9%
2026-09-14T20:30:12+00:00  QQQ: 3,656 contracts -> QQQ__202919.parquet
2026-09-14T20:30:12+00:00  QQQ: spot 709.60  netGEX(win) -4.66Bn  flip 719.579  walls 720.0/700.0  negative  RR25 -0.0621 (STEEP)  P/C 1.4866
2026-09-14T20:30:13+00:00  IWM: greek fill gamma 75.3% / iv 78.3%
2026-09-14T20:30:13+00:00  IWM: 2,156 contracts -> IWM__202924.parquet
2026-09-14T20:30:13+00:00  IWM: spot 287.91  netGEX(win) -4.07Bn  flip 297.5616  walls 285.0/285.0  negative  RR25 -0.054 (STEEP)  P/C 1.1651
2026-09-14T20:30:13+00:00  appended 4 state row(s)
2026-09-14T20:30:13+00:00  VIX: 17.10 (+8.0% 1d, +12.6% 20d)  VIX9D: 16.90  term contango(short-cheap) -> vix_state.csv
2026-09-14T20:30:13+00:00  RV QQQ: no free Cboe daily-close series for this symbol, skipped (see RV_HISTORY)
2026-09-14T20:30:13+00:00  --- intraday done  ok=4  skipped=0  failed=0  vix=written
2026-09-14T20:45:22+00:00  --- intraday capture  symbols=SPX SPY QQQ IWM
2026-09-14T20:45:24+00:00  SPX: greek fill gamma 71.6% / iv 87.9%
2026-09-14T20:45:24+00:00  SPX: 10,648 contracts -> SPX__204439.parquet
2026-09-14T20:45:24+00:00  SPX: spot 7,619.98  netGEX(win) -35.67Bn  flip 7684.6051  walls 7700.0/7500.0  negative  RR25 -0.0496 (STEEP)  P/C 1.2803
2026-09-14T20:45:25+00:00  SPY: greek fill gamma 79.9% / iv 86.1%
2026-09-14T20:45:25+00:00  SPY: 3,844 contracts -> SPY__204430.parquet
2026-09-14T20:45:25+00:00  SPY: spot 761.08  netGEX(win) -11.65Bn  flip 769.3869  walls 770.0/750.0  negative  RR25 -0.0522 (STEEP)  P/C 1.2951
2026-09-14T20:45:26+00:00  QQQ: greek fill gamma 76.1% / iv 85.7%
2026-09-14T20:45:26+00:00  QQQ: 3,656 contracts -> QQQ__204419.parquet
2026-09-14T20:45:26+00:00  QQQ: spot 709.96  netGEX(win) -4.68Bn  flip 719.5522  walls 720.0/700.0  negative  RR25 -0.063 (STEEP)  P/C 1.4872
2026-09-14T20:45:27+00:00  IWM: greek fill gamma 75.5% / iv 79.8%
2026-09-14T20:45:27+00:00  IWM: 2,156 contracts -> IWM__204425.parquet
2026-09-14T20:45:27+00:00  IWM: spot 288.02  netGEX(win) -4.08Bn  flip 297.4485  walls 285.0/285.0  negative  RR25 -0.0534 (STEEP)  P/C 1.1647
2026-09-14T20:45:27+00:00  appended 4 state row(s)
2026-09-14T20:45:27+00:00  VIX: 17.10 (+8.0% 1d, +12.6% 20d)  VIX9D: 16.91  term contango(short-cheap) -> vix_state.csv
2026-09-14T20:45:27+00:00  RV QQQ: no free Cboe daily-close series for this symbol, skipped (see RV_HISTORY)
2026-09-14T20:45:27+00:00  --- intraday done  ok=4  skipped=0  failed=0  vix=written
2026-09-14T20:58:10+00:00  --- intraday capture  symbols=SPX SPY QQQ IWM
2026-09-14T20:58:11+00:00  SPX: greek fill gamma 71.6% / iv 90.8%
2026-09-14T20:58:11+00:00  SPX: 10,648 contracts -> SPX__205740.parquet
2026-09-14T20:58:11+00:00  SPX: spot 7,619.98  netGEX(win) -35.97Bn  flip 7682.8347  walls 7700.0/7500.0  negative  RR25 -0.0494 (STEEP)  P/C 1.2803
2026-09-14T20:58:12+00:00  SPY: greek fill gamma 79.9% / iv 86.1%
2026-09-14T20:58:12+00:00  SPY: 3,844 contracts -> SPY__205730.parquet
2026-09-14T20:58:12+00:00  SPY: spot 761.05  netGEX(win) -11.65Bn  flip 769.3787  walls 770.0/750.0  negative  RR25 -0.0522 (STEEP)  P/C 1.2951
2026-09-14T20:58:13+00:00  QQQ: greek fill gamma 76.1% / iv 85.7%
2026-09-14T20:58:13+00:00  QQQ: 3,656 contracts -> QQQ__205720.parquet
2026-09-14T20:58:13+00:00  QQQ: spot 710.03  netGEX(win) -4.68Bn  flip 719.5456  walls 720.0/700.0  negative  RR25 -0.063 (STEEP)  P/C 1.4872
2026-09-14T20:58:13+00:00  IWM: greek fill gamma 75.5% / iv 79.8%
2026-09-14T20:58:13+00:00  IWM: 2,156 contracts -> IWM__205725.parquet
2026-09-14T20:58:13+00:00  IWM: spot 287.95  netGEX(win) -4.08Bn  flip 297.4438  walls 285.0/285.0  negative  RR25 -0.0534 (STEEP)  P/C 1.1647
2026-09-14T20:58:13+00:00  appended 4 state row(s)
2026-09-14T20:58:14+00:00  VIX: 17.10/16.91 unchanged from the last row, nothing written (feed_ts 2026-09-14T16:15:01)
2026-09-14T20:58:14+00:00  RV QQQ: no free Cboe daily-close series for this symbol, skipped (see RV_HISTORY)
2026-09-14T20:58:14+00:00  --- intraday done  ok=4  skipped=0  failed=0
2026-09-15T13:14:01+00:00  --- intraday capture  symbols=SPX SPY QQQ IWM
2026-09-15T13:14:02+00:00  SPX: greek fill gamma 70.5% / iv 97.8%
2026-09-15T13:14:02+00:00  SPX: 11,014 contracts -> SPX__131320.parquet
2026-09-15T13:14:02+00:00  SPX: spot 7,619.98  netGEX(win) -38.72Bn  flip 7656.9151  walls 7700.0/7500.0  negative  RR25 -0.0527 (STEEP)  P/C 1.2803
2026-09-15T13:14:03+00:00  SPY: greek fill gamma 74.8% / iv 80.6%
2026-09-15T13:14:03+00:00  SPY: 4,054 contracts -> SPY__131310.parquet
2026-09-15T13:14:03+00:00  SPY: spot 760.66  netGEX(win) -11.11Bn  flip 766.4316  walls 770.0/750.0  negative  RR25 -0.0522 (STEEP)  P/C 1.2951
2026-09-15T13:14:04+00:00  QQQ: greek fill gamma 70.0% / iv 78.8%
2026-09-15T13:14:04+00:00  QQQ: 3,916 contracts -> QQQ__131313.parquet
2026-09-15T13:14:04+00:00  QQQ: spot 709.00  netGEX(win) -4.36Bn  flip 715.4362  walls 720.0/700.0  negative  RR25 -0.063 (STEEP)  P/C 1.4872
2026-09-15T13:14:04+00:00  IWM: greek fill gamma 70.7% / iv 74.8%
2026-09-15T13:14:04+00:00  IWM: 2,256 contracts -> IWM__131308.parquet
2026-09-15T13:14:04+00:00  IWM: spot 286.94  netGEX(win) -3.88Bn  flip 296.49  walls 290.0/290.0  negative  RR25 -0.0534 (STEEP)  P/C 1.1772
2026-09-15T13:14:04+00:00  appended 4 state row(s)
2026-09-15T13:14:05+00:00  VIX: 16.89 (-1.2% 1d, +6.6% 20d)  VIX9D: 16.91  term unreliable(vix9d-stale) -> vix_state.csv
2026-09-15T13:14:05+00:00  RV SPX: HV20 9.10%  down/up 0.70x  through 2026-09-14  (13,033 closes)
2026-09-15T13:14:05+00:00  RV SPY (via SPX): HV20 9.10%  down/up 0.70x  through 2026-09-14  (13,033 closes)
2026-09-15T13:14:05+00:00  RV QQQ: no free Cboe daily-close series for this symbol, skipped (see RV_HISTORY)
2026-09-15T13:14:05+00:00  RV IWM (via RUT): HV20 12.94%  down/up 1.04x  through 2026-09-14  (1,454 closes)
2026-09-15T13:14:05+00:00  appended 3 realized-vol row(s) -> realized_vol.csv
2026-09-15T13:14:05+00:00  --- intraday done  ok=4  skipped=0  failed=0  vix=written  rv=3
2026-09-15T13:32:07+00:00  --- intraday capture  symbols=SPX SPY QQQ IWM
2026-09-15T13:32:08+00:00  SPX: greek fill gamma 70.5% / iv 98.9%
2026-09-15T13:32:08+00:00  SPX: 11,014 contracts -> SPX__133021.parquet
2026-09-15T13:32:08+00:00  SPX: spot 7,619.98  netGEX(win) -40.66Bn  flip 7655.3647  walls 7700.0/7500.0  negative  RR25 -0.0518 (STEEP)  P/C 1.2803
2026-09-15T13:32:09+00:00  SPY: greek fill gamma 74.8% / iv 80.6%
2026-09-15T13:32:09+00:00  SPY: 4,054 contracts -> SPY__132911.parquet
2026-09-15T13:32:09+00:00  SPY: spot 760.59  netGEX(win) -11.11Bn  flip 766.4127  walls 770.0/750.0  negative  RR25 -0.0522 (STEEP)  P/C 1.2951
2026-09-15T13:32:10+00:00  QQQ: greek fill gamma 70.0% / iv 78.8%
2026-09-15T13:32:10+00:00  QQQ: 3,916 contracts -> QQQ__132913.parquet
2026-09-15T13:32:10+00:00  QQQ: spot 708.96  netGEX(win) -4.35Bn  flip 715.4057  walls 720.0/700.0  negative  RR25 -0.063 (STEEP)  P/C 1.4872
2026-09-15T13:32:10+00:00  IWM: greek fill gamma 70.7% / iv 74.8%
2026-09-15T13:32:10+00:00  IWM: 2,256 contracts -> IWM__132909.parquet
2026-09-15T13:32:10+00:00  IWM: spot 286.77  netGEX(win) -3.88Bn  flip 296.4833  walls 290.0/290.0  negative  RR25 -0.0534 (STEEP)  P/C 1.1772
2026-09-15T13:32:10+00:00  appended 4 state row(s)
2026-09-15T13:32:11+00:00  VIX: 16.88 (-1.3% 1d, +6.6% 20d)  VIX9D: 16.91  term unreliable(vix9d-stale) -> vix_state.csv
2026-09-15T13:32:11+00:00  RV QQQ: no free Cboe daily-close series for this symbol, skipped (see RV_HISTORY)
2026-09-15T13:32:11+00:00  --- intraday done  ok=4  skipped=0  failed=0  vix=written
2026-09-15T13:54:44+00:00  --- intraday capture  symbols=SPX SPY QQQ IWM
2026-09-15T13:54:46+00:00  SPX: greek fill gamma 70.3% / iv 91.5%
2026-09-15T13:54:46+00:00  SPX: 11,040 contracts -> SPX__135433.parquet
2026-09-15T13:54:46+00:00  SPX: spot 7,609.65  netGEX(win) -49.49Bn  flip 7656.3423  walls 7700.0/7500.0  negative  RR25 -0.0494 (STEEP)  P/C 1.7504
2026-09-15T13:54:47+00:00  SPY: greek fill gamma 81.0% / iv 84.6%
2026-09-15T13:54:47+00:00  SPY: 4,058 contracts -> SPY__135424.parquet
2026-09-15T13:54:47+00:00  SPY: spot 759.71  netGEX(win) -13.64Bn  flip 766.3834  walls 770.0/750.0  negative  RR25 -0.0506 (STEEP)  P/C 1.1056
2026-09-15T13:54:48+00:00  QQQ: greek fill gamma 77.5% / iv 85.5%
2026-09-15T13:54:48+00:00  QQQ: 3,916 contracts -> QQQ__135426.parquet
2026-09-15T13:54:48+00:00  QQQ: spot 708.90  netGEX(win) -4.97Bn  flip 715.4761  walls 720.0/700.0  negative  RR25 -0.0607 (STEEP)  P/C 0.9502
2026-09-15T13:54:48+00:00  IWM: greek fill gamma 84.0% / iv 79.9%
2026-09-15T13:54:48+00:00  IWM: 2,248 contracts -> IWM__135422.parquet
2026-09-15T13:54:48+00:00  IWM: spot 285.74  netGEX(win) -4.43Bn  flip 296.7324  walls 290.0/290.0  negative  RR25 -0.0529 (STEEP)  P/C 1.52
2026-09-15T13:54:48+00:00  appended 4 state row(s)
2026-09-15T13:54:49+00:00  VIX: 16.90 (-1.2% 1d, +6.7% 20d)  VIX9D: 16.60  term contango(short-cheap) -> vix_state.csv
2026-09-15T13:54:49+00:00  RV QQQ: no free Cboe daily-close series for this symbol, skipped (see RV_HISTORY)
2026-09-15T13:54:49+00:00  --- intraday done  ok=4  skipped=0  failed=0  vix=written
2026-09-15T14:13:43+00:00  --- intraday capture  symbols=SPX SPY QQQ IWM
2026-09-15T14:13:44+00:00  SPX: greek fill gamma 70.2% / iv 93.3%
2026-09-15T14:13:44+00:00  SPX: 11,030 contracts -> SPX__141334.parquet
2026-09-15T14:13:44+00:00  SPX: spot 7,607.12  netGEX(win) -52.16Bn  flip 7653.9179  walls 7700.0/7500.0  negative  RR25 -0.0494 (STEEP)  P/C 1.5537
2026-09-15T14:13:45+00:00  SPY: greek fill gamma 81.4% / iv 84.1%
2026-09-15T14:13:45+00:00  SPY: 4,058 contracts -> SPY__141325.parquet
2026-09-15T14:13:45+00:00  SPY: spot 759.50  netGEX(win) -14.33Bn  flip 766.1144  walls 770.0/750.0  negative  RR25 -0.0521 (STEEP)  P/C 1.3127
2026-09-15T14:13:45+00:00  QQQ: greek fill gamma 77.9% / iv 87.5%
2026-09-15T14:13:45+00:00  QQQ: 3,916 contracts -> QQQ__141327.parquet
2026-09-15T14:13:45+00:00  QQQ: spot 709.05  netGEX(win) -5.14Bn  flip 715.162  walls 720.0/700.0  negative  RR25 -0.0617 (STEEP)  P/C 0.9448
2026-09-15T14:13:46+00:00  IWM: greek fill gamma 85.1% / iv 81.5%
2026-09-15T14:13:46+00:00  IWM: 2,248 contracts -> IWM__141323.parquet
2026-09-15T14:13:46+00:00  IWM: spot 285.74  netGEX(win) -4.47Bn  flip 296.5897  walls 290.0/290.0  negative  RR25 -0.0527 (STEEP)  P/C 2.6295
2026-09-15T14:13:46+00:00  appended 4 state row(s)
2026-09-15T14:13:46+00:00  VIX: 16.97 (-0.8% 1d, +7.1% 20d)  VIX9D: 16.65  term contango(short-cheap) -> vix_state.csv
2026-09-15T14:13:46+00:00  RV QQQ: no free Cboe daily-close series for this symbol, skipped (see RV_HISTORY)
2026-09-15T14:13:46+00:00  --- intraday done  ok=4  skipped=0  failed=0  vix=written
2026-09-15T14:30:59+00:00  --- intraday capture  symbols=SPX SPY QQQ IWM
2026-09-15T14:31:00+00:00  SPX: greek fill gamma 70.5% / iv 91.4%
2026-09-15T14:31:00+00:00  SPX: 11,044 contracts -> SPX__143034.parquet
2026-09-15T14:31:00+00:00  SPX: spot 7,591.16  netGEX(win) -60.66Bn  flip 7650.3496  walls 7700.0/7500.0  negative  RR25 -0.0541 (STEEP)  P/C 1.3165
2026-09-15T14:31:01+00:00  SPY: greek fill gamma 82.2% / iv 82.4%
2026-09-15T14:31:01+00:00  SPY: 4,088 contracts -> SPY__143026.parquet
2026-09-15T14:31:01+00:00  SPY: spot 758.09  netGEX(win) -15.32Bn  flip 765.5187  walls 750.0/750.0  negative  RR25 -0.0544 (STEEP)  P/C 1.5536
2026-09-15T14:31:02+00:00  QQQ: greek fill gamma 77.6% / iv 83.9%
2026-09-15T14:31:02+00:00  QQQ: 3,884 contracts -> QQQ__143028.parquet
2026-09-15T14:31:02+00:00  QQQ: spot 707.02  netGEX(win) -6.28Bn  flip 714.5667  walls 720.0/690.0  negative  RR25 -0.0641 (STEEP)  P/C 1.1394
2026-09-15T14:31:02+00:00  IWM: greek fill gamma 85.2% / iv 92.9%
2026-09-15T14:31:03+00:00  IWM: 2,248 contracts -> IWM__143023.parquet
2026-09-15T14:31:03+00:00  IWM: spot 285.26  netGEX(win) -4.44Bn  flip 296.9525  walls 290.0/290.0  negative  RR25 -0.0552 (STEEP)  P/C 2.5945
2026-09-15T14:31:03+00:00  appended 4 state row(s)
2026-09-15T14:31:03+00:00  VIX: 17.42 (+1.9% 1d, +10.0% 20d)  VIX9D: 17.40  term contango(short-cheap) -> vix_state.csv
2026-09-15T14:31:03+00:00  RV QQQ: no free Cboe daily-close series for this symbol, skipped (see RV_HISTORY)
2026-09-15T14:31:03+00:00  --- intraday done  ok=4  skipped=0  failed=0  vix=written
2026-09-15T14:55:47+00:00  --- intraday capture  symbols=SPX SPY QQQ IWM
2026-09-15T14:55:49+00:00  SPX: greek fill gamma 70.6% / iv 93.4%
2026-09-15T14:55:49+00:00  SPX: 11,058 contracts -> SPX__145535.parquet
2026-09-15T14:55:49+00:00  SPX: spot 7,581.80  netGEX(win) -65.66Bn  flip 7650.6014  walls 7500.0/7500.0  negative  RR25 -0.0517 (STEEP)  P/C 1.201
2026-09-15T14:55:50+00:00  SPY: greek fill gamma 82.4% / iv 82.9%
2026-09-15T14:55:50+00:00  SPY: 4,092 contracts -> SPY__145527.parquet
2026-09-15T14:55:50+00:00  SPY: spot 757.08  netGEX(win) -15.65Bn  flip 765.9133  walls 765.0/740.0  negative  RR25 -0.0555 (STEEP)  P/C 1.4595
2026-09-15T14:55:50+00:00  QQQ: greek fill gamma 77.2% / iv 84.3%
2026-09-15T14:55:51+00:00  QQQ: 3,910 contracts -> QQQ__145530.parquet
2026-09-15T14:55:51+00:00  QQQ: spot 705.55  netGEX(win) -6.94Bn  flip 714.5444  walls 720.0/690.0  negative  RR25 -0.0659 (STEEP)  P/C 1.1753
2026-09-15T14:55:51+00:00  IWM: greek fill gamma 85.6% / iv 88.2%
2026-09-15T14:55:51+00:00  IWM: 2,238 contracts -> IWM__145525.parquet
2026-09-15T14:55:51+00:00  IWM: spot 284.74  netGEX(win) -4.47Bn  flip 296.9331  walls 290.0/280.0  negative  RR25 -0.0551 (STEEP)  P/C 2.3644
2026-09-15T14:55:51+00:00  appended 4 state row(s)
2026-09-15T14:55:52+00:00  VIX: 17.56 (+2.7% 1d, +10.9% 20d)  VIX9D: 17.66  term backwardation(short-rich) -> vix_state.csv
2026-09-15T14:55:52+00:00  RV QQQ: no free Cboe daily-close series for this symbol, skipped (see RV_HISTORY)
2026-09-15T14:55:52+00:00  --- intraday done  ok=4  skipped=0  failed=0  vix=written
2026-09-15T15:12:36+00:00  --- intraday capture  symbols=SPX SPY QQQ IWM
2026-09-15T15:12:38+00:00  SPX: greek fill gamma 70.8% / iv 92.1%
2026-09-15T15:12:38+00:00  SPX: 11,068 contracts -> SPX__151122.parquet
2026-09-15T15:12:38+00:00  SPX: spot 7,575.62  netGEX(win) -67.54Bn  flip 7648.5811  walls 7700.0/7700.0  negative  RR25 -0.055 (STEEP)  P/C 1.1779
2026-09-15T15:12:39+00:00  SPY: greek fill gamma 81.5% / iv 86.4%
2026-09-15T15:12:39+00:00  SPY: 4,062 contracts -> SPY__151128.parquet
2026-09-15T15:12:39+00:00  SPY: spot 756.50  netGEX(win) -15.79Bn  flip 765.9259  walls 765.0/740.0  negative  RR25 -0.0556 (STEEP)  P/C 1.3552
2026-09-15T15:12:40+00:00  QQQ: greek fill gamma 79.0% / iv 82.8%
2026-09-15T15:12:40+00:00  QQQ: 3,908 contracts -> QQQ__151130.parquet
2026-09-15T15:12:40+00:00  QQQ: spot 704.38  netGEX(win) -7.34Bn  flip 714.4003  walls 720.0/690.0  negative  RR25 -0.0662 (STEEP)  P/C 1.121
2026-09-15T15:12:40+00:00  IWM: greek fill gamma 85.4% / iv 80.9%
2026-09-15T15:12:40+00:00  IWM: 2,230 contracts -> IWM__151126.parquet
2026-09-15T15:12:40+00:00  IWM: spot 284.14  netGEX(win) -4.43Bn  flip 296.1955  walls 290.0/280.0  negative  RR25 -0.0564 (STEEP)  P/C 2.1458
2026-09-15T15:12:40+00:00  appended 4 state row(s)
2026-09-15T15:12:41+00:00  VIX: 17.80 (+4.1% 1d, +12.4% 20d)  VIX9D: 18.00  term backwardation(short-rich) -> vix_state.csv
2026-09-15T15:12:41+00:00  RV QQQ: no free Cboe daily-close series for this symbol, skipped (see RV_HISTORY)
2026-09-15T15:12:41+00:00  --- intraday done  ok=4  skipped=0  failed=0  vix=written
2026-09-15T15:29:10+00:00  --- intraday capture  symbols=SPX SPY QQQ IWM
2026-09-15T15:29:12+00:00  SPX: greek fill gamma 70.8% / iv 93.5%
2026-09-15T15:29:12+00:00  SPX: 11,058 contracts -> SPX__152837.parquet
2026-09-15T15:29:12+00:00  SPX: spot 7,580.61  netGEX(win) -65.90Bn  flip 7649.0499  walls 7500.0/7500.0  negative  RR25 -0.0549 (STEEP)  P/C 1.1467
2026-09-15T15:29:13+00:00  SPY: greek fill gamma 82.2% / iv 77.0%
2026-09-15T15:29:13+00:00  SPY: 4,092 contracts -> SPY__152828.parquet
2026-09-15T15:29:13+00:00  SPY: spot 756.91  netGEX(win) -15.58Bn  flip 766.1208  walls 765.0/740.0  negative  RR25 -0.0569 (STEEP)  P/C 1.2237
2026-09-15T15:29:14+00:00  QQQ: greek fill gamma 78.9% / iv 85.7%
2026-09-15T15:29:14+00:00  QQQ: 3,908 contracts -> QQQ__152831.parquet
2026-09-15T15:29:14+00:00  QQQ: spot 705.09  netGEX(win) -7.11Bn  flip 714.843  walls 720.0/690.0  negative  RR25 -0.0655 (STEEP)  P/C 1.0858
2026-09-15T15:29:14+00:00  IWM: greek fill gamma 85.1% / iv 84.5%
2026-09-15T15:29:14+00:00  IWM: 2,240 contracts -> IWM__152826.parquet
2026-09-15T15:29:14+00:00  IWM: spot 284.40  netGEX(win) -4.46Bn  flip 296.2591  walls 290.0/280.0  negative  RR25 -0.0581 (STEEP)  P/C 2.07
2026-09-15T15:29:14+00:00  appended 4 state row(s)
2026-09-15T15:29:15+00:00  VIX: 17.78 (+4.0% 1d, +12.2% 20d)  VIX9D: 17.94  term backwardation(short-rich) -> vix_state.csv
2026-09-15T15:29:15+00:00  RV QQQ: no free Cboe daily-close series for this symbol, skipped (see RV_HISTORY)
2026-09-15T15:29:15+00:00  --- intraday done  ok=4  skipped=0  failed=0  vix=written
2026-09-15T15:46:14+00:00  --- intraday capture  symbols=SPX SPY QQQ IWM
2026-09-15T15:46:16+00:00  SPX: greek fill gamma 70.7% / iv 92.3%
2026-09-15T15:46:16+00:00  SPX: 11,056 contracts -> SPX__154538.parquet
2026-09-15T15:46:16+00:00  SPX: spot 7,585.52  netGEX(win) -64.62Bn  flip 7648.5851  walls 7700.0/7500.0  negative  RR25 -0.0534 (STEEP)  P/C 1.133
2026-09-15T15:46:16+00:00  SPY: greek fill gamma 82.6% / iv 84.6%
2026-09-15T15:46:16+00:00  SPY: 4,092 contracts -> SPY__154529.parquet
2026-09-15T15:46:16+00:00  SPY: spot 757.46  netGEX(win) -15.58Bn  flip 766.0125  walls 770.0/740.0  negative  RR25 -0.0553 (STEEP)  P/C 1.1525
2026-09-15T15:46:17+00:00  QQQ: greek fill gamma 78.6% / iv 90.2%
2026-09-15T15:46:17+00:00  QQQ: 3,910 contracts -> QQQ__154531.parquet
2026-09-15T15:46:17+00:00  QQQ: spot 705.53  netGEX(win) -7.04Bn  flip 714.7468  walls 720.0/690.0  negative  RR25 -0.0662 (STEEP)  P/C 1.0557
2026-09-15T15:46:17+00:00  IWM: greek fill gamma 84.7% / iv 94.4%
2026-09-15T15:46:17+00:00  IWM: 2,238 contracts -> IWM__154527.parquet
2026-09-15T15:46:17+00:00  IWM: spot 284.76  netGEX(win) -4.50Bn  flip 297.875  walls 290.0/280.0  negative  RR25 -0.0553 (STEEP)  P/C 2.0588
2026-09-15T15:46:17+00:00  appended 4 state row(s)
2026-09-15T15:46:18+00:00  VIX: 17.64 (+3.2% 1d, +11.4% 20d)  VIX9D: 17.64  term contango(short-cheap) -> vix_state.csv
2026-09-15T15:46:18+00:00  RV QQQ: no free Cboe daily-close series for this symbol, skipped (see RV_HISTORY)
2026-09-15T15:46:18+00:00  --- intraday done  ok=4  skipped=0  failed=0  vix=written
2026-09-15T16:13:03+00:00  --- intraday capture  symbols=SPX SPY QQQ IWM
2026-09-15T16:13:04+00:00  SPX: greek fill gamma 70.5% / iv 96.4%
2026-09-15T16:13:04+00:00  SPX: 11,056 contracts -> SPX__161239.parquet
2026-09-15T16:13:04+00:00  SPX: spot 7,584.60  netGEX(win) -65.66Bn  flip 7648.385  walls 7700.0/7500.0  negative  RR25 -0.053 (STEEP)  P/C 1.1105
2026-09-15T16:13:05+00:00  SPY: greek fill gamma 83.2% / iv 78.6%
2026-09-15T16:13:05+00:00  SPY: 4,092 contracts -> SPY__161230.parquet
2026-09-15T16:13:05+00:00  SPY: spot 757.28  netGEX(win) -15.69Bn  flip 765.9582  walls 765.0/740.0  negative  RR25 -0.0548 (STEEP)  P/C 1.1537
2026-09-15T16:13:06+00:00  QQQ: greek fill gamma 78.7% / iv 90.3%
2026-09-15T16:13:06+00:00  QQQ: 3,910 contracts -> QQQ__161232.parquet
2026-09-15T16:13:06+00:00  QQQ: spot 705.57  netGEX(win) -7.13Bn  flip 714.7022  walls 720.0/690.0  negative  RR25 -0.066 (STEEP)  P/C 1.0709
2026-09-15T16:13:07+00:00  IWM: greek fill gamma 84.7% / iv 80.5%
2026-09-15T16:13:07+00:00  IWM: 2,240 contracts -> IWM__161228.parquet
2026-09-15T16:13:07+00:00  IWM: spot 284.49  netGEX(win) -4.51Bn  flip 296.112  walls 290.0/280.0  negative  RR25 -0.0587 (STEEP)  P/C 1.9582
2026-09-15T16:13:07+00:00  appended 4 state row(s)
2026-09-15T16:13:07+00:00  VIX: 17.55 (+2.6% 1d, +10.8% 20d)  VIX9D: 17.57  term backwardation(short-rich) -> vix_state.csv
2026-09-15T16:13:07+00:00  RV QQQ: no free Cboe daily-close series for this symbol, skipped (see RV_HISTORY)
2026-09-15T16:13:07+00:00  --- intraday done  ok=4  skipped=0  failed=0  vix=written
2026-09-15T16:30:43+00:00  --- intraday capture  symbols=SPX SPY QQQ IWM
2026-09-15T16:30:45+00:00  SPX: greek fill gamma 70.8% / iv 91.0%
2026-09-15T16:30:45+00:00  SPX: 11,058 contracts -> SPX__162925.parquet
2026-09-15T16:30:45+00:00  SPX: spot 7,578.89  netGEX(win) -67.64Bn  flip 7647.9589  walls 7500.0/7500.0  negative  RR25 -0.0546 (STEEP)  P/C 1.1026
2026-09-15T16:30:46+00:00  SPY: greek fill gamma 82.4% / iv 81.8%
2026-09-15T16:30:46+00:00  SPY: 4,092 contracts -> SPY__163031.parquet
2026-09-15T16:30:46+00:00  SPY: spot 756.84  netGEX(win) -15.78Bn  flip 765.2103  walls 765.0/740.0  negative  RR25 -0.0559 (STEEP)  P/C 1.156
2026-09-15T16:30:47+00:00  QQQ: greek fill gamma 78.5% / iv 85.1%
2026-09-15T16:30:47+00:00  QQQ: 3,908 contracts -> QQQ__163033.parquet
2026-09-15T16:30:47+00:00  QQQ: spot 704.62  netGEX(win) -7.54Bn  flip 713.9552  walls 720.0/690.0  negative  RR25 -0.066 (STEEP)  P/C 1.0589
2026-09-15T16:30:48+00:00  IWM: greek fill gamma 84.7% / iv 80.6%
2026-09-15T16:30:48+00:00  IWM: 2,240 contracts -> IWM__163029.parquet
2026-09-15T16:30:48+00:00  IWM: spot 284.38  netGEX(win) -4.47Bn  flip 296.9784  walls 290.0/280.0  negative  RR25 -0.059 (STEEP)  P/C 1.9362
2026-09-15T16:30:48+00:00  appended 4 state row(s)
2026-09-15T16:30:48+00:00  VIX: 17.75 (+3.8% 1d, +12.1% 20d)  VIX9D: 17.88  term backwardation(short-rich) -> vix_state.csv
2026-09-15T16:30:48+00:00  RV QQQ: no free Cboe daily-close series for this symbol, skipped (see RV_HISTORY)
2026-09-15T16:30:48+00:00  --- intraday done  ok=4  skipped=0  failed=0  vix=written
2026-09-15T16:54:37+00:00  --- intraday capture  symbols=SPX SPY QQQ IWM
2026-09-15T16:54:38+00:00  SPX: greek fill gamma 70.4% / iv 92.8%
2026-09-15T16:54:38+00:00  SPX: 11,062 contracts -> SPX__165341.parquet
2026-09-15T16:54:38+00:00  SPX: spot 7,587.68  netGEX(win) -63.67Bn  flip 7645.9268  walls 7700.0/7500.0  negative  RR25 -0.0526 (STEEP)  P/C 1.0882
2026-09-15T16:54:39+00:00  SPY: greek fill gamma 83.6% / iv 80.9%
2026-09-15T16:54:39+00:00  SPY: 4,092 contracts -> SPY__165332.parquet
2026-09-15T16:54:39+00:00  SPY: spot 757.65  netGEX(win) -15.53Bn  flip 765.4559  walls 750.0/750.0  negative  RR25 -0.053 (STEEP)  P/C 1.14
2026-09-15T16:54:39+00:00  QQQ: greek fill gamma 78.3% / iv 88.3%
2026-09-15T16:54:39+00:00  QQQ: 3,910 contracts -> QQQ__165334.parquet
2026-09-15T16:54:39+00:00  QQQ: spot 705.52  netGEX(win) -7.28Bn  flip 713.6375  walls 720.0/690.0  negative  RR25 -0.063 (STEEP)  P/C 1.0369
2026-09-15T16:54:40+00:00  IWM: greek fill gamma 84.8% / iv 88.9%
2026-09-15T16:54:40+00:00  IWM: 2,238 contracts -> IWM__165329.parquet
2026-09-15T16:54:40+00:00  IWM: spot 284.99  netGEX(win) -4.47Bn  flip 296.9537  walls 290.0/280.0  negative  RR25 -0.0561 (STEEP)  P/C 1.9378
2026-09-15T16:54:40+00:00  appended 4 state row(s)
2026-09-15T16:54:40+00:00  VIX: 17.48 (+2.2% 1d, +10.4% 20d)  VIX9D: 17.51  term backwardation(short-rich) -> vix_state.csv
2026-09-15T16:54:40+00:00  RV QQQ: no free Cboe daily-close series for this symbol, skipped (see RV_HISTORY)
2026-09-15T16:54:40+00:00  --- intraday done  ok=4  skipped=0  failed=0  vix=written
2026-09-15T17:11:45+00:00  --- intraday capture  symbols=SPX SPY QQQ IWM
2026-09-15T17:11:46+00:00  SPX: greek fill gamma 70.2% / iv 95.5%
2026-09-15T17:11:46+00:00  SPX: 11,044 contracts -> SPX__171126.parquet
2026-09-15T17:11:46+00:00  SPX: spot 7,589.35  netGEX(win) -63.73Bn  flip 7647.6221  walls 7700.0/7500.0  negative  RR25 -0.0531 (STEEP)  P/C 1.1113
2026-09-15T17:11:47+00:00  SPY: greek fill gamma 83.2% / iv 82.7%
2026-09-15T17:11:47+00:00  SPY: 4,088 contracts -> SPY__171132.parquet
2026-09-15T17:11:47+00:00  SPY: spot 757.81  netGEX(win) -15.56Bn  flip 765.8723  walls 750.0/750.0  negative  RR25 -0.0532 (STEEP)  P/C 1.1093
2026-09-15T17:11:48+00:00  QQQ: greek fill gamma 78.3% / iv 88.9%
2026-09-15T17:11:48+00:00  QQQ: 3,910 contracts -> QQQ__171134.parquet
2026-09-15T17:11:48+00:00  QQQ: spot 705.64  netGEX(win) -7.24Bn  flip 713.1579  walls 720.0/690.0  negative  RR25 -0.0627 (STEEP)  P/C 1.0386
2026-09-15T17:11:48+00:00  IWM: greek fill gamma 85.1% / iv 88.4%
2026-09-15T17:11:48+00:00  IWM: 2,248 contracts -> IWM__171130.parquet
2026-09-15T17:11:48+00:00  IWM: spot 285.38  netGEX(win) -4.44Bn  flip 297.6408  walls 290.0/290.0  negative  RR25 -0.0562 (STEEP)  P/C 1.9317
2026-09-15T17:11:48+00:00  appended 4 state row(s)
2026-09-15T17:11:49+00:00  VIX: 17.48 (+2.2% 1d, +10.4% 20d)  VIX9D: 17.41  term contango(short-cheap) -> vix_state.csv
2026-09-15T17:11:49+00:00  RV QQQ: no free Cboe daily-close series for this symbol, skipped (see RV_HISTORY)
2026-09-15T17:11:49+00:00  --- intraday done  ok=4  skipped=0  failed=0  vix=written
2026-09-15T17:26:35+00:00  --- intraday capture  symbols=SPX SPY QQQ IWM
2026-09-15T17:26:37+00:00  SPX: greek fill gamma 70.1% / iv 93.7%
2026-09-15T17:26:37+00:00  SPX: 11,056 contracts -> SPX__172542.parquet
2026-09-15T17:26:37+00:00  SPX: spot 7,585.30  netGEX(win) -66.98Bn  flip 7645.9201  walls 7700.0/7500.0  negative  RR25 -0.0533 (STEEP)  P/C 1.1152
2026-09-15T17:26:38+00:00  SPY: greek fill gamma 82.6% / iv 81.6%
2026-09-15T17:26:38+00:00  SPY: 4,092 contracts -> SPY__172533.parquet
2026-09-15T17:26:38+00:00  SPY: spot 757.36  netGEX(win) -15.70Bn  flip 765.5877  walls 765.0/740.0  negative  RR25 -0.0547 (STEEP)  P/C 1.1067
2026-09-15T17:26:39+00:00  QQQ: greek fill gamma 77.9% / iv 84.6%
2026-09-15T17:26:39+00:00  QQQ: 3,908 contracts -> QQQ__172535.parquet
2026-09-15T17:26:39+00:00  QQQ: spot 705.02  netGEX(win) -7.64Bn  flip 714.6532  walls 720.0/690.0  negative  RR25 -0.0651 (STEEP)  P/C 1.0257
2026-09-15T17:26:39+00:00  IWM: greek fill gamma 84.8% / iv 92.6%
2026-09-15T17:26:39+00:00  IWM: 2,238 contracts -> IWM__172531.parquet
2026-09-15T17:26:39+00:00  IWM: spot 285.18  netGEX(win) -4.43Bn  flip 298.0428  walls 290.0/290.0  negative  RR25 -0.0561 (STEEP)  P/C 1.911
2026-09-15T17:26:39+00:00  appended 4 state row(s)
2026-09-15T17:26:40+00:00  VIX: 17.55 (+2.6% 1d, +10.8% 20d)  VIX9D: 17.52  term contango(short-cheap) -> vix_state.csv
2026-09-15T17:26:40+00:00  RV QQQ: no free Cboe daily-close series for this symbol, skipped (see RV_HISTORY)
2026-09-15T17:26:40+00:00  --- intraday done  ok=4  skipped=0  failed=0  vix=written
2026-09-15T17:41:43+00:00  --- intraday capture  symbols=SPX SPY QQQ IWM
2026-09-15T17:41:44+00:00  SPX: greek fill gamma 70.3% / iv 89.3%
2026-09-15T17:41:44+00:00  SPX: 11,058 contracts -> SPX__174043.parquet
2026-09-15T17:41:44+00:00  SPX: spot 7,577.94  netGEX(win) -69.77Bn  flip 7633.4841  walls 7500.0/7500.0  negative  RR25 -0.0547 (STEEP)  P/C 1.1074
2026-09-15T17:41:45+00:00  SPY: greek fill gamma 80.7% / iv 82.0%
2026-09-15T17:41:45+00:00  SPY: 4,092 contracts -> SPY__174133.parquet
2026-09-15T17:41:45+00:00  SPY: spot 756.85  netGEX(win) -16.07Bn  flip 765.2146  walls 765.0/740.0  negative  RR25 -0.054 (STEEP)  P/C 1.1026
2026-09-15T17:41:46+00:00  QQQ: greek fill gamma 77.5% / iv 84.6%
2026-09-15T17:41:46+00:00  QQQ: 3,908 contracts -> QQQ__174136.parquet
2026-09-15T17:41:46+00:00  QQQ: spot 704.75  netGEX(win) -7.86Bn  flip 714.6365  walls 720.0/690.0  negative  RR25 -0.0651 (STEEP)  P/C 1.0169
2026-09-15T17:41:46+00:00  IWM: greek fill gamma 84.5% / iv 93.0%
2026-09-15T17:41:46+00:00  IWM: 2,238 contracts -> IWM__174131.parquet
2026-09-15T17:41:46+00:00  IWM: spot 284.99  netGEX(win) -4.46Bn  flip 297.9775  walls 290.0/280.0  negative  RR25 -0.0551 (STEEP)  P/C 1.9629
2026-09-15T17:41:46+00:00  appended 4 state row(s)
2026-09-15T17:41:46+00:00  VIX: 17.67 (+3.3% 1d, +11.6% 20d)  VIX9D: 17.78  term backwardation(short-rich) -> vix_state.csv
2026-09-15T17:41:46+00:00  RV QQQ: no free Cboe daily-close series for this symbol, skipped (see RV_HISTORY)
2026-09-15T17:41:46+00:00  --- intraday done  ok=4  skipped=0  failed=0  vix=written
2026-09-15T17:53:18+00:00  --- intraday capture  symbols=SPX SPY QQQ IWM
2026-09-15T17:53:20+00:00  SPX: greek fill gamma 70.0% / iv 91.9%
2026-09-15T17:53:20+00:00  SPX: 11,056 contracts -> SPX__175243.parquet
2026-09-15T17:53:20+00:00  SPX: spot 7,582.57  netGEX(win) -69.78Bn  flip 7643.5884  walls 7500.0/7500.0  negative  RR25 -0.0511 (STEEP)  P/C 1.1027
2026-09-15T17:53:21+00:00  SPY: greek fill gamma 80.5% / iv 87.8%
2026-09-15T17:53:21+00:00  SPY: 4,092 contracts -> SPY__175234.parquet
2026-09-15T17:53:21+00:00  SPY: spot 757.02  netGEX(win) -16.15Bn  flip 765.3663  walls 765.0/740.0  negative  RR25 -0.0551 (STEEP)  P/C 1.0931
2026-09-15T17:53:22+00:00  QQQ: greek fill gamma 77.4% / iv 84.4%
2026-09-15T17:53:22+00:00  QQQ: 3,908 contracts -> QQQ__175236.parquet
2026-09-15T17:53:22+00:00  QQQ: spot 704.85  netGEX(win) -7.99Bn  flip 714.5366  walls 720.0/690.0  negative  RR25 -0.0649 (STEEP)  P/C 1.0079
2026-09-15T17:53:22+00:00  IWM: greek fill gamma 84.5% / iv 92.7%
2026-09-15T17:53:23+00:00  IWM: 2,248 contracts -> IWM__175231.parquet
2026-09-15T17:53:23+00:00  IWM: spot 285.23  netGEX(win) -4.44Bn  flip 296.9018  walls 290.0/290.0  negative  RR25 -0.0559 (STEEP)  P/C 1.9378
2026-09-15T17:53:23+00:00  appended 4 state row(s)
2026-09-15T17:53:23+00:00  VIX: 17.62 (+3.0% 1d, +11.2% 20d)  VIX9D: 17.67  term backwardation(short-rich) -> vix_state.csv
2026-09-15T17:53:23+00:00  RV QQQ: no free Cboe daily-close series for this symbol, skipped (see RV_HISTORY)
2026-09-15T17:53:23+00:00  --- intraday done  ok=4  skipped=0  failed=0  vix=written
2026-09-15T18:13:56+00:00  --- intraday capture  symbols=SPX SPY QQQ IWM
2026-09-15T18:13:57+00:00  SPX: greek fill gamma 69.8% / iv 93.6%
2026-09-15T18:13:58+00:00  SPX: 11,056 contracts -> SPX__181344.parquet
2026-09-15T18:13:58+00:00  SPX: spot 7,584.10  netGEX(win) -70.10Bn  flip 7645.0093  walls 7700.0/7500.0  negative  RR25 -0.0535 (STEEP)  P/C 1.0972
2026-09-15T18:13:58+00:00  SPY: greek fill gamma 80.7% / iv 83.2%
2026-09-15T18:13:58+00:00  SPY: 4,092 contracts -> SPY__181334.parquet
2026-09-15T18:13:58+00:00  SPY: spot 757.27  netGEX(win) -16.14Bn  flip 765.0022  walls 765.0/740.0  negative  RR25 -0.055 (STEEP)  P/C 1.0821
2026-09-15T18:13:59+00:00  QQQ: greek fill gamma 76.9% / iv 85.3%
2026-09-15T18:13:59+00:00  QQQ: 3,908 contracts -> QQQ__181337.parquet
2026-09-15T18:13:59+00:00  QQQ: spot 705.04  netGEX(win) -8.11Bn  flip 712.4264  walls 720.0/690.0  negative  RR25 -0.0651 (STEEP)  P/C 1.0024
2026-09-15T18:13:59+00:00  IWM: greek fill gamma 84.3% / iv 91.5%
2026-09-15T18:13:59+00:00  IWM: 2,248 contracts -> IWM__181332.parquet
2026-09-15T18:13:59+00:00  IWM: spot 285.31  netGEX(win) -4.42Bn  flip 297.8313  walls 290.0/290.0  negative  RR25 -0.0551 (STEEP)  P/C 2.0351
2026-09-15T18:13:59+00:00  appended 4 state row(s)
2026-09-15T18:14:00+00:00  VIX: 17.56 (+2.7% 1d, +10.9% 20d)  VIX9D: 17.56  term contango(short-cheap) -> vix_state.csv
2026-09-15T18:14:00+00:00  RV QQQ: no free Cboe daily-close series for this symbol, skipped (see RV_HISTORY)
2026-09-15T18:14:00+00:00  --- intraday done  ok=4  skipped=0  failed=0  vix=written
2026-09-15T18:32:24+00:00  --- intraday capture  symbols=SPX SPY QQQ IWM
2026-09-15T18:32:26+00:00  SPX: greek fill gamma 69.8% / iv 92.8%
2026-09-15T18:32:26+00:00  SPX: 11,062 contracts -> SPX__183145.parquet
2026-09-15T18:32:26+00:00  SPX: spot 7,587.10  netGEX(win) -69.61Bn  flip 7648.2947  walls 7700.0/7500.0  negative  RR25 -0.0539 (STEEP)  P/C 1.1003
2026-09-15T18:32:27+00:00  SPY: greek fill gamma 81.6% / iv 79.1%
2026-09-15T18:32:27+00:00  SPY: 4,092 contracts -> SPY__183135.parquet
2026-09-15T18:32:27+00:00  SPY: spot 757.53  netGEX(win) -15.83Bn  flip 764.9202  walls 770.0/740.0  negative  RR25 -0.0541 (STEEP)  P/C 1.0684
2026-09-15T18:32:28+00:00  QQQ: greek fill gamma 77.0% / iv 83.8%
2026-09-15T18:32:28+00:00  QQQ: 3,908 contracts -> QQQ__183137.parquet
2026-09-15T18:32:28+00:00  QQQ: spot 705.07  netGEX(win) -8.19Bn  flip 713.5114  walls 720.0/690.0  negative  RR25 -0.0652 (STEEP)  P/C 0.9971
2026-09-15T18:32:28+00:00  IWM: greek fill gamma 83.8% / iv 93.1%
2026-09-15T18:32:28+00:00  IWM: 2,248 contracts -> IWM__183133.parquet
2026-09-15T18:32:28+00:00  IWM: spot 285.64  netGEX(win) -4.40Bn  flip 296.9332  walls 290.0/290.0  negative  RR25 -0.0546 (STEEP)  P/C 2.0203
2026-09-15T18:32:28+00:00  appended 4 state row(s)
2026-09-15T18:32:29+00:00  VIX: 17.48 (+2.2% 1d, +10.4% 20d)  VIX9D: 17.51  term backwardation(short-rich) -> vix_state.csv
2026-09-15T18:32:29+00:00  RV QQQ: no free Cboe daily-close series for this symbol, skipped (see RV_HISTORY)
2026-09-15T18:32:29+00:00  --- intraday done  ok=4  skipped=0  failed=0  vix=written
2026-09-15T18:55:21+00:00  --- intraday capture  symbols=SPX SPY QQQ IWM
2026-09-15T18:55:22+00:00  SPX: greek fill gamma 69.9% / iv 91.6%
2026-09-15T18:55:22+00:00  SPX: 11,056 contracts -> SPX__185446.parquet
2026-09-15T18:55:22+00:00  SPX: spot 7,584.05  netGEX(win) -70.82Bn  flip 7647.7875  walls 7700.0/7500.0  negative  RR25 -0.0516 (STEEP)  P/C 1.1004
2026-09-15T18:55:23+00:00  SPY: greek fill gamma 81.0% / iv 81.0%
2026-09-15T18:55:23+00:00  SPY: 4,092 contracts -> SPY__185436.parquet
2026-09-15T18:55:23+00:00  SPY: spot 757.25  netGEX(win) -15.72Bn  flip 764.941  walls 765.0/740.0  negative  RR25 -0.0552 (STEEP)  P/C 1.0894
2026-09-15T18:55:24+00:00  QQQ: greek fill gamma 77.3% / iv 82.3%
2026-09-15T18:55:24+00:00  QQQ: 3,908 contracts -> QQQ__185438.parquet
2026-09-15T18:55:24+00:00  QQQ: spot 704.87  netGEX(win) -8.45Bn  flip 713.4018  walls 720.0/690.0  negative  RR25 -0.0657 (STEEP)  P/C 0.9932
2026-09-15T18:55:25+00:00  IWM: greek fill gamma 83.2% / iv 81.0%
2026-09-15T18:55:25+00:00  IWM: 2,248 contracts -> IWM__185433.parquet
2026-09-15T18:55:25+00:00  IWM: spot 285.33  netGEX(win) -4.45Bn  flip 296.9076  walls 290.0/290.0  negative  RR25 -0.0558 (STEEP)  P/C 2.0025
2026-09-15T18:55:25+00:00  appended 4 state row(s)
2026-09-15T18:55:25+00:00  VIX: 17.49 (+2.3% 1d, +10.4% 20d)  VIX9D: 17.66  term backwardation(short-rich) -> vix_state.csv
2026-09-15T18:55:25+00:00  RV QQQ: no free Cboe daily-close series for this symbol, skipped (see RV_HISTORY)
2026-09-15T18:55:25+00:00  --- intraday done  ok=4  skipped=0  failed=0  vix=written
2026-09-15T19:11:38+00:00  --- intraday capture  symbols=SPX SPY QQQ IWM
2026-09-15T19:11:40+00:00  SPX: greek fill gamma 69.8% / iv 94.0%
2026-09-15T19:11:40+00:00  SPX: 11,056 contracts -> SPX__191105.parquet
2026-09-15T19:11:40+00:00  SPX: spot 7,582.76  netGEX(win) -70.91Bn  flip 7636.8949  walls 7500.0/7500.0  negative  RR25 -0.0516 (STEEP)  P/C 1.1134
2026-09-15T19:11:41+00:00  SPY: greek fill gamma 81.1% / iv 85.3%
2026-09-15T19:11:41+00:00  SPY: 4,092 contracts -> SPY__191111.parquet
2026-09-15T19:11:41+00:00  SPY: spot 757.11  netGEX(win) -15.53Bn  flip 764.8848  walls 765.0/740.0  negative  RR25 -0.0553 (STEEP)  P/C 1.0909
2026-09-15T19:11:42+00:00  QQQ: greek fill gamma 77.6% / iv 86.1%
2026-09-15T19:11:42+00:00  QQQ: 3,908 contracts -> QQQ__191113.parquet
2026-09-15T19:11:42+00:00  QQQ: spot 704.55  netGEX(win) -8.57Bn  flip 713.0701  walls 720.0/690.0  negative  RR25 -0.0641 (STEEP)  P/C 0.9818
2026-09-15T19:11:43+00:00  IWM: greek fill gamma 82.5% / iv 94.3%
2026-09-15T19:11:43+00:00  IWM: 2,238 contracts -> IWM__191109.parquet
2026-09-15T19:11:43+00:00  IWM: spot 285.21  netGEX(win) -4.44Bn  flip 298.0104  walls 290.0/290.0  negative  RR25 -0.0561 (STEEP)  P/C 2.0387
2026-09-15T19:11:43+00:00  appended 4 state row(s)
2026-09-15T19:11:44+00:00  VIX: 17.52 (+2.5% 1d, +10.6% 20d)  VIX9D: 17.70  term backwardation(short-rich) -> vix_state.csv
2026-09-15T19:11:44+00:00  RV QQQ: no free Cboe daily-close series for this symbol, skipped (see RV_HISTORY)
2026-09-15T19:11:44+00:00  --- intraday done  ok=4  skipped=0  failed=0  vix=written
2026-09-15T19:26:59+00:00  --- intraday capture  symbols=SPX SPY QQQ IWM
2026-09-15T19:27:00+00:00  SPX: greek fill gamma 69.5% / iv 91.6%
2026-09-15T19:27:00+00:00  SPX: 11,056 contracts -> SPX__192654.parquet
2026-09-15T19:27:00+00:00  SPX: spot 7,584.21  netGEX(win) -71.07Bn  flip 7646.0676  walls 7700.0/7500.0  negative  RR25 -0.0512 (STEEP)  P/C 1.108
2026-09-15T19:27:01+00:00  SPY: greek fill gamma 80.4% / iv 82.0%
2026-09-15T19:27:01+00:00  SPY: 4,092 contracts -> SPY__192612.parquet
2026-09-15T19:27:01+00:00  SPY: spot 757.30  netGEX(win) -15.54Bn  flip 765.1061  walls 765.0/740.0  negative  RR25 -0.055 (STEEP)  P/C 1.0895
2026-09-15T19:27:02+00:00  QQQ: greek fill gamma 77.5% / iv 87.8%
2026-09-15T19:27:02+00:00  QQQ: 3,908 contracts -> QQQ__192614.parquet
2026-09-15T19:27:02+00:00  QQQ: spot 704.69  netGEX(win) -8.84Bn  flip 713.5486  walls 720.0/690.0  negative  RR25 -0.0652 (STEEP)  P/C 0.9851
2026-09-15T19:27:02+00:00  IWM: greek fill gamma 82.1% / iv 80.5%
2026-09-15T19:27:03+00:00  IWM: 2,248 contracts -> IWM__192609.parquet
2026-09-15T19:27:03+00:00  IWM: spot 285.28  netGEX(win) -4.46Bn  flip 296.1578  walls 290.0/290.0  negative  RR25 -0.0558 (STEEP)  P/C 2.0829
2026-09-15T19:27:03+00:00  appended 4 state row(s)
2026-09-15T19:27:03+00:00  VIX: 17.43 (+1.9% 1d, +10.0% 20d)  VIX9D: 17.51  term backwardation(short-rich) -> vix_state.csv
2026-09-15T19:27:03+00:00  RV QQQ: no free Cboe daily-close series for this symbol, skipped (see RV_HISTORY)
2026-09-15T19:27:03+00:00  --- intraday done  ok=4  skipped=0  failed=0  vix=written
2026-09-15T19:42:40+00:00  --- intraday capture  symbols=SPX SPY QQQ IWM
2026-09-15T19:42:42+00:00  SPX: greek fill gamma 69.4% / iv 91.1%
2026-09-15T19:42:42+00:00  SPX: 11,058 contracts -> SPX__194206.parquet
2026-09-15T19:42:42+00:00  SPX: spot 7,582.10  netGEX(win) -72.37Bn  flip 7647.2309  walls 7500.0/7500.0  negative  RR25 -0.0514 (STEEP)  P/C 1.1165
2026-09-15T19:42:43+00:00  SPY: greek fill gamma 78.8% / iv 86.0%
2026-09-15T19:42:43+00:00  SPY: 4,092 contracts -> SPY__194212.parquet
2026-09-15T19:42:43+00:00  SPY: spot 757.08  netGEX(win) -15.88Bn  flip 764.8784  walls 765.0/740.0  negative  RR25 -0.0551 (STEEP)  P/C 1.0976
2026-09-15T19:42:43+00:00  QQQ: greek fill gamma 77.4% / iv 85.3%
2026-09-15T19:42:43+00:00  QQQ: 3,908 contracts -> QQQ__194215.parquet
2026-09-15T19:42:43+00:00  QQQ: spot 704.39  netGEX(win) -8.93Bn  flip 713.9635  walls 720.0/690.0  negative  RR25 -0.0655 (STEEP)  P/C 0.9881
2026-09-15T19:42:44+00:00  IWM: greek fill gamma 81.8% / iv 81.0%
2026-09-15T19:42:44+00:00  IWM: 2,238 contracts -> IWM__194210.parquet
2026-09-15T19:42:44+00:00  IWM: spot 285.00  netGEX(win) -4.57Bn  flip 296.8724  walls 290.0/280.0  negative  RR25 -0.0552 (STEEP)  P/C 2.0783
2026-09-15T19:42:44+00:00  appended 4 state row(s)
2026-09-15T19:42:44+00:00  VIX: 17.48 (+2.2% 1d, +10.4% 20d)  VIX9D: 17.58  term backwardation(short-rich) -> vix_state.csv
2026-09-15T19:42:44+00:00  RV QQQ: no free Cboe daily-close series for this symbol, skipped (see RV_HISTORY)
2026-09-15T19:42:44+00:00  --- intraday done  ok=4  skipped=0  failed=0  vix=written
2026-09-15T19:54:36+00:00  --- intraday capture  symbols=SPX SPY QQQ IWM
2026-09-15T19:54:37+00:00  SPX: greek fill gamma 69.3% / iv 89.6%
2026-09-15T19:54:37+00:00  SPX: 11,058 contracts -> SPX__195407.parquet
2026-09-15T19:54:37+00:00  SPX: spot 7,578.31  netGEX(win) -73.96Bn  flip 7646.899  walls 7500.0/7500.0  negative  RR25 -0.0547 (STEEP)  P/C 1.1232
2026-09-15T19:54:38+00:00  SPY: greek fill gamma 78.6% / iv 80.3%
2026-09-15T19:54:38+00:00  SPY: 4,092 contracts -> SPY__195413.parquet
2026-09-15T19:54:38+00:00  SPY: spot 756.63  netGEX(win) -15.84Bn  flip 763.3597  walls 765.0/740.0  negative  RR25 -0.054 (STEEP)  P/C 1.0931
2026-09-15T19:54:39+00:00  QQQ: greek fill gamma 77.2% / iv 80.5%
2026-09-15T19:54:39+00:00  QQQ: 3,878 contracts -> QQQ__195415.parquet
2026-09-15T19:54:39+00:00  QQQ: spot 703.91  netGEX(win) -8.51Bn  flip 709.938  walls 720.0/690.0  negative  RR25 -0.0651 (STEEP)  P/C 0.9925
2026-09-15T19:54:40+00:00  IWM: greek fill gamma 81.7% / iv 80.3%
2026-09-15T19:54:40+00:00  IWM: 2,238 contracts -> IWM__195410.parquet
2026-09-15T19:54:40+00:00  IWM: spot 284.82  netGEX(win) -4.60Bn  flip 296.0154  walls 290.0/280.0  negative  RR25 -0.0552 (STEEP)  P/C 2.0849
2026-09-15T19:54:40+00:00  appended 4 state row(s)
2026-09-15T19:54:40+00:00  VIX: 17.48 (+2.2% 1d, +10.4% 20d)  VIX9D: 17.62  term backwardation(short-rich) -> vix_state.csv
2026-09-15T19:54:40+00:00  RV QQQ: no free Cboe daily-close series for this symbol, skipped (see RV_HISTORY)
2026-09-15T19:54:40+00:00  --- intraday done  ok=4  skipped=0  failed=0  vix=written
2026-09-15T20:13:14+00:00  --- intraday capture  symbols=SPX SPY QQQ IWM
2026-09-15T20:13:16+00:00  SPX: greek fill gamma 71.0% / iv 93.0%
2026-09-15T20:13:16+00:00  SPX: 11,364 contracts -> SPX__201256.parquet
2026-09-15T20:13:16+00:00  SPX: spot 7,580.99  netGEX(win) -46.10Bn  flip 7650.1061  walls 7500.0/7500.0  negative  RR25 -0.0512 (STEEP)  P/C 1.4155
2026-09-15T20:13:17+00:00  SPY: greek fill gamma 81.2% / iv 83.3%
2026-09-15T20:13:17+00:00  SPY: 4,250 contracts -> SPY__201213.parquet
2026-09-15T20:13:17+00:00  SPY: spot 756.99  netGEX(win) -11.59Bn  flip 767.5825  walls 765.0/740.0  negative  RR25 -0.0539 (STEEP)  P/C 1.2809
2026-09-15T20:13:18+00:00  QQQ: greek fill gamma 76.4% / iv 84.6%
2026-09-15T20:13:18+00:00  QQQ: 3,926 contracts -> QQQ__201215.parquet
2026-09-15T20:13:18+00:00  QQQ: spot 704.13  netGEX(win) -5.29Bn  flip 716.8522  walls 720.0/690.0  negative  RR25 -0.0647 (STEEP)  P/C 1.3021
2026-09-15T20:13:18+00:00  IWM: greek fill gamma 80.4% / iv 80.3%
2026-09-15T20:13:18+00:00  IWM: 2,264 contracts -> IWM__201211.parquet
2026-09-15T20:13:18+00:00  IWM: spot 284.79  netGEX(win) -4.12Bn  flip 297.8471  walls 290.0/280.0  negative  RR25 -0.0549 (STEEP)  P/C 3.0636
2026-09-15T20:13:18+00:00  appended 4 state row(s)
2026-09-15T20:13:19+00:00  VIX: 17.44 (+2.0% 1d, +10.1% 20d)  VIX9D: 17.63  term backwardation(short-rich) -> vix_state.csv
2026-09-15T20:13:19+00:00  RV QQQ: no free Cboe daily-close series for this symbol, skipped (see RV_HISTORY)
2026-09-15T20:13:19+00:00  --- intraday done  ok=4  skipped=0  failed=0  vix=written
2026-09-15T20:29:02+00:00  --- intraday capture  symbols=SPX SPY QQQ IWM
2026-09-15T20:29:03+00:00  SPX: greek fill gamma 71.0% / iv 90.2%
2026-09-15T20:29:03+00:00  SPX: 11,362 contracts -> SPX__202857.parquet
2026-09-15T20:29:03+00:00  SPX: spot 7,585.73  netGEX(win) -41.88Bn  flip 7670.094  walls 7700.0/7500.0  negative  RR25 -0.0534 (STEEP)  P/C 1.4747
2026-09-15T20:29:04+00:00  SPY: greek fill gamma 81.5% / iv 83.3%
2026-09-15T20:29:04+00:00  SPY: 4,244 contracts -> SPY__202814.parquet
2026-09-15T20:29:04+00:00  SPY: spot 758.13  netGEX(win) -10.96Bn  flip 767.7018  walls 750.0/750.0  negative  RR25 -0.0518 (STEEP)  P/C 1.2651
2026-09-15T20:29:05+00:00  QQQ: greek fill gamma 76.7% / iv 89.5%
2026-09-15T20:29:05+00:00  QQQ: 3,958 contracts -> QQQ__202816.parquet
2026-09-15T20:29:05+00:00  QQQ: spot 705.51  netGEX(win) -4.98Bn  flip 717.048  walls 720.0/690.0  negative  RR25 -0.0639 (STEEP)  P/C 1.2858
2026-09-15T20:29:05+00:00  IWM: greek fill gamma 80.2% / iv 81.2%
2026-09-15T20:29:05+00:00  IWM: 2,276 contracts -> IWM__202812.parquet
2026-09-15T20:29:05+00:00  IWM: spot 285.24  netGEX(win) -4.11Bn  flip 297.4508  walls 290.0/290.0  negative  RR25 -0.0554 (STEEP)  P/C 3.0707
2026-09-15T20:29:05+00:00  appended 4 state row(s)
2026-09-15T20:29:06+00:00  VIX: 17.20 (+0.6% 1d, +8.6% 20d)  VIX9D: 17.15  term contango(short-cheap) -> vix_state.csv
2026-09-15T20:29:06+00:00  RV QQQ: no free Cboe daily-close series for this symbol, skipped (see RV_HISTORY)
2026-09-15T20:29:06+00:00  --- intraday done  ok=4  skipped=0  failed=0  vix=written
2026-09-15T20:45:19+00:00  --- intraday capture  symbols=SPX SPY QQQ IWM
2026-09-15T20:45:20+00:00  SPX: greek fill gamma 71.1% / iv 93.2%
2026-09-15T20:45:21+00:00  SPX: 11,362 contracts -> SPX__204458.parquet
2026-09-15T20:45:21+00:00  SPX: spot 7,585.73  netGEX(win) -41.84Bn  flip 7670.3399  walls 7700.0/7500.0  negative  RR25 -0.0533 (STEEP)  P/C 1.4757
2026-09-15T20:45:21+00:00  SPY: greek fill gamma 81.6% / iv 81.9%
2026-09-15T20:45:21+00:00  SPY: 4,244 contracts -> SPY__204414.parquet
2026-09-15T20:45:21+00:00  SPY: spot 758.08  netGEX(win) -10.92Bn  flip 767.6904  walls 750.0/750.0  negative  RR25 -0.0521 (STEEP)  P/C 1.2656
2026-09-15T20:45:22+00:00  QQQ: greek fill gamma 76.8% / iv 90.1%
2026-09-15T20:45:22+00:00  QQQ: 3,956 contracts -> QQQ__204416.parquet
2026-09-15T20:45:22+00:00  QQQ: spot 705.14  netGEX(win) -4.97Bn  flip 716.8411  walls 720.0/690.0  negative  RR25 -0.0637 (STEEP)  P/C 1.2835
2026-09-15T20:45:23+00:00  IWM: greek fill gamma 80.2% / iv 81.5%
2026-09-15T20:45:23+00:00  IWM: 2,264 contracts -> IWM__204412.parquet
2026-09-15T20:45:23+00:00  IWM: spot 285.20  netGEX(win) -4.11Bn  flip 297.4208  walls 290.0/290.0  negative  RR25 -0.0554 (STEEP)  P/C 3.0682
2026-09-15T20:45:23+00:00  appended 4 state row(s)
2026-09-15T20:45:23+00:00  VIX: 17.20 (+0.6% 1d, +8.6% 20d)  VIX9D: 17.21  term backwardation(short-rich) -> vix_state.csv
2026-09-15T20:45:23+00:00  RV QQQ: no free Cboe daily-close series for this symbol, skipped (see RV_HISTORY)
2026-09-15T20:45:23+00:00  --- intraday done  ok=4  skipped=0  failed=0  vix=written
2026-09-15T20:56:27+00:00  --- intraday capture  symbols=SPX SPY QQQ IWM
2026-09-15T20:56:28+00:00  SPX: greek fill gamma 71.1% / iv 92.8%
2026-09-15T20:56:28+00:00  SPX: 11,362 contracts -> SPX__205609.parquet
2026-09-15T20:56:28+00:00  SPX: spot 7,585.73  netGEX(win) -42.21Bn  flip 7668.6163  walls 7700.0/7500.0  negative  RR25 -0.0537 (STEEP)  P/C 1.4757
2026-09-15T20:56:29+00:00  SPY: greek fill gamma 81.6% / iv 81.9%
2026-09-15T20:56:29+00:00  SPY: 4,244 contracts -> SPY__205614.parquet
2026-09-15T20:56:29+00:00  SPY: spot 758.05  netGEX(win) -10.92Bn  flip 767.687  walls 750.0/750.0  negative  RR25 -0.0521 (STEEP)  P/C 1.2656
2026-09-15T20:56:30+00:00  QQQ: greek fill gamma 76.8% / iv 90.1%
2026-09-15T20:56:30+00:00  QQQ: 3,958 contracts -> QQQ__205617.parquet
2026-09-15T20:56:30+00:00  QQQ: spot 705.28  netGEX(win) -4.97Bn  flip 716.8368  walls 720.0/690.0  negative  RR25 -0.0637 (STEEP)  P/C 1.2835
2026-09-15T20:56:31+00:00  IWM: greek fill gamma 80.2% / iv 81.5%
2026-09-15T20:56:31+00:00  IWM: 2,276 contracts -> IWM__205612.parquet
2026-09-15T20:56:31+00:00  IWM: spot 285.25  netGEX(win) -4.11Bn  flip 297.4148  walls 290.0/290.0  negative  RR25 -0.0554 (STEEP)  P/C 3.0682
2026-09-15T20:56:31+00:00  appended 4 state row(s)
2026-09-15T20:56:31+00:00  VIX: 17.20/17.21 unchanged from the last row, nothing written (feed_ts 2026-09-15T16:15:01)
2026-09-15T20:56:31+00:00  RV QQQ: no free Cboe daily-close series for this symbol, skipped (see RV_HISTORY)
2026-09-15T20:56:31+00:00  --- intraday done  ok=4  skipped=0  failed=0
2026-09-16T13:14:12+00:00  --- intraday capture  symbols=SPX SPY QQQ IWM
2026-09-16T13:14:13+00:00  SPX: greek fill gamma 69.8% / iv 97.7%
2026-09-16T13:14:13+00:00  SPX: 11,780 contracts -> SPX__131122.parquet
2026-09-16T13:14:13+00:00  SPX: spot 7,585.73  netGEX(win) -30.99Bn  flip 7652.8676  walls 7700.0/7500.0  negative  RR25 -0.0486 (STEEP)  P/C 1.4758
2026-09-16T13:14:14+00:00  SPY: greek fill gamma 76.9% / iv 77.9%
2026-09-16T13:14:14+00:00  SPY: 4,392 contracts -> SPY__130906.parquet
2026-09-16T13:14:14+00:00  SPY: spot 759.57  netGEX(win) -11.65Bn  flip 766.0416  walls 750.0/750.0  negative  RR25 -0.0521 (STEEP)  P/C 1.2635
2026-09-16T13:14:15+00:00  QQQ: greek fill gamma 72.3% / iv 83.7%
2026-09-16T13:14:15+00:00  QQQ: 4,114 contracts -> QQQ__131046.parquet
2026-09-16T13:14:15+00:00  QQQ: spot 707.71  netGEX(win) -4.34Bn  flip 712.8915  walls 720.0/700.0  negative  RR25 -0.0641 (STEEP)  P/C 1.281
2026-09-16T13:14:15+00:00  IWM: greek fill gamma 77.9% / iv 78.3%
2026-09-16T13:14:16+00:00  IWM: 2,360 contracts -> IWM__124319.parquet
2026-09-16T13:14:16+00:00  IWM: spot 285.72  netGEX(win) -4.08Bn  flip 296.4894  walls 290.0/280.0  negative  RR25 -0.0554 (STEEP)  P/C 3.0682
2026-09-16T13:14:16+00:00  appended 4 state row(s)
2026-09-16T13:14:16+00:00  VIX: 17.20/17.21 unchanged from the last row, nothing written (feed_ts 2026-09-15T16:15:01)
2026-09-16T13:14:16+00:00  RV SPX: HV20 9.06%  down/up 0.71x  through 2026-09-15  (13,034 closes)
2026-09-16T13:14:17+00:00  RV SPY (via SPX): HV20 9.06%  down/up 0.71x  through 2026-09-15  (13,034 closes)
2026-09-16T13:14:17+00:00  RV QQQ: no free Cboe daily-close series for this symbol, skipped (see RV_HISTORY)
2026-09-16T13:14:17+00:00  RV IWM (via RUT): HV20 13.04%  down/up 1.12x  through 2026-09-15  (1,455 closes)
2026-09-16T13:14:17+00:00  appended 3 realized-vol row(s) -> realized_vol.csv
2026-09-16T13:14:17+00:00  --- intraday done  ok=4  skipped=0  failed=0  rv=3
2026-09-16T13:32:49+00:00  --- intraday capture  symbols=SPX SPY QQQ IWM
2026-09-16T13:32:52+00:00  SPX: greek fill gamma 69.8% / iv 92.5%
2026-09-16T13:32:52+00:00  SPX: 11,780 contracts -> SPX__132858.parquet
2026-09-16T13:32:52+00:00  SPX: spot 7,585.73  netGEX(win) -28.76Bn  flip 7654.8403  walls 7700.0/7500.0  negative  RR25 -0.0497 (STEEP)  P/C 1.4758
2026-09-16T13:32:53+00:00  SPY: greek fill gamma 76.9% / iv 77.9%
2026-09-16T13:32:54+00:00  SPY: 4,392 contracts -> SPY__132757.parquet
2026-09-16T13:32:54+00:00  SPY: spot 759.80  netGEX(win) -11.66Bn  flip 766.0317  walls 750.0/750.0  negative  RR25 -0.0521 (STEEP)  P/C 1.2635
2026-09-16T13:32:54+00:00  QQQ: greek fill gamma 72.3% / iv 83.7%
2026-09-16T13:32:55+00:00  QQQ: 4,114 contracts -> QQQ__132942.parquet
2026-09-16T13:32:55+00:00  QQQ: spot 708.32  netGEX(win) -4.34Bn  flip 712.8824  walls 720.0/700.0  negative  RR25 -0.0641 (STEEP)  P/C 1.281
2026-09-16T13:32:56+00:00  IWM: greek fill gamma 77.9% / iv 78.3%
2026-09-16T13:32:56+00:00  IWM: 2,360 contracts -> IWM__131931.parquet
2026-09-16T13:32:56+00:00  IWM: spot 285.66  netGEX(win) -4.08Bn  flip 296.4807  walls 290.0/280.0  negative  RR25 -0.0554 (STEEP)  P/C 3.0682
2026-09-16T13:32:56+00:00  appended 4 state row(s)
2026-09-16T13:32:57+00:00  VIX: 17.20/17.21 unchanged from the last row, nothing written (feed_ts 2026-09-15T16:15:01)
2026-09-16T13:32:57+00:00  RV QQQ: no free Cboe daily-close series for this symbol, skipped (see RV_HISTORY)
2026-09-16T13:32:57+00:00  --- intraday done  ok=4  skipped=0  failed=0
2026-09-16T13:55:43+00:00  --- intraday capture  symbols=SPX SPY QQQ IWM
2026-09-16T13:55:45+00:00  SPX: greek fill gamma 70.0% / iv 90.8%
2026-09-16T13:55:45+00:00  SPX: 11,752 contracts -> SPX__135119.parquet
2026-09-16T13:55:45+00:00  SPX: spot 7,601.92  netGEX(win) -32.69Bn  flip 7647.706  walls 7700.0/7500.0  negative  RR25 -0.0507 (STEEP)  P/C 1.1901
2026-09-16T13:55:45+00:00  SPY: greek fill gamma 77.8% / iv 82.0%
2026-09-16T13:55:46+00:00  SPY: 4,424 contracts -> SPY__135515.parquet
2026-09-16T13:55:46+00:00  SPY: spot 758.79  netGEX(win) -11.20Bn  flip 765.9995  walls 750.0/750.0  negative  RR25 -0.0515 (STEEP)  P/C 1.1158
2026-09-16T13:55:46+00:00  QQQ: greek fill gamma 77.7% / iv 84.7%
2026-09-16T13:55:47+00:00  QQQ: 4,116 contracts -> QQQ__135504.parquet
2026-09-16T13:55:47+00:00  QQQ: spot 708.14  netGEX(win) -3.07Bn  flip 712.9142  walls 720.0/700.0  negative  RR25 -0.0602 (STEEP)  P/C 1.1383
2026-09-16T13:55:47+00:00  IWM: greek fill gamma 82.8% / iv 90.4%
2026-09-16T13:55:47+00:00  IWM: 2,360 contracts -> IWM__135512.parquet
2026-09-16T13:55:47+00:00  IWM: spot 285.80  netGEX(win) -4.18Bn  flip 296.7364  walls 290.0/290.0  negative  RR25 -0.0537 (STEEP)  P/C 1.1469
2026-09-16T13:55:47+00:00  appended 4 state row(s)
2026-09-16T13:55:48+00:00  VIX: 16.91 (-1.7% 1d, +13.6% 20d)  VIX9D: 16.80  term contango(short-cheap) -> vix_state.csv
2026-09-16T13:55:48+00:00  RV QQQ: no free Cboe daily-close series for this symbol, skipped (see RV_HISTORY)
2026-09-16T13:55:48+00:00  --- intraday done  ok=4  skipped=0  failed=0  vix=written
2026-09-16T14:14:26+00:00  --- intraday capture  symbols=SPX SPY QQQ IWM
2026-09-16T14:14:27+00:00  SPX: greek fill gamma 70.3% / iv 92.6%
2026-09-16T14:14:27+00:00  SPX: 11,748 contracts -> SPX__140815.parquet
2026-09-16T14:14:27+00:00  SPX: spot 7,613.12  netGEX(win) -26.49Bn  flip 7651.9256  walls 7700.0/7500.0  negative  RR25 -0.0507 (STEEP)  P/C 0.9839
2026-09-16T14:14:28+00:00  SPY: greek fill gamma 78.7% / iv 84.9%
2026-09-16T14:14:28+00:00  SPY: 4,386 contracts -> SPY__141416.parquet
2026-09-16T14:14:28+00:00  SPY: spot 760.04  netGEX(win) -10.05Bn  flip 766.086  walls 770.0/750.0  negative  RR25 -0.0512 (STEEP)  P/C 1.0169
2026-09-16T14:14:29+00:00  QQQ: greek fill gamma 77.7% / iv 85.1%
2026-09-16T14:14:29+00:00  QQQ: 4,146 contracts -> QQQ__141405.parquet
2026-09-16T14:14:29+00:00  QQQ: spot 709.83  netGEX(win) -2.13Bn  flip 713.1526  walls 720.0/700.0  negative  RR25 -0.0598 (STEEP)  P/C 1.1742
2026-09-16T14:14:30+00:00  IWM: greek fill gamma 83.9% / iv 85.2%
2026-09-16T14:14:30+00:00  IWM: 2,370 contracts -> IWM__141413.parquet
2026-09-16T14:14:30+00:00  IWM: spot 286.61  netGEX(win) -4.09Bn  flip 296.5713  walls 290.0/290.0  negative  RR25 -0.0505 (STEEP)  P/C 1.2789
2026-09-16T14:14:30+00:00  appended 4 state row(s)
2026-09-16T14:14:31+00:00  VIX: 16.74 (-2.7% 1d, +12.4% 20d)  VIX9D: 16.41  term contango(short-cheap) -> vix_state.csv
2026-09-16T14:14:31+00:00  RV QQQ: no free Cboe daily-close series for this symbol, skipped (see RV_HISTORY)
2026-09-16T14:14:31+00:00  --- intraday done  ok=4  skipped=0  failed=0  vix=written
2026-09-16T14:32:01+00:00  --- intraday capture  symbols=SPX SPY QQQ IWM
2026-09-16T14:32:02+00:00  SPX: greek fill gamma 70.3% / iv 90.5%
2026-09-16T14:32:02+00:00  SPX: 11,752 contracts -> SPX__142831.parquet
2026-09-16T14:32:02+00:00  SPX: spot 7,602.66  netGEX(win) -32.81Bn  flip 7649.2128  walls 7700.0/7500.0  negative  RR25 -0.0506 (STEEP)  P/C 1.1523
2026-09-16T14:32:03+00:00  SPY: greek fill gamma 78.8% / iv 82.2%
2026-09-16T14:32:03+00:00  SPY: 4,392 contracts -> SPY__143116.parquet
2026-09-16T14:32:03+00:00  SPY: spot 759.62  netGEX(win) -10.40Bn  flip 766.2102  walls 770.0/750.0  negative  RR25 -0.0505 (STEEP)  P/C 1.0581
2026-09-16T14:32:04+00:00  QQQ: greek fill gamma 77.3% / iv 85.4%
2026-09-16T14:32:04+00:00  QQQ: 4,144 contracts -> QQQ__143105.parquet
2026-09-16T14:32:04+00:00  QQQ: spot 709.55  netGEX(win) -2.24Bn  flip 713.2045  walls 720.0/700.0  negative  RR25 -0.0609 (STEEP)  P/C 1.2929
2026-09-16T14:32:04+00:00  IWM: greek fill gamma 84.0% / iv 96.2%
2026-09-16T14:32:04+00:00  IWM: 2,370 contracts -> IWM__143113.parquet
2026-09-16T14:32:04+00:00  IWM: spot 286.19  netGEX(win) -4.18Bn  flip 296.7328  walls 290.0/283.0  negative  RR25 -0.0505 (STEEP)  P/C 1.833
2026-09-16T14:32:04+00:00  appended 4 state row(s)
2026-09-16T14:32:05+00:00  VIX: 16.83 (-2.2% 1d, +13.0% 20d)  VIX9D: 16.58  term contango(short-cheap) -> vix_state.csv
2026-09-16T14:32:05+00:00  RV QQQ: no free Cboe daily-close series for this symbol, skipped (see RV_HISTORY)
2026-09-16T14:32:05+00:00  --- intraday done  ok=4  skipped=0  failed=0  vix=written
2026-09-16T14:55:26+00:00  --- intraday capture  symbols=SPX SPY QQQ IWM
2026-09-16T14:55:28+00:00  SPX: greek fill gamma 70.2% / iv 89.3%
2026-09-16T14:55:28+00:00  SPX: 11,752 contracts -> SPX__145308.parquet
2026-09-16T14:55:28+00:00  SPX: spot 7,603.91  netGEX(win) -31.09Bn  flip 7649.5807  walls 7700.0/7500.0  negative  RR25 -0.0507 (STEEP)  P/C 1.1733
2026-09-16T14:55:28+00:00  SPY: greek fill gamma 77.5% / iv 79.5%
2026-09-16T14:55:28+00:00  SPY: 4,392 contracts -> SPY__145517.parquet
2026-09-16T14:55:28+00:00  SPY: spot 759.39  netGEX(win) -10.56Bn  flip 766.0813  walls 770.0/750.0  negative  RR25 -0.0517 (STEEP)  P/C 1.1097
2026-09-16T14:55:29+00:00  QQQ: greek fill gamma 78.0% / iv 84.5%
2026-09-16T14:55:29+00:00  QQQ: 4,146 contracts -> QQQ__145506.parquet
2026-09-16T14:55:29+00:00  QQQ: spot 709.28  netGEX(win) -2.45Bn  flip 713.0167  walls 720.0/700.0  negative  RR25 -0.0616 (STEEP)  P/C 1.3853
2026-09-16T14:55:29+00:00  IWM: greek fill gamma 83.7% / iv 94.6%
2026-09-16T14:55:30+00:00  IWM: 2,360 contracts -> IWM__145514.parquet
2026-09-16T14:55:30+00:00  IWM: spot 285.83  netGEX(win) -4.25Bn  flip 296.6688  walls 290.0/290.0  negative  RR25 -0.054 (STEEP)  P/C 1.9503
2026-09-16T14:55:30+00:00  appended 4 state row(s)
2026-09-16T14:55:30+00:00  VIX: 16.83 (-2.2% 1d, +13.0% 20d)  VIX9D: 16.63  term contango(short-cheap) -> vix_state.csv
2026-09-16T14:55:30+00:00  RV QQQ: no free Cboe daily-close series for this symbol, skipped (see RV_HISTORY)
2026-09-16T14:55:30+00:00  --- intraday done  ok=4  skipped=0  failed=0  vix=written
2026-09-16T15:13:01+00:00  --- intraday capture  symbols=SPX SPY QQQ IWM
2026-09-16T15:13:02+00:00  SPX: greek fill gamma 70.2% / iv 95.0%
2026-09-16T15:13:02+00:00  SPX: 11,750 contracts -> SPX__150608.parquet
2026-09-16T15:13:02+00:00  SPX: spot 7,607.49  netGEX(win) -29.16Bn  flip 7647.7424  walls 7700.0/7500.0  negative  RR25 -0.051 (STEEP)  P/C 1.1455
2026-09-16T15:13:03+00:00  SPY: greek fill gamma 78.2% / iv 79.4%
2026-09-16T15:13:03+00:00  SPY: 4,392 contracts -> SPY__151217.parquet
2026-09-16T15:13:03+00:00  SPY: spot 759.81  netGEX(win) -10.06Bn  flip 766.1673  walls 770.0/750.0  negative  RR25 -0.0511 (STEEP)  P/C 1.022
2026-09-16T15:13:03+00:00  QQQ: greek fill gamma 78.2% / iv 83.3%
2026-09-16T15:13:03+00:00  QQQ: 4,146 contracts -> QQQ__151207.parquet
2026-09-16T15:13:03+00:00  QQQ: spot 709.91  netGEX(win) -2.06Bn  flip 713.291  walls 720.0/700.0  negative  RR25 -0.061 (STEEP)  P/C 1.4044
2026-09-16T15:13:04+00:00  IWM: greek fill gamma 84.0% / iv 91.4%
2026-09-16T15:13:04+00:00  IWM: 2,370 contracts -> IWM__151215.parquet
2026-09-16T15:13:04+00:00  IWM: spot 286.19  netGEX(win) -4.15Bn  flip 296.8228  walls 290.0/283.0  negative  RR25 -0.0501 (STEEP)  P/C 1.8666
2026-09-16T15:13:04+00:00  appended 4 state row(s)
2026-09-16T15:13:04+00:00  VIX: 16.80 (-2.3% 1d, +12.8% 20d)  VIX9D: 16.57  term contango(short-cheap) -> vix_state.csv
2026-09-16T15:13:04+00:00  RV QQQ: no free Cboe daily-close series for this symbol, skipped (see RV_HISTORY)
2026-09-16T15:13:04+00:00  --- intraday done  ok=4  skipped=0  failed=0  vix=written
2026-09-16T15:30:09+00:00  --- intraday capture  symbols=SPX SPY QQQ IWM
2026-09-16T15:30:10+00:00  SPX: greek fill gamma 70.2% / iv 92.6%
2026-09-16T15:30:10+00:00  SPX: 11,730 contracts -> SPX__152634.parquet
2026-09-16T15:30:10+00:00  SPX: spot 7,618.02  netGEX(win) -22.54Bn  flip 7649.6666  walls 7700.0/7500.0  negative  RR25 -0.0505 (STEEP)  P/C 1.0949
2026-09-16T15:30:11+00:00  SPY: greek fill gamma 78.1% / iv 79.1%
2026-09-16T15:30:11+00:00  SPY: 4,386 contracts -> SPY__152918.parquet
2026-09-16T15:30:11+00:00  SPY: spot 760.75  netGEX(win) -9.11Bn  flip 766.3995  walls 770.0/750.0  negative  RR25 -0.0499 (STEEP)  P/C 0.9861
2026-09-16T15:30:12+00:00  QQQ: greek fill gamma 78.8% / iv 82.9%
2026-09-16T15:30:12+00:00  QQQ: 4,146 contracts -> QQQ__152907.parquet
2026-09-16T15:30:12+00:00  QQQ: spot 711.20  netGEX(win) -1.41Bn  flip 713.5769  walls 720.0/700.0  negative  RR25 -0.0599 (STEEP)  P/C 1.4064
2026-09-16T15:30:12+00:00  IWM: greek fill gamma 84.0% / iv 91.9%
2026-09-16T15:30:12+00:00  IWM: 2,370 contracts -> IWM__152915.parquet
2026-09-16T15:30:12+00:00  IWM: spot 286.47  netGEX(win) -4.08Bn  flip 296.8528  walls 290.0/290.0  negative  RR25 -0.0506 (STEEP)  P/C 1.6958
2026-09-16T15:30:12+00:00  appended 4 state row(s)
2026-09-16T15:30:12+00:00  VIX: 16.68 (-3.0% 1d, +12.0% 20d)  VIX9D: 16.54  term contango(short-cheap) -> vix_state.csv
2026-09-16T15:30:12+00:00  RV QQQ: no free Cboe daily-close series for this symbol, skipped (see RV_HISTORY)
2026-09-16T15:30:12+00:00  --- intraday done  ok=4  skipped=0  failed=0  vix=written
2026-09-16T15:45:49+00:00  --- intraday capture  symbols=SPX SPY QQQ IWM
2026-09-16T15:45:51+00:00  SPX: greek fill gamma 70.1% / iv 92.1%
2026-09-16T15:45:51+00:00  SPX: 11,748 contracts -> SPX__154431.parquet
2026-09-16T15:45:51+00:00  SPX: spot 7,614.39  netGEX(win) -25.25Bn  flip 7650.893  walls 7700.0/7500.0  negative  RR25 -0.0494 (STEEP)  P/C 1.0697
2026-09-16T15:45:51+00:00  SPY: greek fill gamma 78.9% / iv 81.4%
2026-09-16T15:45:51+00:00  SPY: 4,386 contracts -> SPY__154519.parquet
2026-09-16T15:45:51+00:00  SPY: spot 760.43  netGEX(win) -9.43Bn  flip 766.2598  walls 770.0/750.0  negative  RR25 -0.0496 (STEEP)  P/C 0.9901
2026-09-16T15:45:52+00:00  QQQ: greek fill gamma 78.5% / iv 86.8%
2026-09-16T15:45:52+00:00  QQQ: 4,146 contracts -> QQQ__154508.parquet
2026-09-16T15:45:52+00:00  QQQ: spot 710.91  netGEX(win) -1.58Bn  flip 713.3598  walls 720.0/700.0  negative  RR25 -0.0607 (STEEP)  P/C 1.4225
2026-09-16T15:45:53+00:00  IWM: greek fill gamma 84.0% / iv 83.1%
2026-09-16T15:45:53+00:00  IWM: 2,370 contracts -> IWM__154516.parquet
2026-09-16T15:45:53+00:00  IWM: spot 286.34  netGEX(win) -4.12Bn  flip 296.7447  walls 290.0/283.0  negative  RR25 -0.0494 (STEEP)  P/C 1.6945
2026-09-16T15:45:53+00:00  appended 4 state row(s)
2026-09-16T15:45:54+00:00  VIX: 16.71 (-2.8% 1d, +12.2% 20d)  VIX9D: 16.50  term contango(short-cheap) -> vix_state.csv
2026-09-16T15:45:54+00:00  RV QQQ: no free Cboe daily-close series for this symbol, skipped (see RV_HISTORY)
2026-09-16T15:45:54+00:00  --- intraday done  ok=4  skipped=0  failed=0  vix=written
2026-09-16T16:13:11+00:00  --- intraday capture  symbols=SPX SPY QQQ IWM
2026-09-16T16:13:13+00:00  SPX: greek fill gamma 70.0% / iv 93.6%
2026-09-16T16:13:13+00:00  SPX: 11,730 contracts -> SPX__160522.parquet
2026-09-16T16:13:13+00:00  SPX: spot 7,621.98  netGEX(win) -20.69Bn  flip 7653.9033  walls 7700.0/7700.0  negative  RR25 -0.049 (STEEP)  P/C 1.0515
2026-09-16T16:13:14+00:00  SPY: greek fill gamma 79.7% / iv 83.4%
2026-09-16T16:13:14+00:00  SPY: 4,386 contracts -> SPY__161308.parquet
2026-09-16T16:13:14+00:00  SPY: spot 760.76  netGEX(win) -9.07Bn  flip 766.2479  walls 770.0/750.0  negative  RR25 -0.0497 (STEEP)  P/C 0.9887
2026-09-16T16:13:15+00:00  QQQ: greek fill gamma 78.3% / iv 86.3%
2026-09-16T16:13:15+00:00  QQQ: 4,146 contracts -> QQQ__161258.parquet
2026-09-16T16:13:15+00:00  QQQ: spot 710.94  netGEX(win) -1.54Bn  flip 713.2351  walls 720.0/700.0  negative  RR25 -0.0598 (STEEP)  P/C 1.4032
2026-09-16T16:13:16+00:00  IWM: greek fill gamma 83.7% / iv 94.5%
2026-09-16T16:13:16+00:00  IWM: 2,370 contracts -> IWM__161305.parquet
2026-09-16T16:13:16+00:00  IWM: spot 286.40  netGEX(win) -4.10Bn  flip 296.7625  walls 290.0/290.0  negative  RR25 -0.0498 (STEEP)  P/C 1.6114
2026-09-16T16:13:16+00:00  appended 4 state row(s)
2026-09-16T16:13:17+00:00  VIX: 16.70 (-2.9% 1d, +12.2% 20d)  VIX9D: 16.46  term contango(short-cheap) -> vix_state.csv
2026-09-16T16:13:17+00:00  RV QQQ: no free Cboe daily-close series for this symbol, skipped (see RV_HISTORY)
2026-09-16T16:13:17+00:00  --- intraday done  ok=4  skipped=0  failed=0  vix=written
2026-09-16T16:30:22+00:00  --- intraday capture  symbols=SPX SPY QQQ IWM
2026-09-16T16:30:24+00:00  SPX: greek fill gamma 70.1% / iv 92.1%
2026-09-16T16:30:24+00:00  SPX: 11,748 contracts -> SPX__162818.parquet
2026-09-16T16:30:24+00:00  SPX: spot 7,613.71  netGEX(win) -25.13Bn  flip 7650.648  walls 7700.0/7500.0  negative  RR25 -0.0508 (STEEP)  P/C 1.0467
2026-09-16T16:30:25+00:00  SPY: greek fill gamma 80.3% / iv 87.4%
2026-09-16T16:30:25+00:00  SPY: 4,386 contracts -> SPY__163009.parquet
2026-09-16T16:30:25+00:00  SPY: spot 760.41  netGEX(win) -9.40Bn  flip 766.2755  walls 770.0/750.0  negative  RR25 -0.0496 (STEEP)  P/C 1.0139
2026-09-16T16:30:26+00:00  QQQ: greek fill gamma 78.4% / iv 80.6%
2026-09-16T16:30:26+00:00  QQQ: 4,146 contracts -> QQQ__162958.parquet
2026-09-16T16:30:26+00:00  QQQ: spot 710.29  netGEX(win) -1.90Bn  flip 713.2699  walls 720.0/700.0  negative  RR25 -0.0592 (STEEP)  P/C 1.3977
2026-09-16T16:30:26+00:00  IWM: greek fill gamma 83.3% / iv 91.9%
2026-09-16T16:30:26+00:00  IWM: 2,370 contracts -> IWM__163006.parquet
2026-09-16T16:30:26+00:00  IWM: spot 286.55  netGEX(win) -4.07Bn  flip 296.7466  walls 290.0/290.0  negative  RR25 -0.0493 (STEEP)  P/C 1.6443
2026-09-16T16:30:26+00:00  appended 4 state row(s)
2026-09-16T16:30:27+00:00  VIX: 16.81 (-2.3% 1d, +12.9% 20d)  VIX9D: 16.57  term contango(short-cheap) -> vix_state.csv
2026-09-16T16:30:27+00:00  RV QQQ: no free Cboe daily-close series for this symbol, skipped (see RV_HISTORY)
2026-09-16T16:30:27+00:00  --- intraday done  ok=4  skipped=0  failed=0  vix=written
2026-09-16T16:46:42+00:00  --- intraday capture  symbols=SPX SPY QQQ IWM
2026-09-16T16:46:43+00:00  SPX: greek fill gamma 70.0% / iv 91.5%
2026-09-16T16:46:44+00:00  SPX: 11,760 contracts -> SPX__164054.parquet
2026-09-16T16:46:44+00:00  SPX: spot 7,611.44  netGEX(win) -26.60Bn  flip 7653.1439  walls 7700.0/7500.0  negative  RR25 -0.0494 (STEEP)  P/C 1.0547
2026-09-16T16:46:45+00:00  SPY: greek fill gamma 79.1% / iv 83.4%
2026-09-16T16:46:45+00:00  SPY: 4,386 contracts -> SPY__164609.parquet
2026-09-16T16:46:45+00:00  SPY: spot 760.18  netGEX(win) -9.69Bn  flip 766.0849  walls 770.0/750.0  negative  RR25 -0.0511 (STEEP)  P/C 1.0162
2026-09-16T16:46:46+00:00  QQQ: greek fill gamma 78.6% / iv 87.5%
2026-09-16T16:46:46+00:00  QQQ: 4,146 contracts -> QQQ__164559.parquet
2026-09-16T16:46:46+00:00  QQQ: spot 710.34  netGEX(win) -1.88Bn  flip 713.2346  walls 720.0/700.0  negative  RR25 -0.0593 (STEEP)  P/C 1.398
2026-09-16T16:46:46+00:00  IWM: greek fill gamma 82.8% / iv 88.6%
2026-09-16T16:46:46+00:00  IWM: 2,370 contracts -> IWM__164607.parquet
2026-09-16T16:46:46+00:00  IWM: spot 286.46  netGEX(win) -4.10Bn  flip 296.7024  walls 290.0/290.0  negative  RR25 -0.0493 (STEEP)  P/C 1.5107
2026-09-16T16:46:46+00:00  appended 4 state row(s)
2026-09-16T16:46:47+00:00  VIX: 16.85 (-2.0% 1d, +13.2% 20d)  VIX9D: 16.55  term contango(short-cheap) -> vix_state.csv
2026-09-16T16:46:47+00:00  RV QQQ: no free Cboe daily-close series for this symbol, skipped (see RV_HISTORY)
2026-09-16T16:46:47+00:00  --- intraday done  ok=4  skipped=0  failed=0  vix=written
2026-09-16T17:11:27+00:00  --- intraday capture  symbols=SPX SPY QQQ IWM
2026-09-16T17:11:29+00:00  SPX: greek fill gamma 69.5% / iv 93.7%
2026-09-16T17:11:29+00:00  SPX: 11,760 contracts -> SPX__171047.parquet
2026-09-16T17:11:29+00:00  SPX: spot 7,610.26  netGEX(win) -27.82Bn  flip 7653.7829  walls 7700.0/7500.0  negative  RR25 -0.0488 (STEEP)  P/C 1.0652
2026-09-16T17:11:29+00:00  SPY: greek fill gamma 77.3% / iv 82.2%
2026-09-16T17:11:29+00:00  SPY: 4,392 contracts -> SPY__171050.parquet
2026-09-16T17:11:29+00:00  SPY: spot 760.00  netGEX(win) -10.01Bn  flip 766.0632  walls 770.0/750.0  negative  RR25 -0.0507 (STEEP)  P/C 1.0508
2026-09-16T17:11:30+00:00  QQQ: greek fill gamma 78.7% / iv 86.7%
2026-09-16T17:11:30+00:00  QQQ: 4,146 contracts -> QQQ__171055.parquet
2026-09-16T17:11:30+00:00  QQQ: spot 710.17  netGEX(win) -1.98Bn  flip 713.2101  walls 720.0/700.0  negative  RR25 -0.0597 (STEEP)  P/C 1.3823
2026-09-16T17:11:31+00:00  IWM: greek fill gamma 82.2% / iv 88.0%
2026-09-16T17:11:31+00:00  IWM: 2,370 contracts -> IWM__171049.parquet
2026-09-16T17:11:31+00:00  IWM: spot 286.59  netGEX(win) -4.09Bn  flip 296.6587  walls 290.0/290.0  negative  RR25 -0.0484 (STEEP)  P/C 1.5416
2026-09-16T17:11:31+00:00  appended 4 state row(s)
2026-09-16T17:11:31+00:00  VIX: 16.79 (-2.4% 1d, +12.8% 20d)  VIX9D: 16.42  term contango(short-cheap) -> vix_state.csv
2026-09-16T17:11:31+00:00  RV QQQ: no free Cboe daily-close series for this symbol, skipped (see RV_HISTORY)
2026-09-16T17:11:31+00:00  --- intraday done  ok=4  skipped=0  failed=0  vix=written
2026-09-16T17:26:58+00:00  --- intraday capture  symbols=SPX SPY QQQ IWM
2026-09-16T17:26:59+00:00  SPX: greek fill gamma 69.5% / iv 92.5%
2026-09-16T17:26:59+00:00  SPX: 11,750 contracts -> SPX__172632.parquet
2026-09-16T17:26:59+00:00  SPX: spot 7,606.71  netGEX(win) -30.11Bn  flip 7651.6476  walls 7700.0/7500.0  negative  RR25 -0.0489 (STEEP)  P/C 1.055
2026-09-16T17:27:00+00:00  SPY: greek fill gamma 77.0% / iv 79.2%
2026-09-16T17:27:00+00:00  SPY: 4,392 contracts -> SPY__172550.parquet
2026-09-16T17:27:00+00:00  SPY: spot 759.51  netGEX(win) -10.38Bn  flip 766.1227  walls 770.0/750.0  negative  RR25 -0.0498 (STEEP)  P/C 1.0521
2026-09-16T17:27:01+00:00  QQQ: greek fill gamma 77.8% / iv 84.0%
2026-09-16T17:27:01+00:00  QQQ: 4,144 contracts -> QQQ__172655.parquet
2026-09-16T17:27:01+00:00  QQQ: spot 709.46  netGEX(win) -2.34Bn  flip 713.0141  walls 720.0/700.0  negative  RR25 -0.0592 (STEEP)  P/C 1.3964
2026-09-16T17:27:02+00:00  IWM: greek fill gamma 82.1% / iv 81.3%
2026-09-16T17:27:02+00:00  IWM: 2,370 contracts -> IWM__172650.parquet
2026-09-16T17:27:02+00:00  IWM: spot 286.30  netGEX(win) -4.16Bn  flip 296.5218  walls 290.0/283.0  negative  RR25 -0.0473 (STEEP)  P/C 1.5706
2026-09-16T17:27:02+00:00  appended 4 state row(s)
2026-09-16T17:27:03+00:00  VIX: 16.87 (-1.9% 1d, +13.3% 20d)  VIX9D: 16.54  term contango(short-cheap) -> vix_state.csv
2026-09-16T17:27:03+00:00  RV QQQ: no free Cboe daily-close series for this symbol, skipped (see RV_HISTORY)
2026-09-16T17:27:03+00:00  --- intraday done  ok=4  skipped=0  failed=0  vix=written
2026-09-16T17:42:41+00:00  --- intraday capture  symbols=SPX SPY QQQ IWM
2026-09-16T17:42:43+00:00  SPX: greek fill gamma 69.3% / iv 89.3%
2026-09-16T17:42:43+00:00  SPX: 11,760 contracts -> SPX__174233.parquet
2026-09-16T17:42:43+00:00  SPX: spot 7,609.69  netGEX(win) -28.26Bn  flip 7653.0563  walls 7700.0/7500.0  negative  RR25 -0.0497 (STEEP)  P/C 1.056
2026-09-16T17:42:44+00:00  SPY: greek fill gamma 77.1% / iv 75.6%
2026-09-16T17:42:44+00:00  SPY: 4,392 contracts -> SPY__174151.parquet
2026-09-16T17:42:44+00:00  SPY: spot 759.82  netGEX(win) -10.13Bn  flip 766.1772  walls 770.0/750.0  negative  RR25 -0.0506 (STEEP)  P/C 1.0527
2026-09-16T17:42:44+00:00  QQQ: greek fill gamma 78.9% / iv 85.3%
2026-09-16T17:42:44+00:00  QQQ: 4,146 contracts -> QQQ__174156.parquet
2026-09-16T17:42:44+00:00  QQQ: spot 709.59  netGEX(win) -2.25Bn  flip 713.0407  walls 720.0/700.0  negative  RR25 -0.0594 (STEEP)  P/C 1.4167
2026-09-16T17:42:45+00:00  IWM: greek fill gamma 81.7% / iv 92.2%
2026-09-16T17:42:45+00:00  IWM: 2,370 contracts -> IWM__174150.parquet
2026-09-16T17:42:45+00:00  IWM: spot 286.65  netGEX(win) -4.09Bn  flip 296.6521  walls 290.0/290.0  negative  RR25 -0.0479 (STEEP)  P/C 1.5301
2026-09-16T17:42:45+00:00  appended 4 state row(s)
2026-09-16T17:42:45+00:00  VIX: 16.82 (-2.2% 1d, +13.0% 20d)  VIX9D: 16.40  term contango(short-cheap) -> vix_state.csv
2026-09-16T17:42:45+00:00  RV QQQ: no free Cboe daily-close series for this symbol, skipped (see RV_HISTORY)
2026-09-16T17:42:45+00:00  --- intraday done  ok=4  skipped=0  failed=0  vix=written
2026-09-16T17:54:47+00:00  --- intraday capture  symbols=SPX SPY QQQ IWM
2026-09-16T17:54:49+00:00  SPX: greek fill gamma 69.2% / iv 94.8%
2026-09-16T17:54:49+00:00  SPX: 11,750 contracts -> SPX__175433.parquet
2026-09-16T17:54:49+00:00  SPX: spot 7,608.62  netGEX(win) -28.86Bn  flip 7655.6918  walls 7700.0/7500.0  negative  RR25 -0.0513 (STEEP)  P/C 1.0526
2026-09-16T17:54:50+00:00  SPY: greek fill gamma 77.4% / iv 85.7%
2026-09-16T17:54:50+00:00  SPY: 4,392 contracts -> SPY__175351.parquet
2026-09-16T17:54:50+00:00  SPY: spot 759.75  netGEX(win) -10.18Bn  flip 766.1712  walls 770.0/750.0  negative  RR25 -0.0503 (STEEP)  P/C 1.043
2026-09-16T17:54:50+00:00  QQQ: greek fill gamma 78.8% / iv 82.7%
2026-09-16T17:54:50+00:00  QQQ: 4,144 contracts -> QQQ__175356.parquet
2026-09-16T17:54:50+00:00  QQQ: spot 709.45  netGEX(win) -2.33Bn  flip 712.8798  walls 720.0/700.0  negative  RR25 -0.0585 (STEEP)  P/C 1.418
2026-09-16T17:54:51+00:00  IWM: greek fill gamma 81.6% / iv 81.9%
2026-09-16T17:54:51+00:00  IWM: 2,370 contracts -> IWM__175350.parquet
2026-09-16T17:54:51+00:00  IWM: spot 286.58  netGEX(win) -4.12Bn  flip 296.6117  walls 290.0/290.0  negative  RR25 -0.0475 (STEEP)  P/C 1.5652
2026-09-16T17:54:51+00:00  appended 4 state row(s)
2026-09-16T17:54:51+00:00  VIX: 16.81 (-2.3% 1d, +12.9% 20d)  VIX9D: 16.34  term contango(short-cheap) -> vix_state.csv
2026-09-16T17:54:51+00:00  RV QQQ: no free Cboe daily-close series for this symbol, skipped (see RV_HISTORY)
2026-09-16T17:54:51+00:00  --- intraday done  ok=4  skipped=0  failed=0  vix=written
2026-09-16T18:14:53+00:00  --- intraday capture  symbols=SPX SPY QQQ IWM
2026-09-16T18:14:55+00:00  SPX: greek fill gamma 69.8% / iv 89.9%
2026-09-16T18:14:55+00:00  SPX: 11,748 contracts -> SPX__181412.parquet
2026-09-16T18:14:55+00:00  SPX: spot 7,612.54  netGEX(win) -26.11Bn  flip 7653.7968  walls 7700.0/7500.0  negative  RR25 -0.0499 (STEEP)  P/C 1.0498
2026-09-16T18:14:56+00:00  SPY: greek fill gamma 78.6% / iv 77.2%
2026-09-16T18:14:56+00:00  SPY: 4,386 contracts -> SPY__181414.parquet
2026-09-16T18:14:56+00:00  SPY: spot 760.12  netGEX(win) -9.65Bn  flip 766.1995  walls 770.0/750.0  negative  RR25 -0.0521 (STEEP)  P/C 1.0618
2026-09-16T18:14:56+00:00  QQQ: greek fill gamma 78.8% / iv 89.2%
2026-09-16T18:14:56+00:00  QQQ: 4,146 contracts -> QQQ__181420.parquet
2026-09-16T18:14:56+00:00  QQQ: spot 709.91  netGEX(win) -2.06Bn  flip 712.9427  walls 720.0/700.0  negative  RR25 -0.0607 (STEEP)  P/C 1.4182
2026-09-16T18:14:57+00:00  IWM: greek fill gamma 81.2% / iv 87.6%
2026-09-16T18:14:57+00:00  IWM: 2,370 contracts -> IWM__181414.parquet
2026-09-16T18:14:57+00:00  IWM: spot 286.72  netGEX(win) -4.06Bn  flip 296.6508  walls 290.0/290.0  negative  RR25 -0.0485 (STEEP)  P/C 1.6719
2026-09-16T18:14:57+00:00  appended 4 state row(s)
2026-09-16T18:14:58+00:00  VIX: 16.88 (-1.9% 1d, +13.4% 20d)  VIX9D: 16.59  term contango(short-cheap) -> vix_state.csv
2026-09-16T18:14:58+00:00  RV QQQ: no free Cboe daily-close series for this symbol, skipped (see RV_HISTORY)
2026-09-16T18:14:58+00:00  --- intraday done  ok=4  skipped=0  failed=0  vix=written
2026-09-16T18:35:04+00:00  --- intraday capture  symbols=SPX SPY QQQ IWM
2026-09-16T18:35:06+00:00  SPX: greek fill gamma 69.0% / iv 91.5%
2026-09-16T18:35:06+00:00  SPX: 11,760 contracts -> SPX__183314.parquet
2026-09-16T18:35:06+00:00  SPX: spot 7,610.92  netGEX(win) -30.07Bn  flip 7651.1226  walls 7700.0/7500.0  negative  RR25 -0.0496 (STEEP)  P/C 1.036
2026-09-16T18:35:06+00:00  SPY: greek fill gamma 78.3% / iv 82.1%
2026-09-16T18:35:06+00:00  SPY: 4,386 contracts -> SPY__183215.parquet
2026-09-16T18:35:06+00:00  SPY: spot 760.01  netGEX(win) -10.18Bn  flip 765.7188  walls 770.0/750.0  negative  RR25 -0.0514 (STEEP)  P/C 1.0606
2026-09-16T18:35:07+00:00  QQQ: greek fill gamma 78.6% / iv 84.0%
2026-09-16T18:35:07+00:00  QQQ: 4,146 contracts -> QQQ__183220.parquet
2026-09-16T18:35:07+00:00  QQQ: spot 709.95  netGEX(win) -2.05Bn  flip 712.9909  walls 720.0/700.0  negative  RR25 -0.0612 (STEEP)  P/C 1.35
2026-09-16T18:35:08+00:00  IWM: greek fill gamma 80.7% / iv 81.4%
2026-09-16T18:35:08+00:00  IWM: 2,360 contracts -> IWM__183214.parquet
2026-09-16T18:35:08+00:00  IWM: spot 285.80  netGEX(win) -4.46Bn  flip 295.9407  walls 290.0/290.0  negative  RR25 -0.049 (STEEP)  P/C 1.7491
2026-09-16T18:35:08+00:00  appended 4 state row(s)
2026-09-16T18:35:08+00:00  VIX: 16.73 (-2.7% 1d, +12.4% 20d)  VIX9D: 16.08  term contango(short-cheap) -> vix_state.csv
2026-09-16T18:35:08+00:00  RV QQQ: no free Cboe daily-close series for this symbol, skipped (see RV_HISTORY)
2026-09-16T18:35:08+00:00  --- intraday done  ok=4  skipped=0  failed=0  vix=written
2026-09-16T18:55:07+00:00  --- intraday capture  symbols=SPX SPY QQQ IWM
2026-09-16T18:55:09+00:00  SPX: greek fill gamma 69.2% / iv 92.1%
2026-09-16T18:55:09+00:00  SPX: 11,766 contracts -> SPX__185456.parquet
2026-09-16T18:55:09+00:00  SPX: spot 7,588.35  netGEX(win) -42.44Bn  flip 7650.5809  walls 7700.0/7500.0  negative  RR25 -0.0512 (STEEP)  P/C 1.0621
2026-09-16T18:55:10+00:00  SPY: greek fill gamma 76.6% / iv 76.2%
2026-09-16T18:55:10+00:00  SPY: 4,430 contracts -> SPY__185406.parquet
2026-09-16T18:55:10+00:00  SPY: spot 757.55  netGEX(win) -12.77Bn  flip 765.2292  walls 770.0/745.0  negative  RR25 -0.0537 (STEEP)  P/C 1.1309
2026-09-16T18:55:11+00:00  QQQ: greek fill gamma 78.2% / iv 85.9%
2026-09-16T18:55:11+00:00  QQQ: 4,116 contracts -> QQQ__185412.parquet
2026-09-16T18:55:11+00:00  QQQ: spot 707.83  netGEX(win) -3.28Bn  flip 712.7483  walls 720.0/700.0  negative  RR25 -0.0624 (STEEP)  P/C 1.3803
2026-09-16T18:55:11+00:00  IWM: greek fill gamma 79.5% / iv 91.6%
2026-09-16T18:55:11+00:00  IWM: 2,360 contracts -> IWM__185406.parquet
2026-09-16T18:55:11+00:00  IWM: spot 285.29  netGEX(win) -4.59Bn  flip 296.145  walls 290.0/280.0  negative  RR25 -0.0523 (STEEP)  P/C 1.8512
2026-09-16T18:55:11+00:00  appended 4 state row(s)
2026-09-16T18:55:12+00:00  VIX: 17.19 (-0.1% 1d, +15.4% 20d)  VIX9D: 16.73  term contango(short-cheap) -> vix_state.csv
2026-09-16T18:55:12+00:00  RV QQQ: no free Cboe daily-close series for this symbol, skipped (see RV_HISTORY)
2026-09-16T18:55:12+00:00  --- intraday done  ok=4  skipped=0  failed=0  vix=written
