capture_ts,sector_etf,ticker,revenue,revenue_prior,revenue_growth_yoy,gross_margin,gross_margin_prior,operating_margin,operating_margin_prior,fcf,fcf_prior,total_debt,cash_and_equiv,net_debt,ebitda_approx,net_debt_to_ebitda,shares_outstanding,dividend_yield,market_cap,price_to_book,ev_to_ebitda,forward_pe,fcf_yield,next_filing_est,schema_version
2026-10-10T10:27:56.866887+00:00,XLF,BRK.B,410522000000.0,424232000000.0,-0.03231722265175663,0.30332002,,0.21321147222316952,0.27243583699485185,71975247872.0,49568000000.0,129081000000.0,51877000000.0,77204000000.0,130683002880.0,0.5907730791194994,1408035161,,,,,,,2026-11-07,2
2026-10-10T10:27:56.866887+00:00,XLF,JPM,181847000000.0,169439000000.0,0.07322989394413337,0.0,,0.50394,,,,499982000000.0,343338000000.0,156644000000.0,,,2658186195,,,,,,,2026-10-13,2
2026-10-10T10:27:56.866887+00:00,XLF,V,40000000000.0,35926000000.0,0.11339976618604908,0.803625,0.803985971162946,0.6639,0.6696264543784446,20404000768.0,21207000000.0,25171000000.0,17164000000.0,8007000000.0,31093999616.0,0.2575094905410576,1704112694,,,,,,,2026-10-27,2
2026-10-10T10:27:56.866887+00:00,XLF,MA,32791000000.0,28167000000.0,0.16416373770724602,0.7788722515324327,0.7630915610466148,0.5951023146595102,0.5796499449710655,16961250304.0,15974000000.0,19000000000.0,10566000000.0,8434000000.0,22200999936.0,0.3798927987168659,869464115,,,,,,,2026-10-29,2
2026-10-10T10:27:56.866887+00:00,XLF,BAC,113097000000.0,105856000000.0,0.06840424727932293,0.0,,0.38305,,,,365904000000.0,239319000000.0,126585000000.0,,,6992748365,,,,,,,2026-10-14,2
2026-10-10T10:27:56.866887+00:00,XLF,GS,58283000000.0,53512000000.0,0.08915757213335329,0.82075995,,0.42176998,,-43090000000.0,-11121000000.0,386150000000.0,164259000000.0,221891000000.0,,,291171408,,,,,,,2026-10-13,2
2026-10-10T10:27:56.866887+00:00,XLF,WFC,83699000000.0,82296000000.0,0.01704821619519792,0.0,,0.37387002,,,,193035000000.0,174210000000.0,18825000000.0,,,3023999336,,,,,,,2026-10-13,2
2026-10-10T10:27:56.866887+00:00,XLF,MS,65966000000.0,57621000000.0,0.14482567119626522,0.87641,,0.41567,,-14991000000.0,4824000000.0,370538000000.0,81310000000.0,289228000000.0,,,1570566292,,,,,,,2026-10-14,2
2026-10-10T10:27:56.866887+00:00,XLF,C,85213000000.0,80672000000.0,0.05628966679888925,0.0,,0.36229,,-61112000000.0,-13169000000.0,367705000000.0,349579000000.0,18126000000.0,,,1677436783,,,,,,,2026-10-13,2
2026-10-10T10:27:56.866887+00:00,XLF,AXP,72230000000.0,65949000000.0,0.095240261414123,0.62338,,0.2032,,20853000000.0,15961000000.0,57759000000.0,47708000000.0,10051000000.0,,,675309833,,,,,,,2026-10-23,2
2026-10-10T10:27:56.866887+00:00,XLF,SCHW,23921000000.0,19606000000.0,0.2200856880546771,0.97495,,0.52277,,9859000000.0,3290000000.0,30951000000.0,46030000000.0,-15079000000.0,,,1729335714,,,,,,,2026-10-15,2
2026-10-10T10:27:56.866887+00:00,XLF,BLK,24216000000.0,20407000000.0,0.1866516391434312,0.4670465807730426,0.4942421718037928,0.326602246448629,0.36938305483412553,7578124800.0,5211000000.0,14996000000.0,11468000000.0,3528000000.0,11116000256.0,0.31738034533560916,154869259,,,,,,,2026-10-14,2
2026-10-10T10:27:56.866887+00:00,XLF,PGR,87637000000.0,75343000000.0,0.1631737520406673,0.18521,,0.1654666408024008,0.14589278366935216,15114500096.0,15404000000.0,6897000000.0,125000000.0,6772000000.0,15397999616.0,0.43979738725043493,580400000,,,,,,,2026-10-14,2
2026-10-10T10:27:56.866887+00:00,XLF,COF,53434000000.0,39112000000.0,0.3661791777459604,0.0,,0.33629,,29296000000.0,19363000000.0,50413000000.0,57434000000.0,-7021000000.0,,,613484836,,,,,,,2026-10-20,2
2026-10-10T10:27:56.866887+00:00,XLF,SPGI,15336000000.0,14208000000.0,0.07939189189189189,0.7024647887323944,0.6930602477477478,0.4027777777777778,0.38555743243243246,5448249856.0,5813000000.0,13582000000.0,1745000000.0,11837000000.0,8143000064.0,1.453641152765193,294800000,,,,,,,2026-10-27,2
2026-10-10T10:27:56.866887+00:00,XLF,CB,59783000000.0,56010000000.0,0.06736297089805388,0.31129998,,0.23096867002325075,0.21774683092304944,10488000512.0,,17227000000.0,2272000000.0,14955000000.0,14883000320.0,1.0048377127226993,385799859,,,,,,,2026-10-20,2
2026-10-10T10:27:56.866887+00:00,XLF,CME,6520600000.0,6130100000.0,0.06370206032528025,0.8609023709474588,0.8612910066719955,0.6486366285311168,0.6413435343632241,2909012480.0,3784500000.0,3422300000.0,4416900000.0,-994600000.0,4771100160.0,-0.2084634500735361,359576125,,,,,,,2026-10-21,2
2026-10-10T10:27:56.866887+00:00,XLF,BNY,19759000000.0,18258000000.0,0.08221053784642351,0.0,,0.40046,,8283000000.0,2156000000.0,34298000000.0,128669000000.0,-94371000000.0,,,678504142,,,,,,,2026-10-15,2
2026-10-10T10:27:56.866887+00:00,XLF,USB,28540000000.0,27335000000.0,0.0440826778854948,0.0,,0.39646998,,,,68413000000.0,46890000000.0,21523000000.0,,,1558051446,,,,,,,2026-10-15,2
2026-10-10T10:27:56.866887+00:00,XLF,PNC,23077000000.0,20809000000.0,0.10899130184054973,0.0,,0.38689,,,,57101000000.0,39713000000.0,17388000000.0,,,398943667,,,,,,,2026-10-15,2
2026-10-10T10:27:56.866887+00:00,XLF,ICE,12640000000.0,11761000000.0,0.07473854264093194,0.5615506329113924,0.554544681574696,0.3954905063291139,0.37522319530652154,3633625088.0,5361000000.0,20279000000.0,837000000.0,19442000000.0,6713999872.0,2.8957402994719628,561394487,,,,,,,2026-10-29,2
2026-10-10T10:27:56.866887+00:00,XLF,HOOD,4473000000.0,2951000000.0,0.515757370382921,0.833445115135256,0.7943070145713318,0.4681421864520456,0.357167062012877,1692000000.0,-107000000.0,11626000000.0,4261000000.0,7365000000.0,2180000000.0,3.378440366972477,790630234,,,,,,,2026-10-27,2
2026-10-10T10:27:56.866887+00:00,XLF,BX,12410012000.0,10930540000.0,0.135352141797203,1.0,,0.54357,,4778864000.0,3543071000.0,13306165000.0,2631241000.0,10674924000.0,,,750625114,,,,,,,2026-10-22,2
2026-10-10T10:27:56.866887+00:00,XLF,MRSH,26981000000.0,24458000000.0,0.10315643143347786,0.422667803268967,0.4277537002207867,0.23064378636818503,0.2378362907842015,4785249792.0,4618000000.0,21449000000.0,2687000000.0,18762000000.0,7758000128.0,2.418406765976274,477211268,,,,,,,2026-10-15,2
2026-10-10T10:27:56.866887+00:00,XLF,TRV,48828000000.0,46428000000.0,0.05169294391315593,0.34730998,,0.16836651101826822,0.1415525114155251,14775124992.0,,9267000000.0,710000000.0,8557000000.0,11480000512.0,0.7453832420177509,208575022,,,,,,,2026-10-16,2
2026-10-10T10:27:56.866887+00:00,XLF,MCO,7718000000.0,7088000000.0,0.0888826185101581,0.7443638248250842,0.7255925507900677,0.44856180357605596,0.42000564334085777,2579124992.0,3155000000.0,7351000000.0,2384000000.0,4967000000.0,4052999936.0,1.2255119857963896,173180984,,,,,,,2026-10-21,2
2026-10-10T10:27:56.866887+00:00,XLF,KKR,19207544000.0,21640288000.0,-0.11241735784662388,0.1799646014086965,0.17753349678155855,0.025521118160656043,0.042799661446280196,638525000.0,6791414000.0,54537875000.0,16892147000.0,37645728000.0,,,897635601,,,,,,,2026-11-09,2
2026-10-10T10:27:56.866887+00:00,XLF,AJG,13942000000.0,11555000000.0,0.20657723929035043,0.4257638789269832,0.42224145391605367,0.18333094247597187,0.19749026395499783,2082300032.0,2725000000.0,13485000000.0,1396000000.0,12089000000.0,4288000000.0,2.8192630597014925,256341000,,,,,,,2026-10-29,2
2026-10-10T10:27:56.866887+00:00,XLF,AON,17181000000.0,15698000000.0,0.09447063320168181,0.47703858913916536,0.4723531660084087,0.2740818345847157,0.2690788635494967,3190874880.0,3253000000.0,16071000000.0,1195000000.0,14876000000.0,5900000256.0,2.521355822802188,212125434,,,,,,,2026-10-28,2
2026-10-10T10:27:56.866887+00:00,XLF,ALL,67069000000.0,63515000000.0,0.05595528615287737,0.36800998,,0.2021052945474064,0.09700070849405652,15158625280.0,9141000000.0,7490000000.0,678000000.0,6812000000.0,17116000256.0,0.39799017866992953,252857950,,,,,,,2026-11-04,2
2026-10-10T10:27:56.866887+00:00,XLV,LLY,65179000000.0,45043000000.0,0.44703949559309986,0.8304361834333144,0.8131119152809537,0.45560686724251676,0.3783051750549475,11065900032.0,17222000000.0,42503000000.0,7268000000.0,35235000000.0,41706999808.0,0.8448222159878646,891741406,,,,,,,2026-10-29,2
2026-10-10T10:27:56.866887+00:00,XLV,JNJ,94193000000.0,88821000000.0,0.06048119251078021,0.6787871710212011,0.6907150336069173,0.27173993821196907,0.23923396494072346,16885125120.0,30473000000.0,47933000000.0,19709000000.0,28224000000.0,34872000512.0,0.809359933058262,2409898597,,,,,,,2026-10-13,2
2026-10-10T10:27:56.866887+00:00,XLV,ABBV,61160000000.0,56334000000.0,0.08566762523520421,0.7023544800523218,0.6999325451769801,0.32849901896664485,0.21113359605211773,16870250496.0,19780000000.0,67496000000.0,5229000000.0,62267000000.0,30762999808.0,2.0240873903268466,1767117285,,,,,,,2026-10-30,2
2026-10-10T10:27:56.866887+00:00,XLV,MRK,65011000000.0,64168000000.0,0.013137389352948503,0.7480118749134762,0.7632308939035033,0.340050145360016,0.3151259194614138,15171500032.0,24840000000.0,49339000000.0,14565000000.0,34774000000.0,28871000064.0,1.2044612213956731,2467171638,,,,,,,2026-10-29,2
2026-10-10T10:27:56.866887+00:00,XLV,UNH,447567000000.0,400278000000.0,0.11814039242726304,0.1852616479767275,0.2233422771174034,0.04237130977038075,0.0806614402989922,24272250880.0,27703000000.0,78389000000.0,24365000000.0,54024000000.0,26680999936.0,2.0248116685876822,897594847,,,,,,,2026-10-13,2
2026-10-10T10:27:56.866887+00:00,XLV,TMO,44557000000.0,42879000000.0,0.03913337531192429,0.4093408443117804,0.41283612024534155,0.18201404941984425,0.17997154784393293,6237250048.0,10067000000.0,39385000000.0,9852000000.0,29533000000.0,11738999808.0,2.5158020685777323,369747286,,,,,,,2026-10-21,2
2026-10-10T10:27:56.866887+00:00,XLV,AMGN,36751000000.0,33424000000.0,0.09953925323121116,0.6724714973742211,0.6153063666826233,0.24706810699028597,0.21714935375777883,8645624832.0,12586000000.0,54604000000.0,9129000000.0,45475000000.0,17268000768.0,2.633483783732016,540632005,,,,,,,2026-11-03,2
2026-10-10T10:27:56.866887+00:00,XLV,GILD,29442000000.0,28754000000.0,0.0239271057939765,0.7882616670063175,0.7826041594212979,0.3974254466408532,0.36850525144327745,9768875008.0,11351000000.0,24936000000.0,7564000000.0,17372000000.0,14600999936.0,1.1897815270286978,1239955155,,,,,,,2026-10-29,2
2026-10-10T10:27:56.866887+00:00,XLV,ABT,44328000000.0,41950000000.0,0.05668653158522052,0.5641806533116765,0.554088200238379,0.18166847139505504,0.1626936829558999,7209124864.0,10765000000.0,13860000000.0,8522000000.0,5338000000.0,11681000448.0,0.45698140529683506,1730383296,,,,,,,2026-10-21,2
2026-10-10T10:27:56.866887+00:00,XLV,PFE,62579000000.0,63627000000.0,-0.01647099501783833,0.7432525288035923,0.719443003756267,0.2781604052477668,0.23477454539739417,12485624832.0,15653000000.0,63961000000.0,1142000000.0,62819000000.0,25383000064.0,2.474845362707714,5699673589,,,,,,,2026-11-03,2
2026-10-10T10:27:56.866887+00:00,XLV,ISRG,10064700000.0,8352100000.0,0.20505022688904595,0.6599600584220096,0.6745848349516887,0.29265651236499846,0.28123465954670085,2615200000.0,3526200000.0,87000000.0,3368000000.0,-3281000000.0,4180800000.0,-0.7847780329123613,353278038,,,,,,,2026-10-20,2
2026-10-10T10:27:56.866887+00:00,XLV,DHR,24568000000.0,23875000000.0,0.02902617801047125,0.5911348095083034,0.5950157068062827,0.19089873005535657,0.20368586387434556,4325125120.0,8080000000.0,19696000000.0,4615000000.0,15081000000.0,8028000256.0,1.878550014834479,702986054,,,,,,,2026-10-21,2
2026-10-10T10:27:56.866887+00:00,XLV,VRTX,12001300000.0,11020100000.0,0.08903730456166459,0.8624065726212994,0.8611174127276522,0.3794922216759851,-0.0211794811299353,2627887616.0,-7200000.0,2030500000.0,5084800000.0,-3054300000.0,5100499968.0,-0.5988236484976682,253460924,,,,,,,2026-11-02,2
2026-10-10T10:27:56.866887+00:00,XLV,BMY,48195000000.0,48300000000.0,-0.0021739130434782483,0.7108413735864716,0.710807453416149,0.2847598298578691,0.1218840579710145,8114375168.0,16438000000.0,47139000000.0,10209000000.0,36930000000.0,18929999872.0,1.9508716455209494,2042714656,,,,,,,2026-10-29,2
2026-10-10T10:27:56.866887+00:00,XLV,MDT,36364000000.0,33537000000.0,0.08429495780779428,0.6501759982400176,0.6531591973044697,0.18776812231877682,0.19500849807675105,5412499968.0,8903000000.0,27961000000.0,1949000000.0,26012000000.0,10407999488.0,2.499231483436445,1279137890,,,,,,,2026-11-17,2
2026-10-10T10:27:56.866887+00:00,XLV,CVS,402067000000.0,372809000000.0,0.07847986502471782,0.13769346899894794,0.13787489035940656,0.025829028495250792,0.02600527347783986,8076000256.0,11888000000.0,79950000000.0,8453000000.0,71497000000.0,16679999488.0,4.286391018862842,1278970369,,,,,,,2026-11-04,2
2026-10-10T10:27:56.866887+00:00,XLV,MCK,403430000000.0,359051000000.0,0.12360082550946805,0.036065736311132045,0.0371061492657032,0.015997818704607987,0.013413136295400932,6801249792.0,6944000000.0,8614000000.0,3975000000.0,4639000000.0,7071000064.0,0.6560599572920609,116590363,,,,,,,2026-11-04,2
2026-10-10T10:27:56.866887+00:00,XLV,SYK,25116000000.0,22595000000.0,0.11157335693737558,0.6396321070234113,0.6390794423545032,0.2014253862079949,0.20650586412923214,4108875008.0,4997000000.0,15859000000.0,4011000000.0,11848000000.0,7376000000.0,1.6062906724511932,383573046,,,,,,,2026-10-29,2
2026-10-10T10:27:56.866887+00:00,XLV,ELV,199125000000.0,176810000000.0,0.12620892483456814,0.2599,,0.040738229755178906,0.05140546349188394,4306375168.0,7064000000.0,32046000000.0,9491000000.0,22555000000.0,8323999744.0,2.7096348742991982,216869290,,,,,,,2026-10-21,2
2026-10-10T10:27:56.866887+00:00,XLV,CI,273854000000.0,246148000000.0,0.11255829825958363,0.0895148509789888,0.10152834879828396,0.029774989592994808,0.03430456473341242,7980125184.0,11769000000.0,31463000000.0,7676000000.0,23787000000.0,12757999616.0,1.8644772469007103,264240486,,,,,,,2026-11-05,2
2026-10-10T10:27:56.866887+00:00,XLV,MRNA,1922000000.0,3199000000.0,-0.3991872460143795,0.5483870967741935,0.5423569865582994,-1.599375650364204,-1.23319787433573,299249984.0,-1953000000.0,1305000000.0,2595000000.0,-1290000000.0,-2195000064.0,0.58769929949305,399235889,,,,,,,2026-11-05,2
2026-10-10T10:27:56.866887+00:00,XLV,REGN,14342900000.0,14202000000.0,0.009921137867905827,0.8535372902272205,0.8612519363469934,0.25810679848566187,0.28099563441768766,3065299968.0,5302100000.0,2705900000.0,3118100000.0,-412200000.0,4702400000.0,-0.08765736645117386,101137842,,,,,,,2026-10-30,2
2026-10-10T10:27:56.866887+00:00,XLV,HCA,75600000000.0,70603000000.0,0.07077602934719485,0.415,0.40618670594733935,0.15826719576719578,0.1493845870572072,3738125056.0,15389000000.0,48697000000.0,1040000000.0,47657000000.0,15747000320.0,3.0264176688605033,216501500,,,,,,,2026-10-27,2
2026-10-10T10:27:56.866887+00:00,XLV,COR,321332819000.0,293958599000.0,0.09312270535076261,0.03572165157521616,0.033712328993648524,0.012241581834814079,0.01073943409289415,2043314048.0,3971858000.0,7660773000.0,4356138000.0,3304635000.0,5546476032.0,0.5958080375600909,190827165,,,,,,,2026-11-04,2
2026-10-10T10:27:56.866887+00:00,XLV,BSX,20074000000.0,16747000000.0,0.1986624470054339,0.6900966424230348,0.686093031587747,0.19781807312942115,0.17925598614677254,2451375104.0,4505000000.0,11436000000.0,1965000000.0,9471000000.0,5711000064.0,1.658378549091888,1449229526,,,,,,,2026-10-28,2
2026-10-10T10:27:56.866887+00:00,XLV,CAH,254248000000.0,222578000000.0,0.1422871981956888,0.038442780277524305,0.03669724770642202,0.012479940845159057,0.010432297891076386,4752500224.0,2944000000.0,8886000000.0,4856000000.0,4030000000.0,4244000000.0,0.9495758718190387,231559345,,,,,,,2026-11-05,2
2026-10-10T10:27:56.866887+00:00,XLV,BDX,21840000000.0,20178000000.0,0.08236693428486475,0.45444139194139194,0.452225195757756,0.13672161172161174,0.1415402914064823,4478374912.0,4522000000.0,19181000000.0,641000000.0,18540000000.0,6120999936.0,3.028916875322771,272386800,,,,,,,2026-11-05,2
2026-10-10T10:27:56.866887+00:00,XLV,EW,6067600000.0,5439500000.0,0.11547017189079889,0.7801107521919705,0.7945583233753102,0.2696618102709473,0.27210221527713946,1232412544.0,824700000.0,705400000.0,2938000000.0,-2232600000.0,1996800000.0,-1.1180889423076923,576400000,,,,,,,2026-11-04,2
2026-10-10T10:27:56.866887+00:00,XLV,A,6948000000.0,6510000000.0,0.06728110599078341,0.5243235463442717,0.543010752688172,0.21286701208981001,0.22857142857142856,1060374976.0,2129000000.0,3354000000.0,1789000000.0,1565000000.0,2080000000.0,0.7524038461538461,281965813,,,,,,,2026-11-25,2
2026-10-10T10:27:56.866887+00:00,XLV,HUM,129664000000.0,117761000000.0,0.10107760633826146,0.13653,,0.01685895853899309,0.020218917977938365,1940999936.0,3541000000.0,12369000000.0,4200000000.0,8169000000.0,3596000000.0,2.271690767519466,120080308,,,,,,,2026-11-06,2
2026-10-10T10:27:56.866887+00:00,XLK,NVDA,215938000000.0,130497000000.0,0.6547353579009478,0.7106808435754708,0.7498869705816992,0.6038168363141272,0.6241752683969747,41809874944.0,67325000000.0,11040000000.0,10605000000.0,435000000.0,201266003968.0,0.002161318809058097,24147000000,,,,,,,2026-11-17,2
2026-10-10T10:27:56.866887+00:00,XLK,AAPL,416161000000.0,391035000000.0,0.06425511782832749,0.4690516410716045,0.4620634981523393,0.31970799762591884,0.31510222870075566,107721875456.0,127701000000.0,98657000000.0,35934000000.0,62723000000.0,167959003136.0,0.3734423212146112,14594180000,,,,,,,2026-11-02,2
2026-10-10T10:27:56.866887+00:00,XLK,MSFT,331839000000.0,281724000000.0,0.17788686799846665,0.6794409337058032,0.6882374238616519,0.4678081840892722,0.4562195624085985,16545500160.0,200713000000.0,56826000000.0,20935000000.0,35891000000.0,194237005824.0,0.1847794134168294,7425545491,,,,,,,2026-10-28,2
2026-10-10T10:27:56.866887+00:00,XLK,AMD,34639000000.0,25785000000.0,0.3433779329067288,0.4951644100580271,0.49350397517936784,0.10664280146655504,0.08089974791545472,8841499648.0,3677000000.0,3847000000.0,5539000000.0,-1692000000.0,9562000384.0,-0.17695042167444447,1632475042,,,,,,,2026-11-03,2
2026-10-10T10:27:56.866887+00:00,XLK,AVGO,63887000000.0,51574000000.0,0.23874432853763516,0.6776652527118193,0.6303369915073487,0.40814250160439525,0.2907666653740257,30596499456.0,20510000000.0,65136000000.0,16178000000.0,48958000000.0,52259999744.0,0.9368159249870814,4773629865,,,,,,,2026-12-09,2
2026-10-10T10:27:56.866887+00:00,XLK,MU,37378000000.0,25111000000.0,0.4885110111106685,0.39790786023864305,0.22352753773246783,0.2624270961528172,0.05196925650113496,29214251008.0,16893000000.0,15278000000.0,9642000000.0,5636000000.0,108842999808.0,0.05178100576005763,1129393151,,,,,,,2026-12-23,2
2026-10-10T10:27:56.866887+00:00,XLK,INTC,52853000000.0,53101000000.0,-0.004670345191239322,0.34766238434904356,0.32664168283083184,-0.0004351692429947212,-0.0886612304853016,4866375168.0,32232000000.0,46585000000.0,14265000000.0,32320000000.0,16839999488.0,1.9192399633403123,5286105262,,,,,,,2026-10-29,2
2026-10-10T10:27:56.866887+00:00,XLK,PLTR,4475446000.0,2865507000.0,0.5618339093221549,0.8236651721415028,0.8024817248745161,0.3159495165398041,0.10832393709036481,2159104512.0,1166499000.0,229338000.0,1423796000.0,-1194458000.0,2662629888.0,-0.4486008383603031,2300713329,,,,,,,2026-11-02,2
2026-10-10T10:27:56.866887+00:00,XLK,CSCO,63325000000.0,56654000000.0,0.1177498499664631,0.645242795104619,0.6493804497475907,0.2536281089617055,0.22070815829420695,11182624768.0,15098000000.0,29533000000.0,7218000000.0,22315000000.0,18641999872.0,1.1970282240757222,3942586873,,,,,,,2026-11-12,2
2026-10-10T10:27:56.866887+00:00,XLK,AMAT,28368000000.0,27176000000.0,0.04386223138063006,0.4867456288776086,0.47457315278186635,0.2985758601240835,0.2894833676773624,3075375104.0,9867000000.0,7050000000.0,7241000000.0,-191000000.0,10154999808.0,-0.01880846909022413,793597443,,,,,,,2026-11-12,2
2026-10-10T10:27:56.866887+00:00,XLK,LRCX,23232690000.0,18435591000.0,0.26020858240997,0.5046900724797688,0.48705023885591736,0.35294212594408997,0.32008564303688447,3090484480.0,6932450000.0,3734563000.0,5579171000.0,-1844608000.0,8641328128.0,-0.21346348300593082,1251424362,,,,,,,2026-10-21,2
2026-10-10T10:27:56.866887+00:00,XLK,PANW,11480000000.0,9221000000.0,0.2449842750244009,0.7035714285714286,0.7341936883201388,0.06054006968641115,0.13480099772258974,4240624896.0,3963000000.0,2500000000.0,2514000000.0,-14000000.0,1560000000.0,-0.008974358974358974,818000000,,,,,,,2026-11-19,2
2026-10-10T10:27:56.866887+00:00,XLK,CRWD,4812005000.0,3953624000.0,0.21711245176577232,0.7466899972049074,0.7495533212060631,-0.06095006135696035,-0.029441342929929604,1995385472.0,1695548000.0,820077000.0,5230125000.0,-4410048000.0,106861000.0,-41.26901301690982,1023934842,,,,,,,2026-12-01,2
2026-10-10T10:27:56.866887+00:00,XLK,TXN,17682000000.0,15641000000.0,0.13049037785307838,0.5702409229725144,0.5814206252797136,0.34724578667571543,0.34147433028578733,3545250048.0,11138000000.0,14048000000.0,3225000000.0,10823000000.0,9520000000.0,1.1368697478991596,913247686,,,,,,,2026-10-21,2
2026-10-10T10:27:56.866887+00:00,XLK,KLAC,13579476000.0,12156162000.0,0.1170858038910636,0.6130145227989652,0.6090980853989936,0.4168629187164512,0.41248438446279345,2624587520.0,4417162000.0,6151713000.0,1649842000.0,4501871000.0,6054757888.0,0.743526179456707,1305006492,,,,,,,2026-10-28,2
2026-10-10T10:27:56.866887+00:00,XLK,MRVL,8194600000.0,5767300000.0,0.42087285211450776,0.5101774339198984,0.4130529017044371,0.16332706904546898,-0.0635305949057618,2408049920.0,1972800000.0,4790300000.0,2638800000.0,2151500000.0,2850299904.0,0.7548328500382253,876926613,,,,,,,2026-12-01,2
2026-10-10T10:27:56.866887+00:00,XLK,SNDK,20248000000.0,7355000000.0,1.7529571719918424,0.7147372580007902,0.3007477906186268,0.615764519952588,0.06893269884432358,7720875008.0,288000000.0,177000000.0,4762000000.0,-4585000000.0,12616999936.0,-0.3633985910483879,144527564,,,,,,,2026-10-29,2
2026-10-10T10:27:56.866887+00:00,XLK,ORCL,67357000000.0,57399000000.0,0.1734873429850694,0.658224089552682,0.70509939197547,0.33320961444244845,0.3145002526176414,-45853626368.0,42036000000.0,156189000000.0,31289000000.0,124900000000.0,34432999424.0,3.627334303991652,3031501149,,,,,,,2026-12-14,2
2026-10-10T10:27:56.866887+00:00,XLK,ANET,9005700000.0,7003100000.0,0.28595907526666764,0.6405609780472368,0.6413302680241607,0.42818437211987964,0.42047093430052407,3891512576.0,3740200000.0,43964000.0,1963900000.0,-1919936000.0,4639600128.0,-0.41381497263377953,1261224648,,,,,,,2026-11-03,2
2026-10-10T10:27:56.866887+00:00,XLK,IBM,67536000000.0,62753000000.0,0.07621946361130139,0.5818674484719261,0.566522716045448,0.1849680170575693,0.16053415772951093,12049750016.0,15130000000.0,64607000000.0,13587000000.0,51020000000.0,16472999936.0,3.0971893521653686,942134390,,,,,,,2026-10-21,2
2026-10-10T10:27:56.866887+00:00,XLK,APH,23094700000.0,15222700000.0,0.5171224552806006,0.3688162219037268,0.3376339282781635,0.25858746812039124,0.2157501625861378,3818374912.0,3480100000.0,15502000000.0,11130600000.0,4371400000.0,9463700480.0,0.4619123364310025,2465966914,,,,,,,2026-10-28,2
2026-10-10T10:27:56.866887+00:00,XLK,ADI,11019707000.0,9427157000.0,0.16893216056548122,0.614669518890112,0.5708341337690674,0.27246423158074895,0.21958433491666682,4147339008.0,4582992000.0,8664610000.0,2499406000.0,6165204000.0,6922700800.0,0.8905778507717681,484565465,,,,,,,2026-11-24,2
2026-10-10T10:27:56.866887+00:00,XLK,QCOM,44284000000.0,38962000000.0,0.13659463066577682,0.5542859723602204,0.5621374672758072,0.2798753500135489,0.2631538422052256,10241000448.0,13243000000.0,14811000000.0,5520000000.0,9291000000.0,11998999552.0,0.7743145551206702,1067839507,,,,,,,2026-11-04,2
2026-10-10T10:27:56.866887+00:00,XLK,CRM,41525000000.0,37895000000.0,0.09579100145137875,0.7767609873570138,0.7719224172054361,0.21473810957254666,0.202295817390157,17731874816.0,13750000000.0,17176000000.0,7327000000.0,9849000000.0,12899000320.0,0.7635475428843156,823000000,,,,,,,2026-12-02,2
2026-10-10T10:27:56.866887+00:00,XLK,STX,12195000000.0,9097000000.0,0.3405518302737167,0.45576055760557604,0.3517643179070023,0.34653546535465357,0.21050895899747168,1943750016.0,1348000000.0,3858000000.0,1704000000.0,2154000000.0,4502000128.0,0.4784540068320496,227393014,,,,,,,2026-10-27,2
2026-10-10T10:27:56.866887+00:00,XLK,DELL,113538000000.0,95567000000.0,0.1880460828528676,0.19999471542567246,0.22235708979040883,0.0743891912839754,0.06964747245388052,6033375232.0,7173000000.0,31503000000.0,11528000000.0,19975000000.0,17725999104.0,1.126875832657156,315433188,,,,,,,2026-11-27,2
2026-10-10T10:27:56.866887+00:00,XLK,NOW,13278000000.0,10984000000.0,0.20884923525127452,0.7753426720891701,0.791788055353241,0.13737008585630367,0.12418062636562273,5149374976.0,5159000000.0,2403000000.0,3726000000.0,-1323000000.0,2896999936.0,-0.4566793335269166,1033862000,,,,,,,2026-10-28,2
2026-10-10T10:27:56.866887+00:00,XLK,WDC,12919000000.0,9520000000.0,0.3570378151260505,0.4885053022679774,0.3878151260504202,0.35598730551900304,0.22373949579831934,2268750080.0,2103000000.0,1052000000.0,1579000000.0,-527000000.0,5001999872.0,-0.10535785955333987,374323269,,,,,,,2026-10-22,2
2026-10-10T10:27:56.866887+00:00,XLK,ACN,69672977000.0,64896464000.0,0.07360205326441216,0.31913952808418106,0.32609352953344267,0.15559817402376822,0.15461993430027252,11181248512.0,9647536000.0,8182866000.0,11478729000.0,-3295863000.0,14068783104.0,-0.23426780949255865,611942109,,,,,,,2026-12-17,2
2026-10-10T10:27:56.866887+00:00,XLK,GLW,15629000000.0,13118000000.0,0.1914163744473243,0.35965192910614885,0.32596432382985213,0.1458186704203724,0.08652233572190883,734499968.0,2904000000.0,9377000000.0,1526000000.0,7851000000.0,4084999936.0,1.921909454835301,861388331,,,,,,,2026-10-27,2
2026-10-10T10:49:48.452270+00:00,XLF,BRK.B,410522000000.0,424232000000.0,-0.03231722265175663,0.30332002,,0.21321147222316952,0.27243583699485185,71975247872.0,49568000000.0,129081000000.0,51877000000.0,77204000000.0,130683002880.0,0.5907730791194994,1408035161,,,,,,,2026-11-07,2
2026-10-10T10:49:48.452270+00:00,XLF,JPM,181847000000.0,169439000000.0,0.07322989394413337,0.0,,0.50394,,,,499982000000.0,343338000000.0,156644000000.0,,,2658186195,,,,,,,2026-10-13,2
2026-10-10T10:49:48.452270+00:00,XLF,V,40000000000.0,35926000000.0,0.11339976618604908,0.803625,0.803985971162946,0.6639,0.6696264543784446,20404000768.0,21207000000.0,25171000000.0,17164000000.0,8007000000.0,31093999616.0,0.2575094905410576,1704112694,,,,,,,2026-10-27,2
2026-10-10T10:49:48.452270+00:00,XLF,MA,32791000000.0,28167000000.0,0.16416373770724602,0.7788722515324327,0.7630915610466148,0.5951023146595102,0.5796499449710655,16961250304.0,15974000000.0,19000000000.0,10566000000.0,8434000000.0,22200999936.0,0.3798927987168659,869464115,,,,,,,2026-10-29,2
2026-10-10T10:49:48.452270+00:00,XLF,BAC,113097000000.0,105856000000.0,0.06840424727932293,0.0,,0.38305,,,,365904000000.0,239319000000.0,126585000000.0,,,6992748365,,,,,,,2026-10-14,2
2026-10-10T10:49:48.452270+00:00,XLF,GS,58283000000.0,53512000000.0,0.08915757213335329,0.82075995,,0.42176998,,-43090000000.0,-11121000000.0,386150000000.0,164259000000.0,221891000000.0,,,291171408,,,,,,,2026-10-13,2
2026-10-10T10:49:48.452270+00:00,XLF,WFC,83699000000.0,82296000000.0,0.01704821619519792,0.0,,0.37387002,,,,193035000000.0,174210000000.0,18825000000.0,,,3023999336,,,,,,,2026-10-13,2
2026-10-10T10:49:48.452270+00:00,XLF,MS,65966000000.0,57621000000.0,0.14482567119626522,0.87641,,0.41567,,-14991000000.0,4824000000.0,370538000000.0,81310000000.0,289228000000.0,,,1570566292,,,,,,,2026-10-14,2
2026-10-10T10:49:48.452270+00:00,XLF,C,85213000000.0,80672000000.0,0.05628966679888925,0.0,,0.36229,,-61112000000.0,-13169000000.0,367705000000.0,349579000000.0,18126000000.0,,,1677436783,,,,,,,2026-10-13,2
2026-10-10T10:49:48.452270+00:00,XLF,AXP,72230000000.0,65949000000.0,0.095240261414123,0.62338,,0.2032,,20853000000.0,15961000000.0,57759000000.0,47708000000.0,10051000000.0,,,675309833,,,,,,,2026-10-23,2
2026-10-10T10:49:48.452270+00:00,XLF,SCHW,23921000000.0,19606000000.0,0.2200856880546771,0.97495,,0.52277,,9859000000.0,3290000000.0,30951000000.0,46030000000.0,-15079000000.0,,,1729335714,,,,,,,2026-10-15,2
2026-10-10T10:49:48.452270+00:00,XLF,BLK,24216000000.0,20407000000.0,0.1866516391434312,0.4670465807730426,0.4942421718037928,0.326602246448629,0.36938305483412553,7578124800.0,5211000000.0,14996000000.0,11468000000.0,3528000000.0,11116000256.0,0.31738034533560916,154869259,,,,,,,2026-10-14,2
2026-10-10T10:49:48.452270+00:00,XLF,PGR,87637000000.0,75343000000.0,0.1631737520406673,0.18521,,0.1654666408024008,0.14589278366935216,15114500096.0,15404000000.0,6897000000.0,125000000.0,6772000000.0,15397999616.0,0.43979738725043493,580400000,,,,,,,2026-10-14,2
2026-10-10T10:49:48.452270+00:00,XLF,COF,53434000000.0,39112000000.0,0.3661791777459604,0.0,,0.33629,,29296000000.0,19363000000.0,50413000000.0,57434000000.0,-7021000000.0,,,613484836,,,,,,,2026-10-20,2
2026-10-10T10:49:48.452270+00:00,XLF,SPGI,15336000000.0,14208000000.0,0.07939189189189189,0.7024647887323944,0.6930602477477478,0.4027777777777778,0.38555743243243246,5448249856.0,5813000000.0,13582000000.0,1745000000.0,11837000000.0,8143000064.0,1.453641152765193,294800000,,,,,,,2026-10-27,2
2026-10-10T10:49:48.452270+00:00,XLF,CB,59783000000.0,56010000000.0,0.06736297089805388,0.31129998,,0.23096867002325075,0.21774683092304944,10488000512.0,,17227000000.0,2272000000.0,14955000000.0,14883000320.0,1.0048377127226993,385799859,,,,,,,2026-10-20,2
2026-10-10T10:49:48.452270+00:00,XLF,CME,6520600000.0,6130100000.0,0.06370206032528025,0.8609023709474588,0.8612910066719955,0.6486366285311168,0.6413435343632241,2909012480.0,3784500000.0,3422300000.0,4416900000.0,-994600000.0,4771100160.0,-0.2084634500735361,359576125,,,,,,,2026-10-21,2
2026-10-10T10:49:48.452270+00:00,XLF,BNY,19759000000.0,18258000000.0,0.08221053784642351,0.0,,0.40046,,8283000000.0,2156000000.0,34298000000.0,128669000000.0,-94371000000.0,,,678504142,,,,,,,2026-10-15,2
2026-10-10T10:49:48.452270+00:00,XLF,USB,28540000000.0,27335000000.0,0.0440826778854948,0.0,,0.39646998,,,,68413000000.0,46890000000.0,21523000000.0,,,1558051446,,,,,,,2026-10-15,2
2026-10-10T10:49:48.452270+00:00,XLF,PNC,23077000000.0,20809000000.0,0.10899130184054973,0.0,,0.38689,,,,57101000000.0,39713000000.0,17388000000.0,,,398943667,,,,,,,2026-10-15,2
2026-10-10T10:49:48.452270+00:00,XLF,ICE,12640000000.0,11761000000.0,0.07473854264093194,0.5615506329113924,0.554544681574696,0.3954905063291139,0.37522319530652154,3633625088.0,5361000000.0,20279000000.0,837000000.0,19442000000.0,6713999872.0,2.8957402994719628,561394487,,,,,,,2026-10-29,2
2026-10-10T10:49:48.452270+00:00,XLF,HOOD,4473000000.0,2951000000.0,0.515757370382921,0.833445115135256,0.7943070145713318,0.4681421864520456,0.357167062012877,1692000000.0,-107000000.0,11626000000.0,4261000000.0,7365000000.0,2180000000.0,3.378440366972477,790630234,,,,,,,2026-10-27,2
2026-10-10T10:49:48.452270+00:00,XLF,BX,12410012000.0,10930540000.0,0.135352141797203,1.0,,0.54357,,4778864000.0,3543071000.0,13306165000.0,2631241000.0,10674924000.0,,,750625114,,,,,,,2026-10-22,2
2026-10-10T10:49:48.452270+00:00,XLF,MRSH,26981000000.0,24458000000.0,0.10315643143347786,0.422667803268967,0.4277537002207867,0.23064378636818503,0.2378362907842015,4785249792.0,4618000000.0,21449000000.0,2687000000.0,18762000000.0,7758000128.0,2.418406765976274,477211268,,,,,,,2026-10-15,2
2026-10-10T10:49:48.452270+00:00,XLF,TRV,48828000000.0,46428000000.0,0.05169294391315593,0.34730998,,0.16836651101826822,0.1415525114155251,14775124992.0,,9267000000.0,710000000.0,8557000000.0,11480000512.0,0.7453832420177509,208575022,,,,,,,2026-10-16,2
2026-10-10T10:49:48.452270+00:00,XLF,MCO,7718000000.0,7088000000.0,0.0888826185101581,0.7443638248250842,0.7255925507900677,0.44856180357605596,0.42000564334085777,2579124992.0,3155000000.0,7351000000.0,2384000000.0,4967000000.0,4052999936.0,1.2255119857963896,173180984,,,,,,,2026-10-21,2
2026-10-10T10:49:48.452270+00:00,XLF,KKR,19207544000.0,21640288000.0,-0.11241735784662388,0.1799646014086965,0.17753349678155855,0.025521118160656043,0.042799661446280196,638525000.0,6791414000.0,54537875000.0,16892147000.0,37645728000.0,,,897635601,,,,,,,2026-11-09,2
2026-10-10T10:49:48.452270+00:00,XLF,AJG,13942000000.0,11555000000.0,0.20657723929035043,0.4257638789269832,0.42224145391605367,0.18333094247597187,0.19749026395499783,2082300032.0,2725000000.0,13485000000.0,1396000000.0,12089000000.0,4288000000.0,2.8192630597014925,256341000,,,,,,,2026-10-29,2
2026-10-10T10:49:48.452270+00:00,XLF,AON,17181000000.0,15698000000.0,0.09447063320168181,0.47703858913916536,0.4723531660084087,0.2740818345847157,0.2690788635494967,3190874880.0,3253000000.0,16071000000.0,1195000000.0,14876000000.0,5900000256.0,2.521355822802188,212125434,,,,,,,2026-10-28,2
2026-10-10T10:49:48.452270+00:00,XLF,ALL,67069000000.0,63515000000.0,0.05595528615287737,0.36800998,,0.2021052945474064,0.09700070849405652,15158625280.0,9141000000.0,7490000000.0,678000000.0,6812000000.0,17116000256.0,0.39799017866992953,252857950,,,,,,,2026-11-04,2
2026-10-10T10:49:48.452270+00:00,XLV,LLY,65179000000.0,45043000000.0,0.44703949559309986,0.8304361834333144,0.8131119152809537,0.45560686724251676,0.3783051750549475,11065900032.0,17222000000.0,42503000000.0,7268000000.0,35235000000.0,41706999808.0,0.8448222159878646,891741406,,,,,,,2026-10-29,2
2026-10-10T10:49:48.452270+00:00,XLV,JNJ,94193000000.0,88821000000.0,0.06048119251078021,0.6787871710212011,0.6907150336069173,0.27173993821196907,0.23923396494072346,16885125120.0,30473000000.0,47933000000.0,19709000000.0,28224000000.0,34872000512.0,0.809359933058262,2409898597,,,,,,,2026-10-13,2
2026-10-10T10:49:48.452270+00:00,XLV,ABBV,61160000000.0,56334000000.0,0.08566762523520421,0.7023544800523218,0.6999325451769801,0.32849901896664485,0.21113359605211773,16870250496.0,19780000000.0,67496000000.0,5229000000.0,62267000000.0,30762999808.0,2.0240873903268466,1767117285,,,,,,,2026-10-30,2
2026-10-10T10:49:48.452270+00:00,XLV,MRK,65011000000.0,64168000000.0,0.013137389352948503,0.7480118749134762,0.7632308939035033,0.340050145360016,0.3151259194614138,15171500032.0,24840000000.0,49339000000.0,14565000000.0,34774000000.0,28871000064.0,1.2044612213956731,2467171638,,,,,,,2026-10-29,2
2026-10-10T10:49:48.452270+00:00,XLV,UNH,447567000000.0,400278000000.0,0.11814039242726304,0.1852616479767275,0.2233422771174034,0.04237130977038075,0.0806614402989922,24272250880.0,27703000000.0,78389000000.0,24365000000.0,54024000000.0,26680999936.0,2.0248116685876822,897594847,,,,,,,2026-10-13,2
2026-10-10T10:49:48.452270+00:00,XLV,TMO,44557000000.0,42879000000.0,0.03913337531192429,0.4093408443117804,0.41283612024534155,0.18201404941984425,0.17997154784393293,6237250048.0,10067000000.0,39385000000.0,9852000000.0,29533000000.0,11738999808.0,2.5158020685777323,369747286,,,,,,,2026-10-21,2
2026-10-10T10:49:48.452270+00:00,XLV,AMGN,36751000000.0,33424000000.0,0.09953925323121116,0.6724714973742211,0.6153063666826233,0.24706810699028597,0.21714935375777883,8645624832.0,12586000000.0,54604000000.0,9129000000.0,45475000000.0,17268000768.0,2.633483783732016,540632005,,,,,,,2026-11-03,2
2026-10-10T10:49:48.452270+00:00,XLV,GILD,29442000000.0,28754000000.0,0.0239271057939765,0.7882616670063175,0.7826041594212979,0.3974254466408532,0.36850525144327745,9768875008.0,11351000000.0,24936000000.0,7564000000.0,17372000000.0,14600999936.0,1.1897815270286978,1239955155,,,,,,,2026-10-29,2
2026-10-10T10:49:48.452270+00:00,XLV,ABT,44328000000.0,41950000000.0,0.05668653158522052,0.5641806533116765,0.554088200238379,0.18166847139505504,0.1626936829558999,7209124864.0,10765000000.0,13860000000.0,8522000000.0,5338000000.0,11681000448.0,0.45698140529683506,1730383296,,,,,,,2026-10-21,2
2026-10-10T10:49:48.452270+00:00,XLV,PFE,62579000000.0,63627000000.0,-0.01647099501783833,0.7432525288035923,0.719443003756267,0.2781604052477668,0.23477454539739417,12485624832.0,15653000000.0,63961000000.0,1142000000.0,62819000000.0,25383000064.0,2.474845362707714,5699673589,,,,,,,2026-11-03,2
2026-10-10T10:49:48.452270+00:00,XLV,ISRG,10064700000.0,8352100000.0,0.20505022688904595,0.6599600584220096,0.6745848349516887,0.29265651236499846,0.28123465954670085,2615200000.0,3526200000.0,87000000.0,3368000000.0,-3281000000.0,4180800000.0,-0.7847780329123613,353278038,,,,,,,2026-10-20,2
2026-10-10T10:49:48.452270+00:00,XLV,DHR,24568000000.0,23875000000.0,0.02902617801047125,0.5911348095083034,0.5950157068062827,0.19089873005535657,0.20368586387434556,4325125120.0,8080000000.0,19696000000.0,4615000000.0,15081000000.0,8028000256.0,1.878550014834479,702986054,,,,,,,2026-10-21,2
2026-10-10T10:49:48.452270+00:00,XLV,VRTX,12001300000.0,11020100000.0,0.08903730456166459,0.8624065726212994,0.8611174127276522,0.3794922216759851,-0.0211794811299353,2627887616.0,-7200000.0,2030500000.0,5084800000.0,-3054300000.0,5100499968.0,-0.5988236484976682,253460924,,,,,,,2026-11-02,2
2026-10-10T10:49:48.452270+00:00,XLV,BMY,48195000000.0,48300000000.0,-0.0021739130434782483,0.7108413735864716,0.710807453416149,0.2847598298578691,0.1218840579710145,8114375168.0,16438000000.0,47139000000.0,10209000000.0,36930000000.0,18929999872.0,1.9508716455209494,2042714656,,,,,,,2026-10-29,2
2026-10-10T10:49:48.452270+00:00,XLV,MDT,36364000000.0,33537000000.0,0.08429495780779428,0.6501759982400176,0.6531591973044697,0.18776812231877682,0.19500849807675105,5412499968.0,8903000000.0,27961000000.0,1949000000.0,26012000000.0,10407999488.0,2.499231483436445,1279137890,,,,,,,2026-11-17,2
2026-10-10T10:49:48.452270+00:00,XLV,CVS,402067000000.0,372809000000.0,0.07847986502471782,0.13769346899894794,0.13787489035940656,0.025829028495250792,0.02600527347783986,8076000256.0,11888000000.0,79950000000.0,8453000000.0,71497000000.0,16679999488.0,4.286391018862842,1278970369,,,,,,,2026-11-04,2
2026-10-10T10:49:48.452270+00:00,XLV,MCK,403430000000.0,359051000000.0,0.12360082550946805,0.036065736311132045,0.0371061492657032,0.015997818704607987,0.013413136295400932,6801249792.0,6944000000.0,8614000000.0,3975000000.0,4639000000.0,7071000064.0,0.6560599572920609,116590363,,,,,,,2026-11-04,2
2026-10-10T10:49:48.452270+00:00,XLV,SYK,25116000000.0,22595000000.0,0.11157335693737558,0.6396321070234113,0.6390794423545032,0.2014253862079949,0.20650586412923214,4108875008.0,4997000000.0,15859000000.0,4011000000.0,11848000000.0,7376000000.0,1.6062906724511932,383573046,,,,,,,2026-10-29,2
2026-10-10T10:49:48.452270+00:00,XLV,ELV,199125000000.0,176810000000.0,0.12620892483456814,0.2599,,0.040738229755178906,0.05140546349188394,4306375168.0,7064000000.0,32046000000.0,9491000000.0,22555000000.0,8323999744.0,2.7096348742991982,216869290,,,,,,,2026-10-21,2
2026-10-10T10:49:48.452270+00:00,XLV,CI,273854000000.0,246148000000.0,0.11255829825958363,0.0895148509789888,0.10152834879828396,0.029774989592994808,0.03430456473341242,7980125184.0,11769000000.0,31463000000.0,7676000000.0,23787000000.0,12757999616.0,1.8644772469007103,264240486,,,,,,,2026-11-05,2
2026-10-10T10:49:48.452270+00:00,XLV,MRNA,1922000000.0,3199000000.0,-0.3991872460143795,0.5483870967741935,0.5423569865582994,-1.599375650364204,-1.23319787433573,299249984.0,-1953000000.0,1305000000.0,2595000000.0,-1290000000.0,-2195000064.0,0.58769929949305,399235889,,,,,,,2026-11-05,2
2026-10-10T10:49:48.452270+00:00,XLV,REGN,14342900000.0,14202000000.0,0.009921137867905827,0.8535372902272205,0.8612519363469934,0.25810679848566187,0.28099563441768766,3065299968.0,5302100000.0,2705900000.0,3118100000.0,-412200000.0,4702400000.0,-0.08765736645117386,101137842,,,,,,,2026-10-30,2
2026-10-10T10:49:48.452270+00:00,XLV,HCA,75600000000.0,70603000000.0,0.07077602934719485,0.415,0.40618670594733935,0.15826719576719578,0.1493845870572072,3738125056.0,15389000000.0,48697000000.0,1040000000.0,47657000000.0,15747000320.0,3.0264176688605033,216501500,,,,,,,2026-10-27,2
2026-10-10T10:49:48.452270+00:00,XLV,COR,321332819000.0,293958599000.0,0.09312270535076261,0.03572165157521616,0.033712328993648524,0.012241581834814079,0.01073943409289415,2043314048.0,3971858000.0,7660773000.0,4356138000.0,3304635000.0,5546476032.0,0.5958080375600909,190827165,,,,,,,2026-11-04,2
2026-10-10T10:49:48.452270+00:00,XLV,BSX,20074000000.0,16747000000.0,0.1986624470054339,0.6900966424230348,0.686093031587747,0.19781807312942115,0.17925598614677254,2451375104.0,4505000000.0,11436000000.0,1965000000.0,9471000000.0,5711000064.0,1.658378549091888,1449229526,,,,,,,2026-10-28,2
2026-10-10T10:49:48.452270+00:00,XLV,CAH,254248000000.0,222578000000.0,0.1422871981956888,0.038442780277524305,0.03669724770642202,0.012479940845159057,0.010432297891076386,4752500224.0,2944000000.0,8886000000.0,4856000000.0,4030000000.0,4244000000.0,0.9495758718190387,231559345,,,,,,,2026-11-05,2
2026-10-10T10:49:48.452270+00:00,XLV,BDX,21840000000.0,20178000000.0,0.08236693428486475,0.45444139194139194,0.452225195757756,0.13672161172161174,0.1415402914064823,4478374912.0,4522000000.0,19181000000.0,641000000.0,18540000000.0,6120999936.0,3.028916875322771,272386800,,,,,,,2026-11-05,2
2026-10-10T10:49:48.452270+00:00,XLV,EW,6067600000.0,5439500000.0,0.11547017189079889,0.7801107521919705,0.7945583233753102,0.2696618102709473,0.27210221527713946,1232412544.0,824700000.0,705400000.0,2938000000.0,-2232600000.0,1996800000.0,-1.1180889423076923,576400000,,,,,,,2026-11-04,2
2026-10-10T10:49:48.452270+00:00,XLV,A,6948000000.0,6510000000.0,0.06728110599078341,0.5243235463442717,0.543010752688172,0.21286701208981001,0.22857142857142856,1060374976.0,2129000000.0,3354000000.0,1789000000.0,1565000000.0,2080000000.0,0.7524038461538461,281965813,,,,,,,2026-11-25,2
2026-10-10T10:49:48.452270+00:00,XLV,HUM,129664000000.0,117761000000.0,0.10107760633826146,0.13653,,0.01685895853899309,0.020218917977938365,1940999936.0,3541000000.0,12369000000.0,4200000000.0,8169000000.0,3596000000.0,2.271690767519466,120080308,,,,,,,2026-11-06,2
2026-10-10T10:49:48.452270+00:00,XLK,NVDA,215938000000.0,130497000000.0,0.6547353579009478,0.7106808435754708,0.7498869705816992,0.6038168363141272,0.6241752683969747,41809874944.0,67325000000.0,11040000000.0,10605000000.0,435000000.0,201266003968.0,0.002161318809058097,24147000000,,,,,,,2026-11-17,2
2026-10-10T10:49:48.452270+00:00,XLK,AAPL,416161000000.0,391035000000.0,0.06425511782832749,0.4690516410716045,0.4620634981523393,0.31970799762591884,0.31510222870075566,107721875456.0,127701000000.0,98657000000.0,35934000000.0,62723000000.0,167959003136.0,0.3734423212146112,14594180000,,,,,,,2026-11-02,2
2026-10-10T10:49:48.452270+00:00,XLK,MSFT,331839000000.0,281724000000.0,0.17788686799846665,0.6794409337058032,0.6882374238616519,0.4678081840892722,0.4562195624085985,16545500160.0,200713000000.0,56826000000.0,20935000000.0,35891000000.0,194237005824.0,0.1847794134168294,7425545491,,,,,,,2026-10-28,2
2026-10-10T10:49:48.452270+00:00,XLK,AMD,34639000000.0,25785000000.0,0.3433779329067288,0.4951644100580271,0.49350397517936784,0.10664280146655504,0.08089974791545472,8841499648.0,3677000000.0,3847000000.0,5539000000.0,-1692000000.0,9562000384.0,-0.17695042167444447,1632475042,,,,,,,2026-11-03,2
2026-10-10T10:49:48.452270+00:00,XLK,AVGO,63887000000.0,51574000000.0,0.23874432853763516,0.6776652527118193,0.6303369915073487,0.40814250160439525,0.2907666653740257,30596499456.0,20510000000.0,65136000000.0,16178000000.0,48958000000.0,52259999744.0,0.9368159249870814,4773629865,,,,,,,2026-12-09,2
2026-10-10T10:49:48.452270+00:00,XLK,MU,37378000000.0,25111000000.0,0.4885110111106685,0.39790786023864305,0.22352753773246783,0.2624270961528172,0.05196925650113496,29214251008.0,16893000000.0,15278000000.0,9642000000.0,5636000000.0,108842999808.0,0.05178100576005763,1129393151,,,,,,,2026-12-23,2
2026-10-10T10:49:48.452270+00:00,XLK,INTC,52853000000.0,53101000000.0,-0.004670345191239322,0.34766238434904356,0.32664168283083184,-0.0004351692429947212,-0.0886612304853016,4866375168.0,32232000000.0,46585000000.0,14265000000.0,32320000000.0,16839999488.0,1.9192399633403123,5286105262,,,,,,,2026-10-29,2
2026-10-10T10:49:48.452270+00:00,XLK,PLTR,4475446000.0,2865507000.0,0.5618339093221549,0.8236651721415028,0.8024817248745161,0.3159495165398041,0.10832393709036481,2159104512.0,1166499000.0,229338000.0,1423796000.0,-1194458000.0,2662629888.0,-0.4486008383603031,2300713329,,,,,,,2026-11-02,2
2026-10-10T10:49:48.452270+00:00,XLK,CSCO,63325000000.0,56654000000.0,0.1177498499664631,0.645242795104619,0.6493804497475907,0.2536281089617055,0.22070815829420695,11182624768.0,15098000000.0,29533000000.0,7218000000.0,22315000000.0,18641999872.0,1.1970282240757222,3942586873,,,,,,,2026-11-12,2
2026-10-10T10:49:48.452270+00:00,XLK,AMAT,28368000000.0,27176000000.0,0.04386223138063006,0.4867456288776086,0.47457315278186635,0.2985758601240835,0.2894833676773624,3075375104.0,9867000000.0,7050000000.0,7241000000.0,-191000000.0,10154999808.0,-0.01880846909022413,793597443,,,,,,,2026-11-12,2
2026-10-10T10:49:48.452270+00:00,XLK,LRCX,23232690000.0,18435591000.0,0.26020858240997,0.5046900724797688,0.48705023885591736,0.35294212594408997,0.32008564303688447,3090484480.0,6932450000.0,3734563000.0,5579171000.0,-1844608000.0,8641328128.0,-0.21346348300593082,1251424362,,,,,,,2026-10-21,2
2026-10-10T10:49:48.452270+00:00,XLK,PANW,11480000000.0,9221000000.0,0.2449842750244009,0.7035714285714286,0.7341936883201388,0.06054006968641115,0.13480099772258974,4240624896.0,3963000000.0,2500000000.0,2514000000.0,-14000000.0,1560000000.0,-0.008974358974358974,818000000,,,,,,,2026-11-19,2
2026-10-10T10:49:48.452270+00:00,XLK,CRWD,4812005000.0,3953624000.0,0.21711245176577232,0.7466899972049074,0.7495533212060631,-0.06095006135696035,-0.029441342929929604,1995385472.0,1695548000.0,820077000.0,5230125000.0,-4410048000.0,106861000.0,-41.26901301690982,1023934842,,,,,,,2026-12-01,2
2026-10-10T10:49:48.452270+00:00,XLK,TXN,17682000000.0,15641000000.0,0.13049037785307838,0.5702409229725144,0.5814206252797136,0.34724578667571543,0.34147433028578733,3545250048.0,11138000000.0,14048000000.0,3225000000.0,10823000000.0,9520000000.0,1.1368697478991596,913247686,,,,,,,2026-10-21,2
2026-10-10T10:49:48.452270+00:00,XLK,KLAC,13579476000.0,12156162000.0,0.1170858038910636,0.6130145227989652,0.6090980853989936,0.4168629187164512,0.41248438446279345,2624587520.0,4417162000.0,6151713000.0,1649842000.0,4501871000.0,6054757888.0,0.743526179456707,1305006492,,,,,,,2026-10-28,2
2026-10-10T10:49:48.452270+00:00,XLK,MRVL,8194600000.0,5767300000.0,0.42087285211450776,0.5101774339198984,0.4130529017044371,0.16332706904546898,-0.0635305949057618,2408049920.0,1972800000.0,4790300000.0,2638800000.0,2151500000.0,2850299904.0,0.7548328500382253,876926613,,,,,,,2026-12-01,2
2026-10-10T10:49:48.452270+00:00,XLK,SNDK,20248000000.0,7355000000.0,1.7529571719918424,0.7147372580007902,0.3007477906186268,0.615764519952588,0.06893269884432358,7720875008.0,288000000.0,177000000.0,4762000000.0,-4585000000.0,12616999936.0,-0.3633985910483879,144527564,,,,,,,2026-10-29,2
2026-10-10T10:49:48.452270+00:00,XLK,ORCL,67357000000.0,57399000000.0,0.1734873429850694,0.658224089552682,0.70509939197547,0.33320961444244845,0.3145002526176414,-45853626368.0,42036000000.0,156189000000.0,31289000000.0,124900000000.0,34432999424.0,3.627334303991652,3031501149,,,,,,,2026-12-14,2
2026-10-10T10:49:48.452270+00:00,XLK,ANET,9005700000.0,7003100000.0,0.28595907526666764,0.6405609780472368,0.6413302680241607,0.42818437211987964,0.42047093430052407,3891512576.0,3740200000.0,43964000.0,1963900000.0,-1919936000.0,4639600128.0,-0.41381497263377953,1261224648,,,,,,,2026-11-03,2
2026-10-10T10:49:48.452270+00:00,XLK,IBM,67536000000.0,62753000000.0,0.07621946361130139,0.5818674484719261,0.566522716045448,0.1849680170575693,0.16053415772951093,12049750016.0,15130000000.0,64607000000.0,13587000000.0,51020000000.0,16472999936.0,3.0971893521653686,942134390,,,,,,,2026-10-21,2
2026-10-10T10:49:48.452270+00:00,XLK,APH,23094700000.0,15222700000.0,0.5171224552806006,0.3688162219037268,0.3376339282781635,0.25858746812039124,0.2157501625861378,3818374912.0,3480100000.0,15502000000.0,11130600000.0,4371400000.0,9463700480.0,0.4619123364310025,2465966914,,,,,,,2026-10-28,2
2026-10-10T10:49:48.452270+00:00,XLK,ADI,11019707000.0,9427157000.0,0.16893216056548122,0.614669518890112,0.5708341337690674,0.27246423158074895,0.21958433491666682,4147339008.0,4582992000.0,8664610000.0,2499406000.0,6165204000.0,6922700800.0,0.8905778507717681,484565465,,,,,,,2026-11-24,2
2026-10-10T10:49:48.452270+00:00,XLK,QCOM,44284000000.0,38962000000.0,0.13659463066577682,0.5542859723602204,0.5621374672758072,0.2798753500135489,0.2631538422052256,10241000448.0,13243000000.0,14811000000.0,5520000000.0,9291000000.0,11998999552.0,0.7743145551206702,1067839507,,,,,,,2026-11-04,2
2026-10-10T10:49:48.452270+00:00,XLK,CRM,41525000000.0,37895000000.0,0.09579100145137875,0.7767609873570138,0.7719224172054361,0.21473810957254666,0.202295817390157,17731874816.0,13750000000.0,17176000000.0,7327000000.0,9849000000.0,12899000320.0,0.7635475428843156,823000000,,,,,,,2026-12-02,2
2026-10-10T10:49:48.452270+00:00,XLK,STX,12195000000.0,9097000000.0,0.3405518302737167,0.45576055760557604,0.3517643179070023,0.34653546535465357,0.21050895899747168,1943750016.0,1348000000.0,3858000000.0,1704000000.0,2154000000.0,4502000128.0,0.4784540068320496,227393014,,,,,,,2026-10-27,2
2026-10-10T10:49:48.452270+00:00,XLK,DELL,113538000000.0,95567000000.0,0.1880460828528676,0.19999471542567246,0.22235708979040883,0.0743891912839754,0.06964747245388052,6033375232.0,7173000000.0,31503000000.0,11528000000.0,19975000000.0,17725999104.0,1.126875832657156,315433188,,,,,,,2026-11-27,2
2026-10-10T10:49:48.452270+00:00,XLK,NOW,13278000000.0,10984000000.0,0.20884923525127452,0.7753426720891701,0.791788055353241,0.13737008585630367,0.12418062636562273,5149374976.0,5159000000.0,2403000000.0,3726000000.0,-1323000000.0,2896999936.0,-0.4566793335269166,1033862000,,,,,,,2026-10-28,2
2026-10-10T10:49:48.452270+00:00,XLK,WDC,12919000000.0,9520000000.0,0.3570378151260505,0.4885053022679774,0.3878151260504202,0.35598730551900304,0.22373949579831934,2268750080.0,2103000000.0,1052000000.0,1579000000.0,-527000000.0,5001999872.0,-0.10535785955333987,374323269,,,,,,,2026-10-22,2
2026-10-10T10:49:48.452270+00:00,XLK,ACN,69672977000.0,64896464000.0,0.07360205326441216,0.31913952808418106,0.32609352953344267,0.15559817402376822,0.15461993430027252,11181248512.0,9647536000.0,8182866000.0,11478729000.0,-3295863000.0,14068783104.0,-0.23426780949255865,611942109,,,,,,,2026-12-17,2
2026-10-10T10:49:48.452270+00:00,XLK,GLW,15629000000.0,13118000000.0,0.1914163744473243,0.35965192910614885,0.32596432382985213,0.1458186704203724,0.08652233572190883,734499968.0,2904000000.0,9377000000.0,1526000000.0,7851000000.0,4084999936.0,1.921909454835301,861388331,,,,,,,2026-10-27,2
2026-10-10T11:25:30.134792+00:00,XLF,BRK.B,410522000000.0,424232000000.0,-0.03231722265175663,0.30332002,,0.21321147222316952,0.27243583699485185,71975247872.0,49568000000.0,129081000000.0,51877000000.0,77204000000.0,130683002880.0,0.5907730791194994,1408035161,,,,,,,2026-11-07,2
2026-10-10T11:25:30.134792+00:00,XLF,JPM,181847000000.0,169439000000.0,0.07322989394413337,0.0,,0.50394,,,,499982000000.0,343338000000.0,156644000000.0,,,2658186195,,,,,,,2026-10-13,2
2026-10-10T11:25:30.134792+00:00,XLF,V,40000000000.0,35926000000.0,0.11339976618604908,0.803625,0.803985971162946,0.6639,0.6696264543784446,20404000768.0,21207000000.0,25171000000.0,17164000000.0,8007000000.0,31093999616.0,0.2575094905410576,1704112694,,,,,,,2026-10-27,2
2026-10-10T11:25:30.134792+00:00,XLF,MA,32791000000.0,28167000000.0,0.16416373770724602,0.7788722515324327,0.7630915610466148,0.5951023146595102,0.5796499449710655,16961250304.0,15974000000.0,19000000000.0,10566000000.0,8434000000.0,22200999936.0,0.3798927987168659,869464115,,,,,,,2026-10-29,2
2026-10-10T11:25:30.134792+00:00,XLF,BAC,113097000000.0,105856000000.0,0.06840424727932293,0.0,,0.38305,,,,365904000000.0,239319000000.0,126585000000.0,,,6992748365,,,,,,,2026-10-14,2
2026-10-10T11:25:30.134792+00:00,XLF,GS,58283000000.0,53512000000.0,0.08915757213335329,0.82075995,,0.42176998,,-43090000000.0,-11121000000.0,386150000000.0,164259000000.0,221891000000.0,,,291171408,,,,,,,2026-10-13,2
2026-10-10T11:25:30.134792+00:00,XLF,WFC,83699000000.0,82296000000.0,0.01704821619519792,0.0,,0.37387002,,,,193035000000.0,174210000000.0,18825000000.0,,,3023999336,,,,,,,2026-10-13,2
2026-10-10T11:25:30.134792+00:00,XLF,MS,65966000000.0,57621000000.0,0.14482567119626522,0.87641,,0.41567,,-14991000000.0,4824000000.0,370538000000.0,81310000000.0,289228000000.0,,,1570566292,,,,,,,2026-10-14,2
2026-10-10T11:25:30.134792+00:00,XLF,C,85213000000.0,80672000000.0,0.05628966679888925,0.0,,0.36229,,-61112000000.0,-13169000000.0,367705000000.0,349579000000.0,18126000000.0,,,1677436783,,,,,,,2026-10-13,2
2026-10-10T11:25:30.134792+00:00,XLF,AXP,72230000000.0,65949000000.0,0.095240261414123,0.62338,,0.2032,,20853000000.0,15961000000.0,57759000000.0,47708000000.0,10051000000.0,,,675309833,,,,,,,2026-10-23,2
2026-10-10T11:25:30.134792+00:00,XLF,SCHW,23921000000.0,19606000000.0,0.2200856880546771,0.97495,,0.52277,,9859000000.0,3290000000.0,30951000000.0,46030000000.0,-15079000000.0,,,1729335714,,,,,,,2026-10-15,2
2026-10-10T11:25:30.134792+00:00,XLF,BLK,24216000000.0,20407000000.0,0.1866516391434312,0.4670465807730426,0.4942421718037928,0.326602246448629,0.36938305483412553,7578124800.0,5211000000.0,14996000000.0,11468000000.0,3528000000.0,11116000256.0,0.31738034533560916,154869259,,,,,,,2026-10-14,2
2026-10-10T11:25:30.134792+00:00,XLF,PGR,87637000000.0,75343000000.0,0.1631737520406673,0.18521,,0.1654666408024008,0.14589278366935216,15114500096.0,15404000000.0,6897000000.0,125000000.0,6772000000.0,15397999616.0,0.43979738725043493,580400000,,,,,,,2026-10-14,2
2026-10-10T11:25:30.134792+00:00,XLF,COF,53434000000.0,39112000000.0,0.3661791777459604,0.0,,0.33629,,29296000000.0,19363000000.0,50413000000.0,57434000000.0,-7021000000.0,,,613484836,,,,,,,2026-10-20,2
2026-10-10T11:25:30.134792+00:00,XLF,SPGI,15336000000.0,14208000000.0,0.07939189189189189,0.7024647887323944,0.6930602477477478,0.4027777777777778,0.38555743243243246,5448249856.0,5813000000.0,13582000000.0,1745000000.0,11837000000.0,8143000064.0,1.453641152765193,294800000,,,,,,,2026-10-27,2
2026-10-10T11:25:30.134792+00:00,XLF,CB,59783000000.0,56010000000.0,0.06736297089805388,0.31129998,,0.23096867002325075,0.21774683092304944,10488000512.0,,17227000000.0,2272000000.0,14955000000.0,14883000320.0,1.0048377127226993,385799859,,,,,,,2026-10-20,2
2026-10-10T11:25:30.134792+00:00,XLF,CME,6520600000.0,6130100000.0,0.06370206032528025,0.8609023709474588,0.8612910066719955,0.6486366285311168,0.6413435343632241,2909012480.0,3784500000.0,3422300000.0,4416900000.0,-994600000.0,4771100160.0,-0.2084634500735361,359576125,,,,,,,2026-10-21,2
2026-10-10T11:25:30.134792+00:00,XLF,BNY,19759000000.0,18258000000.0,0.08221053784642351,0.0,,0.40046,,8283000000.0,2156000000.0,34298000000.0,128669000000.0,-94371000000.0,,,678504142,,,,,,,2026-10-15,2
2026-10-10T11:25:30.134792+00:00,XLF,USB,28540000000.0,27335000000.0,0.0440826778854948,0.0,,0.39646998,,,,68413000000.0,46890000000.0,21523000000.0,,,1558051446,,,,,,,2026-10-15,2
2026-10-10T11:25:30.134792+00:00,XLF,PNC,23077000000.0,20809000000.0,0.10899130184054973,0.0,,0.38689,,,,57101000000.0,39713000000.0,17388000000.0,,,398943667,,,,,,,2026-10-15,2
2026-10-10T11:25:30.134792+00:00,XLF,ICE,12640000000.0,11761000000.0,0.07473854264093194,0.5615506329113924,0.554544681574696,0.3954905063291139,0.37522319530652154,3633625088.0,5361000000.0,20279000000.0,837000000.0,19442000000.0,6713999872.0,2.8957402994719628,561394487,,,,,,,2026-10-29,2
2026-10-10T11:25:30.134792+00:00,XLF,HOOD,4473000000.0,2951000000.0,0.515757370382921,0.833445115135256,0.7943070145713318,0.4681421864520456,0.357167062012877,1692000000.0,-107000000.0,11626000000.0,4261000000.0,7365000000.0,2180000000.0,3.378440366972477,790630234,,,,,,,2026-10-27,2
2026-10-10T11:25:30.134792+00:00,XLF,BX,12410012000.0,10930540000.0,0.135352141797203,1.0,,0.54357,,4778864000.0,3543071000.0,13306165000.0,2631241000.0,10674924000.0,,,750625114,,,,,,,2026-10-22,2
2026-10-10T11:25:30.134792+00:00,XLF,MRSH,26981000000.0,24458000000.0,0.10315643143347786,0.422667803268967,0.4277537002207867,0.23064378636818503,0.2378362907842015,4785249792.0,4618000000.0,21449000000.0,2687000000.0,18762000000.0,7758000128.0,2.418406765976274,477211268,,,,,,,2026-10-15,2
2026-10-10T11:25:30.134792+00:00,XLF,TRV,48828000000.0,46428000000.0,0.05169294391315593,0.34730998,,0.16836651101826822,0.1415525114155251,14775124992.0,,9267000000.0,710000000.0,8557000000.0,11480000512.0,0.7453832420177509,208575022,,,,,,,2026-10-16,2
2026-10-10T11:25:30.134792+00:00,XLF,MCO,7718000000.0,7088000000.0,0.0888826185101581,0.7443638248250842,0.7255925507900677,0.44856180357605596,0.42000564334085777,2579124992.0,3155000000.0,7351000000.0,2384000000.0,4967000000.0,4052999936.0,1.2255119857963896,173180984,,,,,,,2026-10-21,2
2026-10-10T11:25:30.134792+00:00,XLF,KKR,19207544000.0,21640288000.0,-0.11241735784662388,0.1799646014086965,0.17753349678155855,0.025521118160656043,0.042799661446280196,638525000.0,6791414000.0,54537875000.0,16892147000.0,37645728000.0,,,897635601,,,,,,,2026-11-09,2
2026-10-10T11:25:30.134792+00:00,XLF,AJG,13942000000.0,11555000000.0,0.20657723929035043,0.4257638789269832,0.42224145391605367,0.18333094247597187,0.19749026395499783,2082300032.0,2725000000.0,13485000000.0,1396000000.0,12089000000.0,4288000000.0,2.8192630597014925,256341000,,,,,,,2026-10-29,2
2026-10-10T11:25:30.134792+00:00,XLF,AON,17181000000.0,15698000000.0,0.09447063320168181,0.47703858913916536,0.4723531660084087,0.2740818345847157,0.2690788635494967,3190874880.0,3253000000.0,16071000000.0,1195000000.0,14876000000.0,5900000256.0,2.521355822802188,212125434,,,,,,,2026-10-28,2
2026-10-10T11:25:30.134792+00:00,XLF,ALL,67069000000.0,63515000000.0,0.05595528615287737,0.36800998,,0.2021052945474064,0.09700070849405652,15158625280.0,9141000000.0,7490000000.0,678000000.0,6812000000.0,17116000256.0,0.39799017866992953,252857950,,,,,,,2026-11-04,2
2026-10-10T11:25:30.134792+00:00,XLV,LLY,65179000000.0,45043000000.0,0.44703949559309986,0.8304361834333144,0.8131119152809537,0.45560686724251676,0.3783051750549475,11065900032.0,17222000000.0,42503000000.0,7268000000.0,35235000000.0,41706999808.0,0.8448222159878646,891741406,,,,,,,2026-10-29,2
2026-10-10T11:25:30.134792+00:00,XLV,JNJ,94193000000.0,88821000000.0,0.06048119251078021,0.6787871710212011,0.6907150336069173,0.27173993821196907,0.23923396494072346,16885125120.0,30473000000.0,47933000000.0,19709000000.0,28224000000.0,34872000512.0,0.809359933058262,2409898597,,,,,,,2026-10-13,2
2026-10-10T11:25:30.134792+00:00,XLV,ABBV,61160000000.0,56334000000.0,0.08566762523520421,0.7023544800523218,0.6999325451769801,0.32849901896664485,0.21113359605211773,16870250496.0,19780000000.0,67496000000.0,5229000000.0,62267000000.0,30762999808.0,2.0240873903268466,1767117285,,,,,,,2026-10-30,2
2026-10-10T11:25:30.134792+00:00,XLV,MRK,65011000000.0,64168000000.0,0.013137389352948503,0.7480118749134762,0.7632308939035033,0.340050145360016,0.3151259194614138,15171500032.0,24840000000.0,49339000000.0,14565000000.0,34774000000.0,28871000064.0,1.2044612213956731,2467171638,,,,,,,2026-10-29,2
2026-10-10T11:25:30.134792+00:00,XLV,UNH,447567000000.0,400278000000.0,0.11814039242726304,0.1852616479767275,0.2233422771174034,0.04237130977038075,0.0806614402989922,24272250880.0,27703000000.0,78389000000.0,24365000000.0,54024000000.0,26680999936.0,2.0248116685876822,897594847,,,,,,,2026-10-13,2
2026-10-10T11:25:30.134792+00:00,XLV,TMO,44557000000.0,42879000000.0,0.03913337531192429,0.4093408443117804,0.41283612024534155,0.18201404941984425,0.17997154784393293,6237250048.0,10067000000.0,39385000000.0,9852000000.0,29533000000.0,11738999808.0,2.5158020685777323,369747286,,,,,,,2026-10-21,2
2026-10-10T11:25:30.134792+00:00,XLV,AMGN,36751000000.0,33424000000.0,0.09953925323121116,0.6724714973742211,0.6153063666826233,0.24706810699028597,0.21714935375777883,8645624832.0,12586000000.0,54604000000.0,9129000000.0,45475000000.0,17268000768.0,2.633483783732016,540632005,,,,,,,2026-11-03,2
2026-10-10T11:25:30.134792+00:00,XLV,GILD,29442000000.0,28754000000.0,0.0239271057939765,0.7882616670063175,0.7826041594212979,0.3974254466408532,0.36850525144327745,9768875008.0,11351000000.0,24936000000.0,7564000000.0,17372000000.0,14600999936.0,1.1897815270286978,1239955155,,,,,,,2026-10-29,2
2026-10-10T11:25:30.134792+00:00,XLV,ABT,44328000000.0,41950000000.0,0.05668653158522052,0.5641806533116765,0.554088200238379,0.18166847139505504,0.1626936829558999,7209124864.0,10765000000.0,13860000000.0,8522000000.0,5338000000.0,11681000448.0,0.45698140529683506,1730383296,,,,,,,2026-10-21,2
2026-10-10T11:25:30.134792+00:00,XLV,PFE,62579000000.0,63627000000.0,-0.01647099501783833,0.7432525288035923,0.719443003756267,0.2781604052477668,0.23477454539739417,12485624832.0,15653000000.0,63961000000.0,1142000000.0,62819000000.0,25383000064.0,2.474845362707714,5699673589,,,,,,,2026-11-03,2
2026-10-10T11:25:30.134792+00:00,XLV,ISRG,10064700000.0,8352100000.0,0.20505022688904595,0.6599600584220096,0.6745848349516887,0.29265651236499846,0.28123465954670085,2615200000.0,3526200000.0,87000000.0,3368000000.0,-3281000000.0,4180800000.0,-0.7847780329123613,353278038,,,,,,,2026-10-20,2
2026-10-10T11:25:30.134792+00:00,XLV,DHR,24568000000.0,23875000000.0,0.02902617801047125,0.5911348095083034,0.5950157068062827,0.19089873005535657,0.20368586387434556,4325125120.0,8080000000.0,19696000000.0,4615000000.0,15081000000.0,8028000256.0,1.878550014834479,702986054,,,,,,,2026-10-21,2
2026-10-10T11:25:30.134792+00:00,XLV,VRTX,12001300000.0,11020100000.0,0.08903730456166459,0.8624065726212994,0.8611174127276522,0.3794922216759851,-0.0211794811299353,2627887616.0,-7200000.0,2030500000.0,5084800000.0,-3054300000.0,5100499968.0,-0.5988236484976682,253460924,,,,,,,2026-11-02,2
2026-10-10T11:25:30.134792+00:00,XLV,BMY,48195000000.0,48300000000.0,-0.0021739130434782483,0.7108413735864716,0.710807453416149,0.2847598298578691,0.1218840579710145,8114375168.0,16438000000.0,47139000000.0,10209000000.0,36930000000.0,18929999872.0,1.9508716455209494,2042714656,,,,,,,2026-10-29,2
2026-10-10T11:25:30.134792+00:00,XLV,MDT,36364000000.0,33537000000.0,0.08429495780779428,0.6501759982400176,0.6531591973044697,0.18776812231877682,0.19500849807675105,5412499968.0,8903000000.0,27961000000.0,1949000000.0,26012000000.0,10407999488.0,2.499231483436445,1279137890,,,,,,,2026-11-17,2
2026-10-10T11:25:30.134792+00:00,XLV,CVS,402067000000.0,372809000000.0,0.07847986502471782,0.13769346899894794,0.13787489035940656,0.025829028495250792,0.02600527347783986,8076000256.0,11888000000.0,79950000000.0,8453000000.0,71497000000.0,16679999488.0,4.286391018862842,1278970369,,,,,,,2026-11-04,2
2026-10-10T11:25:30.134792+00:00,XLV,MCK,403430000000.0,359051000000.0,0.12360082550946805,0.036065736311132045,0.0371061492657032,0.015997818704607987,0.013413136295400932,6801249792.0,6944000000.0,8614000000.0,3975000000.0,4639000000.0,7071000064.0,0.6560599572920609,116590363,,,,,,,2026-11-04,2
2026-10-10T11:25:30.134792+00:00,XLV,SYK,25116000000.0,22595000000.0,0.11157335693737558,0.6396321070234113,0.6390794423545032,0.2014253862079949,0.20650586412923214,4108875008.0,4997000000.0,15859000000.0,4011000000.0,11848000000.0,7376000000.0,1.6062906724511932,383573046,,,,,,,2026-10-29,2
2026-10-10T11:25:30.134792+00:00,XLV,ELV,199125000000.0,176810000000.0,0.12620892483456814,0.2599,,0.040738229755178906,0.05140546349188394,4306375168.0,7064000000.0,32046000000.0,9491000000.0,22555000000.0,8323999744.0,2.7096348742991982,216869290,,,,,,,2026-10-21,2
2026-10-10T11:25:30.134792+00:00,XLV,CI,273854000000.0,246148000000.0,0.11255829825958363,0.0895148509789888,0.10152834879828396,0.029774989592994808,0.03430456473341242,7980125184.0,11769000000.0,31463000000.0,7676000000.0,23787000000.0,12757999616.0,1.8644772469007103,264240486,,,,,,,2026-11-05,2
2026-10-10T11:25:30.134792+00:00,XLV,MRNA,1922000000.0,3199000000.0,-0.3991872460143795,0.5483870967741935,0.5423569865582994,-1.599375650364204,-1.23319787433573,299249984.0,-1953000000.0,1305000000.0,2595000000.0,-1290000000.0,-2195000064.0,0.58769929949305,399235889,,,,,,,2026-11-05,2
2026-10-10T11:25:30.134792+00:00,XLV,REGN,14342900000.0,14202000000.0,0.009921137867905827,0.8535372902272205,0.8612519363469934,0.25810679848566187,0.28099563441768766,3065299968.0,5302100000.0,2705900000.0,3118100000.0,-412200000.0,4702400000.0,-0.08765736645117386,101137842,,,,,,,2026-10-30,2
2026-10-10T11:25:30.134792+00:00,XLV,HCA,75600000000.0,70603000000.0,0.07077602934719485,0.415,0.40618670594733935,0.15826719576719578,0.1493845870572072,3738125056.0,15389000000.0,48697000000.0,1040000000.0,47657000000.0,15747000320.0,3.0264176688605033,216501500,,,,,,,2026-10-27,2
2026-10-10T11:25:30.134792+00:00,XLV,COR,321332819000.0,293958599000.0,0.09312270535076261,0.03572165157521616,0.033712328993648524,0.012241581834814079,0.01073943409289415,2043314048.0,3971858000.0,7660773000.0,4356138000.0,3304635000.0,5546476032.0,0.5958080375600909,190827165,,,,,,,2026-11-04,2
2026-10-10T11:25:30.134792+00:00,XLV,BSX,20074000000.0,16747000000.0,0.1986624470054339,0.6900966424230348,0.686093031587747,0.19781807312942115,0.17925598614677254,2451375104.0,4505000000.0,11436000000.0,1965000000.0,9471000000.0,5711000064.0,1.658378549091888,1449229526,,,,,,,2026-10-28,2
2026-10-10T11:25:30.134792+00:00,XLV,CAH,254248000000.0,222578000000.0,0.1422871981956888,0.038442780277524305,0.03669724770642202,0.012479940845159057,0.010432297891076386,4752500224.0,2944000000.0,8886000000.0,4856000000.0,4030000000.0,4244000000.0,0.9495758718190387,231559345,,,,,,,2026-11-05,2
2026-10-10T11:25:30.134792+00:00,XLV,BDX,21840000000.0,20178000000.0,0.08236693428486475,0.45444139194139194,0.452225195757756,0.13672161172161174,0.1415402914064823,4478374912.0,4522000000.0,19181000000.0,641000000.0,18540000000.0,6120999936.0,3.028916875322771,272386800,,,,,,,2026-11-05,2
2026-10-10T11:25:30.134792+00:00,XLV,EW,6067600000.0,5439500000.0,0.11547017189079889,0.7801107521919705,0.7945583233753102,0.2696618102709473,0.27210221527713946,1232412544.0,824700000.0,705400000.0,2938000000.0,-2232600000.0,1996800000.0,-1.1180889423076923,576400000,,,,,,,2026-11-04,2
2026-10-10T11:25:30.134792+00:00,XLV,A,6948000000.0,6510000000.0,0.06728110599078341,0.5243235463442717,0.543010752688172,0.21286701208981001,0.22857142857142856,1060374976.0,2129000000.0,3354000000.0,1789000000.0,1565000000.0,2080000000.0,0.7524038461538461,281965813,,,,,,,2026-11-25,2
2026-10-10T11:25:30.134792+00:00,XLV,HUM,129664000000.0,117761000000.0,0.10107760633826146,0.13653,,0.01685895853899309,0.020218917977938365,1940999936.0,3541000000.0,12369000000.0,4200000000.0,8169000000.0,3596000000.0,2.271690767519466,120080308,,,,,,,2026-11-06,2
2026-10-10T11:25:30.134792+00:00,XLK,NVDA,215938000000.0,130497000000.0,0.6547353579009478,0.7106808435754708,0.7498869705816992,0.6038168363141272,0.6241752683969747,41809874944.0,67325000000.0,11040000000.0,10605000000.0,435000000.0,201266003968.0,0.002161318809058097,24147000000,,,,,,,2026-11-17,2
2026-10-10T11:25:30.134792+00:00,XLK,AAPL,416161000000.0,391035000000.0,0.06425511782832749,0.4690516410716045,0.4620634981523393,0.31970799762591884,0.31510222870075566,107721875456.0,127701000000.0,98657000000.0,35934000000.0,62723000000.0,167959003136.0,0.3734423212146112,14594180000,,,,,,,2026-11-02,2
2026-10-10T11:25:30.134792+00:00,XLK,MSFT,331839000000.0,281724000000.0,0.17788686799846665,0.6794409337058032,0.6882374238616519,0.4678081840892722,0.4562195624085985,16545500160.0,200713000000.0,56826000000.0,20935000000.0,35891000000.0,194237005824.0,0.1847794134168294,7425545491,,,,,,,2026-10-28,2
2026-10-10T11:25:30.134792+00:00,XLK,AMD,34639000000.0,25785000000.0,0.3433779329067288,0.4951644100580271,0.49350397517936784,0.10664280146655504,0.08089974791545472,8841499648.0,3677000000.0,3847000000.0,5539000000.0,-1692000000.0,9562000384.0,-0.17695042167444447,1632475042,,,,,,,2026-11-03,2
2026-10-10T11:25:30.134792+00:00,XLK,AVGO,63887000000.0,51574000000.0,0.23874432853763516,0.6776652527118193,0.6303369915073487,0.40814250160439525,0.2907666653740257,30596499456.0,20510000000.0,65136000000.0,16178000000.0,48958000000.0,52259999744.0,0.9368159249870814,4773629865,,,,,,,2026-12-09,2
2026-10-10T11:25:30.134792+00:00,XLK,MU,37378000000.0,25111000000.0,0.4885110111106685,0.39790786023864305,0.22352753773246783,0.2624270961528172,0.05196925650113496,29214251008.0,16893000000.0,15278000000.0,9642000000.0,5636000000.0,108842999808.0,0.05178100576005763,1129393151,,,,,,,2026-12-23,2
2026-10-10T11:25:30.134792+00:00,XLK,INTC,52853000000.0,53101000000.0,-0.004670345191239322,0.34766238434904356,0.32664168283083184,-0.0004351692429947212,-0.0886612304853016,4866375168.0,32232000000.0,46585000000.0,14265000000.0,32320000000.0,16839999488.0,1.9192399633403123,5286105262,,,,,,,2026-10-29,2
2026-10-10T11:25:30.134792+00:00,XLK,PLTR,4475446000.0,2865507000.0,0.5618339093221549,0.8236651721415028,0.8024817248745161,0.3159495165398041,0.10832393709036481,2159104512.0,1166499000.0,229338000.0,1423796000.0,-1194458000.0,2662629888.0,-0.4486008383603031,2300713329,,,,,,,2026-11-02,2
2026-10-10T11:25:30.134792+00:00,XLK,CSCO,63325000000.0,56654000000.0,0.1177498499664631,0.645242795104619,0.6493804497475907,0.2536281089617055,0.22070815829420695,11182624768.0,15098000000.0,29533000000.0,7218000000.0,22315000000.0,18641999872.0,1.1970282240757222,3942586873,,,,,,,2026-11-12,2
2026-10-10T11:25:30.134792+00:00,XLK,AMAT,28368000000.0,27176000000.0,0.04386223138063006,0.4867456288776086,0.47457315278186635,0.2985758601240835,0.2894833676773624,3075375104.0,9867000000.0,7050000000.0,7241000000.0,-191000000.0,10154999808.0,-0.01880846909022413,793597443,,,,,,,2026-11-12,2
2026-10-10T11:25:30.134792+00:00,XLK,LRCX,23232690000.0,18435591000.0,0.26020858240997,0.5046900724797688,0.48705023885591736,0.35294212594408997,0.32008564303688447,3090484480.0,6932450000.0,3734563000.0,5579171000.0,-1844608000.0,8641328128.0,-0.21346348300593082,1251424362,,,,,,,2026-10-21,2
2026-10-10T11:25:30.134792+00:00,XLK,PANW,11480000000.0,9221000000.0,0.2449842750244009,0.7035714285714286,0.7341936883201388,0.06054006968641115,0.13480099772258974,4240624896.0,3963000000.0,2500000000.0,2514000000.0,-14000000.0,1560000000.0,-0.008974358974358974,818000000,,,,,,,2026-11-19,2
2026-10-10T11:25:30.134792+00:00,XLK,CRWD,4812005000.0,3953624000.0,0.21711245176577232,0.7466899972049074,0.7495533212060631,-0.06095006135696035,-0.029441342929929604,1995385472.0,1695548000.0,820077000.0,5230125000.0,-4410048000.0,106861000.0,-41.26901301690982,1023934842,,,,,,,2026-12-01,2
2026-10-10T11:25:30.134792+00:00,XLK,TXN,17682000000.0,15641000000.0,0.13049037785307838,0.5702409229725144,0.5814206252797136,0.34724578667571543,0.34147433028578733,3545250048.0,11138000000.0,14048000000.0,3225000000.0,10823000000.0,9520000000.0,1.1368697478991596,913247686,,,,,,,2026-10-21,2
2026-10-10T11:25:30.134792+00:00,XLK,KLAC,13579476000.0,12156162000.0,0.1170858038910636,0.6130145227989652,0.6090980853989936,0.4168629187164512,0.41248438446279345,2624587520.0,4417162000.0,6151713000.0,1649842000.0,4501871000.0,6054757888.0,0.743526179456707,1305006492,,,,,,,2026-10-28,2
2026-10-10T11:25:30.134792+00:00,XLK,MRVL,8194600000.0,5767300000.0,0.42087285211450776,0.5101774339198984,0.4130529017044371,0.16332706904546898,-0.0635305949057618,2408049920.0,1972800000.0,4790300000.0,2638800000.0,2151500000.0,2850299904.0,0.7548328500382253,876926613,,,,,,,2026-12-01,2
2026-10-10T11:25:30.134792+00:00,XLK,SNDK,20248000000.0,7355000000.0,1.7529571719918424,0.7147372580007902,0.3007477906186268,0.615764519952588,0.06893269884432358,7720875008.0,288000000.0,177000000.0,4762000000.0,-4585000000.0,12616999936.0,-0.3633985910483879,144527564,,,,,,,2026-10-29,2
2026-10-10T11:25:30.134792+00:00,XLK,ORCL,67357000000.0,57399000000.0,0.1734873429850694,0.658224089552682,0.70509939197547,0.33320961444244845,0.3145002526176414,-45853626368.0,42036000000.0,156189000000.0,31289000000.0,124900000000.0,34432999424.0,3.627334303991652,3031501149,,,,,,,2026-12-14,2
2026-10-10T11:25:30.134792+00:00,XLK,ANET,9005700000.0,7003100000.0,0.28595907526666764,0.6405609780472368,0.6413302680241607,0.42818437211987964,0.42047093430052407,3891512576.0,3740200000.0,43964000.0,1963900000.0,-1919936000.0,4639600128.0,-0.41381497263377953,1261224648,,,,,,,2026-11-03,2
2026-10-10T11:25:30.134792+00:00,XLK,IBM,67536000000.0,62753000000.0,0.07621946361130139,0.5818674484719261,0.566522716045448,0.1849680170575693,0.16053415772951093,12049750016.0,15130000000.0,64607000000.0,13587000000.0,51020000000.0,16472999936.0,3.0971893521653686,942134390,,,,,,,2026-10-21,2
2026-10-10T11:25:30.134792+00:00,XLK,APH,23094700000.0,15222700000.0,0.5171224552806006,0.3688162219037268,0.3376339282781635,0.25858746812039124,0.2157501625861378,3818374912.0,3480100000.0,15502000000.0,11130600000.0,4371400000.0,9463700480.0,0.4619123364310025,2465966914,,,,,,,2026-10-28,2
2026-10-10T11:25:30.134792+00:00,XLK,ADI,11019707000.0,9427157000.0,0.16893216056548122,0.614669518890112,0.5708341337690674,0.27246423158074895,0.21958433491666682,4147339008.0,4582992000.0,8664610000.0,2499406000.0,6165204000.0,6922700800.0,0.8905778507717681,484565465,,,,,,,2026-11-24,2
2026-10-10T11:25:30.134792+00:00,XLK,QCOM,44284000000.0,38962000000.0,0.13659463066577682,0.5542859723602204,0.5621374672758072,0.2798753500135489,0.2631538422052256,10241000448.0,13243000000.0,14811000000.0,5520000000.0,9291000000.0,11998999552.0,0.7743145551206702,1067839507,,,,,,,2026-11-04,2
2026-10-10T11:25:30.134792+00:00,XLK,CRM,41525000000.0,37895000000.0,0.09579100145137875,0.7767609873570138,0.7719224172054361,0.21473810957254666,0.202295817390157,17731874816.0,13750000000.0,17176000000.0,7327000000.0,9849000000.0,12899000320.0,0.7635475428843156,823000000,,,,,,,2026-12-02,2
2026-10-10T11:25:30.134792+00:00,XLK,STX,12195000000.0,9097000000.0,0.3405518302737167,0.45576055760557604,0.3517643179070023,0.34653546535465357,0.21050895899747168,1943750016.0,1348000000.0,3858000000.0,1704000000.0,2154000000.0,4502000128.0,0.4784540068320496,227393014,,,,,,,2026-10-27,2
2026-10-10T11:25:30.134792+00:00,XLK,DELL,113538000000.0,95567000000.0,0.1880460828528676,0.19999471542567246,0.22235708979040883,0.0743891912839754,0.06964747245388052,6033375232.0,7173000000.0,31503000000.0,11528000000.0,19975000000.0,17725999104.0,1.126875832657156,315433188,,,,,,,2026-11-27,2
2026-10-10T11:25:30.134792+00:00,XLK,NOW,13278000000.0,10984000000.0,0.20884923525127452,0.7753426720891701,0.791788055353241,0.13737008585630367,0.12418062636562273,5149374976.0,5159000000.0,2403000000.0,3726000000.0,-1323000000.0,2896999936.0,-0.4566793335269166,1033862000,,,,,,,2026-10-28,2
2026-10-10T11:25:30.134792+00:00,XLK,WDC,12919000000.0,9520000000.0,0.3570378151260505,0.4885053022679774,0.3878151260504202,0.35598730551900304,0.22373949579831934,2268750080.0,2103000000.0,1052000000.0,1579000000.0,-527000000.0,5001999872.0,-0.10535785955333987,374323269,,,,,,,2026-10-22,2
2026-10-10T11:25:30.134792+00:00,XLK,ACN,69672977000.0,64896464000.0,0.07360205326441216,0.31913952808418106,0.32609352953344267,0.15559817402376822,0.15461993430027252,11181248512.0,9647536000.0,8182866000.0,11478729000.0,-3295863000.0,14068783104.0,-0.23426780949255865,611942109,,,,,,,2026-12-17,2
2026-10-10T11:25:30.134792+00:00,XLK,GLW,15629000000.0,13118000000.0,0.1914163744473243,0.35965192910614885,0.32596432382985213,0.1458186704203724,0.08652233572190883,734499968.0,2904000000.0,9377000000.0,1526000000.0,7851000000.0,4084999936.0,1.921909454835301,861388331,,,,,,,2026-10-27,2
2026-10-10T11:25:30.134792+00:00,XLP,WMT,713163000000.0,680985000000.0,0.047252142117667706,0.24926699786724774,0.24851061330278934,0.041820733829433104,0.04309639713062696,7127625216.0,60226000000.0,67095000000.0,10727000000.0,56368000000.0,44073000960.0,1.2789689554191863,7958079155,,,,,,,2026-11-19,2
2026-10-10T11:25:30.134792+00:00,XLP,COST,275235000000.0,254453000000.0,0.08167323631476142,0.12843206714262356,0.1261333134213391,0.03772412665540356,0.036490039417888566,6752750080.0,16049000000.0,8173000000.0,14161000000.0,-5988000000.0,14184999936.0,-0.42213606112208024,443129349,,,,,,,2026-12-10,2
2026-10-10T11:25:30.134792+00:00,XLP,PG,87032000000.0,84284000000.0,0.03260405296378899,0.5017694641051568,0.5116036258364577,0.22690504641970768,0.24264391818138675,13280874496.0,21590000000.0,35026000000.0,9942000000.0,25084000000.0,24752001024.0,1.0134130156054086,2322672312,,,,,,,2026-10-22,2
2026-10-10T11:25:30.134792+00:00,XLP,KO,47941000000.0,47061000000.0,0.018699135164998548,0.6162574831563797,0.6106330082233696,0.31102813875388496,0.29795371964046663,5218749952.0,8869000000.0,45492000000.0,10270000000.0,35222000000.0,16997999616.0,2.0721261792973555,4302549243,,,,,,,2026-10-27,2
2026-10-10T11:25:30.134792+00:00,XLP,PM,40648000000.0,37878000000.0,0.07312952109403881,0.6711769336744735,0.6481070806272771,0.36737354851407206,0.3538201594593168,9714374656.0,13661000000.0,48835000000.0,4872000000.0,43963000000.0,18015000576.0,2.4403551814796236,1558613439,,,,,,,2026-10-21,2
2026-10-10T11:25:30.134792+00:00,XLP,MO,20139000000.0,20444000000.0,-0.01491880258266487,0.7220815333432643,0.7027489728037566,0.5975967029147425,0.5688710624144003,9033374720.0,8895000000.0,25709000000.0,4474000000.0,21235000000.0,15765000192.0,1.3469711221935645,1669743926,,,,,,,2026-10-29,2
2026-10-10T11:25:30.134792+00:00,XLP,CL,20382000000.0,20101000000.0,0.013979404009750729,0.6010695711902659,0.6049947763792846,0.20768324992640566,0.21541216854882841,3458374912.0,4668000000.0,8554000000.0,1288000000.0,7266000000.0,4983000064.0,1.4581577175753373,797172829,,,,,,,2026-10-30,2
2026-10-10T11:25:30.134792+00:00,XLP,TGT,104780000000.0,106566000000.0,-0.016759566841206386,0.2793376598587517,0.28211624720830286,0.048835655659477,0.052230542574554735,3432999936.0,10258000000.0,20290000000.0,5488000000.0,14802000000.0,8593000448.0,1.7225647885826807,454296736,,,,,,,2026-11-18,2
2026-10-10T11:25:30.134792+00:00,XLP,MDLZ,38537000000.0,36441000000.0,0.05751763123953779,0.2837532760723461,0.3912351472242803,0.09393569816020966,0.1828983836887023,2252375040.0,6297000000.0,21804000000.0,2125000000.0,19679000000.0,6080000000.0,3.236677631578947,1276308057,,,,,,,2026-10-27,2
2026-10-10T11:25:30.134792+00:00,XLP,PEP,93925000000.0,91854000000.0,0.022546650118666633,0.541485227575193,0.5455396607659982,0.143635879691243,0.14065800074030527,9044249600.0,17825000000.0,49901000000.0,9159000000.0,40742000000.0,19171000320.0,2.1251890522111263,1362741092,,,,,,,2027-02-02,2
2026-10-10T11:25:30.134792+00:00,XLP,MNST,8294343000.0,7492709000.0,0.106988540459799,0.5584764218214752,0.54037571724726,0.29168723791625206,0.25762297721691846,1681231104.0,2234967000.0,373951000.0,2088117000.0,-1714166000.0,2933317120.0,-0.5843780027438698,1959051764,,,,,,,2026-11-05,2
2026-10-10T11:25:30.134792+00:00,XLP,KDP,16603000000.0,15351000000.0,0.08155820467721964,0.5420104800337289,0.5555989837795583,0.22002047822682647,0.2155559898377956,4607249920.0,2841000000.0,16141000000.0,1026000000.0,15115000000.0,4807000064.0,3.144372747817796,1360826038,,,,,,,2026-11-03,2
2026-10-10T11:25:30.134792+00:00,XLP,ADM,80269000000.0,85530000000.0,-0.06151058108266105,0.06270166564925438,0.06755524377411434,0.017740348079582403,0.02422541798199462,1164625024.0,4353000000.0,9758000000.0,1015000000.0,8743000000.0,2995000064.0,2.9191986020605305,481959583,,,,,,,2026-11-03,2
2026-10-10T11:25:30.134792+00:00,XLP,SYY,84553000000.0,81370000000.0,0.03911761091311283,0.18496091209064136,0.1839621482118717,0.03660426004990953,0.0379501044611036,1914000000.0,3416000000.0,14967000000.0,1786000000.0,13181000000.0,4493000192.0,2.9336744795758958,491913960,,,,,,,2026-11-03,2
2026-10-10T11:25:30.134792+00:00,XLP,KR,147642000000.0,147123000000.0,0.0035276605289451535,0.23300957722057408,0.22704131916831494,0.012801235420815215,0.026161782997899716,2535500032.0,9811000000.0,24692000000.0,3334000000.0,21358000000.0,8042999808.0,2.6554768755254954,590588700,,,,,,,2026-12-03,2
2026-10-10T11:25:30.134792+00:00,XLP,KVUE,15124000000.0,15455000000.0,-0.02141701714655453,0.581327691087014,0.5796829505014558,0.17951600105792118,0.1701067615658363,1907500032.0,2203000000.0,8674000000.0,1062000000.0,7612000000.0,3480999936.0,2.1867279919421407,1920773467,,,,,,,2026-11-05,2
2026-10-10T11:25:30.134792+00:00,XLP,KMB,16447000000.0,16805000000.0,-0.021303183576316553,0.36012646683285704,0.3742338589705445,0.14294400194564358,0.16643855995239512,941124992.0,3955000000.0,7296000000.0,688000000.0,6608000000.0,3480999936.0,1.8983051196470921,332579038,,,,,,,2026-11-03,2
2026-10-10T11:25:30.134792+00:00,XLP,DG,42724369000.0,40612308000.0,0.052005441306118394,0.30660930299520633,0.29590775781568485,0.05157871377807827,0.0422057766330345,1738019712.0,4305952000.0,15718656000.0,1138501000.0,14580155000.0,3581925888.0,4.070479249402047,220616790,,,,,,,2026-12-03,2
2026-10-10T11:25:30.134792+00:00,XLP,VYLR,10067000000.0,9545000000.0,0.05468831849135669,0.5289559948346081,0.4820324777370351,0.16866991159233138,0.13116815086432687,2417250048.0,2115000000.0,112000000.0,835000000.0,-723000000.0,4275000064.0,-0.1691228044856469,711546000,,,,,,,2026-11-11,2
2026-10-10T11:25:30.134792+00:00,XLP,HSY,11692576000.0,11202263000.0,0.043769102725047526,0.33548561069861765,0.4731979600907424,0.12504703839427686,0.2613103263153168,1743636352.0,3137538000.0,5738575000.0,925859000.0,4812716000.0,2721615872.0,1.7683303692902625,146312143,,,,,,,2026-10-29,2
2026-10-10T11:25:30.134792+00:00,XLP,CASY,17561101000.0,15940899000.0,0.10163805692514583,0.24605752224760852,0.23539469135335467,0.05886060333005317,0.04995954117769644,503306880.0,1597078000.0,2905075000.0,522991000.0,2382084000.0,1564246016.0,1.522832070936852,36960167,,,,,,,2026-12-08,2
2026-10-10T11:25:30.134792+00:00,XLP,EL,15049000000.0,14326000000.0,0.05046768113918754,0.7550003322479899,0.7397040346223649,0.11143597581234634,0.07964539997207874,1812125056.0,1874000000.0,9246000000.0,3498000000.0,5748000000.0,2455000064.0,2.341344134482271,247815431,,,,,,,2026-11-02,2
2026-10-10T11:25:30.134792+00:00,XLP,CHD,6203200000.0,6107100000.0,0.015735782941166843,0.447317513541398,0.4568616855790801,0.1737167913335053,0.19063057752452064,939262528.0,1336000000.0,2205100000.0,409000000.0,1796100000.0,1354800000.0,1.3257307351638619,237203907,,,,,,,2026-10-30,2
2026-10-10T11:25:30.134792+00:00,XLP,DLTR,19411800000.0,17578500000.0,0.10429217510026456,0.364046610824344,0.35807378331484485,0.08515954213416582,0.08316978126688852,1049587520.0,4163000000.0,7055600000.0,717800000.0,6337800000.0,2503800064.0,2.531272401149679,187630299,,,,,,,2026-12-02,2
2026-10-10T11:25:30.134792+00:00,XLP,KHC,24942000000.0,25846000000.0,-0.03497639866903968,0.33313286825435007,0.34697825582295133,0.18591131424905782,0.20707266114679254,3250500096.0,5348000000.0,21219000000.0,2615000000.0,18604000000.0,5493000192.0,3.3868558801608724,1185823758,,,,,,,2026-10-28,2
2026-10-10T11:25:30.134792+00:00,XLP,STZ,9139000000.0,10208700000.0,-0.10478317513493396,0.5155378050114893,0.5205951786221557,0.31328372907320273,0.3295816313536493,1118400000.0,4366300000.0,11202600000.0,102400000.0,11100200000.0,3425900032.0,3.2400828676602784,169198487,,,,,,,2027-01-07,2
2026-10-10T11:25:30.134792+00:00,XLP,GIS,18424600000.0,19486600000.0,-0.05449898904888484,0.33627324338113174,0.345519485184691,0.1523615166679331,0.16869027947410015,1302612480.0,3543500000.0,13940400000.0,453800000.0,13486600000.0,3415000064.0,3.9492239377012206,534687144,,,,,,,2026-12-23,2
2026-10-10T11:25:30.134792+00:00,XLP,BG,70329000000.0,53108000000.0,0.3242637644046096,0.04847218075047278,0.06388867967161256,0.018427675638783433,0.030447390223695112,-6475375104.0,3276000000.0,15855000000.0,1135000000.0,14720000000.0,3126000128.0,4.708892961376104,192119123,,,,,,,2026-10-29,2
2026-10-10T11:25:30.134792+00:00,XLP,TSN,54441000000.0,53309000000.0,0.021234688326549067,0.06542862915817123,0.06803729201448161,0.02646902150952407,0.026430809056632087,1191250048.0,3722000000.0,8830000000.0,1229000000.0,7601000000.0,2772000000.0,2.742063492063492,281792507,,,,,,,2026-11-16,2
2026-10-10T11:25:30.134792+00:00,XLP,SJM,9050900000.0,8726100000.0,0.03722166832834839,0.3352705255830912,0.38788233002142997,0.14838303373145212,0.189603602984151,1464337536.0,1604200000.0,7089000000.0,58600000.0,7030400000.0,2263899904.0,3.10543765101021,106823183,,,,,,,2026-11-24,2
2026-10-10T12:17:46.714838+00:00,XLF,BRK.B,410522000000.0,424232000000.0,-0.03231722265175663,0.30332002,,0.21321147222316952,0.27243583699485185,71975247872.0,49568000000.0,129081000000.0,51877000000.0,77204000000.0,130683002880.0,0.5907730791194994,1408035161,0.0,,,,,,2026-11-07,3
2026-10-10T12:17:46.714838+00:00,XLF,JPM,181847000000.0,169439000000.0,0.07322989394413337,0.0,,0.50394,,,,499982000000.0,343338000000.0,156644000000.0,,,2658186195,0.019820415027478302,,,,,,2026-10-13,3
2026-10-10T12:17:46.714838+00:00,XLF,V,40000000000.0,35926000000.0,0.11339976618604908,0.803625,0.803985971162946,0.6639,0.6696264543784446,20404000768.0,21207000000.0,25171000000.0,17164000000.0,8007000000.0,31093999616.0,0.2575094905410576,1704112694,0.0069529121805681675,,,,,,2026-10-27,3
2026-10-10T12:17:46.714838+00:00,XLF,MA,32791000000.0,28167000000.0,0.16416373770724602,0.7788722515324327,0.7630915610466148,0.5951023146595102,0.5796499449710655,16961250304.0,15974000000.0,19000000000.0,10566000000.0,8434000000.0,22200999936.0,0.3798927987168659,869464115,0.005906915164477035,,,,,,2026-10-29,3
2026-10-10T12:17:46.714838+00:00,XLF,BAC,113097000000.0,105856000000.0,0.06840424727932293,0.0,,0.38305,,,,365904000000.0,239319000000.0,126585000000.0,,,6992748365,0.023564064801178203,,,,,,2026-10-14,3
2026-10-10T12:17:46.714838+00:00,XLF,GS,58283000000.0,53512000000.0,0.08915757213335329,0.82075995,,0.42176998,,-43090000000.0,-11121000000.0,386150000000.0,164259000000.0,221891000000.0,,,291171408,0.022338381807621856,,,,,,2026-10-13,3
2026-10-10T12:17:46.714838+00:00,XLF,WFC,83699000000.0,82296000000.0,0.01704821619519792,0.0,,0.37387002,,,,193035000000.0,174210000000.0,18825000000.0,,,3023999336,0.0239377618192699,,,,,,2026-10-13,3
2026-10-10T12:17:46.714838+00:00,XLF,MS,65966000000.0,57621000000.0,0.14482567119626522,0.87641,,0.41567,,-14991000000.0,4824000000.0,370538000000.0,81310000000.0,289228000000.0,,,1570566292,0.024207978107567623,,,,,,2026-10-14,3
2026-10-10T12:17:46.714838+00:00,XLF,C,85213000000.0,80672000000.0,0.05628966679888925,0.0,,0.36229,,-61112000000.0,-13169000000.0,367705000000.0,349579000000.0,18126000000.0,,,1677436783,0.02067263190373342,,,,,,2026-10-13,3
2026-10-10T12:17:46.714838+00:00,XLF,AXP,72230000000.0,65949000000.0,0.095240261414123,0.62338,,0.2032,,20853000000.0,15961000000.0,57759000000.0,47708000000.0,10051000000.0,,,675309833,0.012330856345523573,,,,,,2026-10-23,3
2026-10-10T12:17:46.714838+00:00,XLF,SCHW,23921000000.0,19606000000.0,0.2200856880546771,0.97495,,0.52277,,9859000000.0,3290000000.0,30951000000.0,46030000000.0,-15079000000.0,,,1729335714,0.013236814891416752,,,,,,2026-10-15,3
2026-10-10T12:17:46.714838+00:00,XLF,BLK,24216000000.0,20407000000.0,0.1866516391434312,0.4670465807730426,0.4942421718037928,0.326602246448629,0.36938305483412553,7578124800.0,5211000000.0,14996000000.0,11468000000.0,3528000000.0,11116000256.0,0.31738034533560916,154869259,0.021175361930542595,,,,,,2026-10-14,3
2026-10-10T12:17:46.714838+00:00,XLF,PGR,87637000000.0,75343000000.0,0.1631737520406673,0.18521,,0.1654666408024008,0.14589278366935216,15114500096.0,15404000000.0,6897000000.0,125000000.0,6772000000.0,15397999616.0,0.43979738725043493,580400000,0.0018396725382881847,,,,,,2026-10-14,3
2026-10-10T12:17:46.714838+00:00,XLF,COF,53434000000.0,39112000000.0,0.3661791777459604,0.0,,0.33629,,29296000000.0,19363000000.0,50413000000.0,57434000000.0,-7021000000.0,,,613484836,0.016059419853457796,,,,,,2026-10-20,3
2026-10-10T12:17:46.714838+00:00,XLF,SPGI,15336000000.0,14208000000.0,0.07939189189189189,0.7024647887323944,0.6930602477477478,0.4027777777777778,0.38555743243243246,5448249856.0,5813000000.0,13582000000.0,1745000000.0,11837000000.0,8143000064.0,1.453641152765193,294800000,0.009514001275072336,,,,,,2026-10-27,3
2026-10-10T12:17:46.714838+00:00,XLF,CB,59783000000.0,56010000000.0,0.06736297089805388,0.31129998,,0.23096867002325075,0.21774683092304944,10488000512.0,,17227000000.0,2272000000.0,14955000000.0,14883000320.0,1.0048377127226993,385799859,0.011957796014067996,,,,,,2026-10-20,3
2026-10-10T12:17:46.714838+00:00,XLF,CME,6520600000.0,6130100000.0,0.06370206032528025,0.8609023709474588,0.8612910066719955,0.6486366285311168,0.6413435343632241,2909012480.0,3784500000.0,3422300000.0,4416900000.0,-994600000.0,4771100160.0,-0.2084634500735361,359576125,0.01853435985172512,,,,,,2026-10-21,3
2026-10-10T12:17:46.714838+00:00,XLF,BNY,19759000000.0,18258000000.0,0.08221053784642351,0.0,,0.40046,,8283000000.0,2156000000.0,34298000000.0,128669000000.0,-94371000000.0,,,678504142,0.015556022703384487,,,,,,2026-10-15,3
2026-10-10T12:17:46.714838+00:00,XLF,USB,28540000000.0,27335000000.0,0.0440826778854948,0.0,,0.39646998,,,,68413000000.0,46890000000.0,21523000000.0,,,1558051446,0.03784162578836721,,,,,,2026-10-15,3
2026-10-10T12:17:46.714838+00:00,XLF,PNC,23077000000.0,20809000000.0,0.10899130184054973,0.0,,0.38689,,,,57101000000.0,39713000000.0,17388000000.0,,,398943667,0.03649468546142968,,,,,,2026-10-15,3
2026-10-10T12:17:46.714838+00:00,XLF,ICE,12640000000.0,11761000000.0,0.07473854264093194,0.5615506329113924,0.554544681574696,0.3954905063291139,0.37522319530652154,3633625088.0,5361000000.0,20279000000.0,837000000.0,19442000000.0,6713999872.0,2.8957402994719628,561394487,0.01331711377168833,,,,,,2026-10-29,3
2026-10-10T12:17:46.714838+00:00,XLF,HOOD,4473000000.0,2951000000.0,0.515757370382921,0.833445115135256,0.7943070145713318,0.4681421864520456,0.357167062012877,1692000000.0,-107000000.0,11626000000.0,4261000000.0,7365000000.0,2180000000.0,3.378440366972477,790630234,0.0,,,,,,2026-10-27,3
2026-10-10T12:17:46.714838+00:00,XLF,BX,12410012000.0,10930540000.0,0.135352141797203,1.0,,0.54357,,4778864000.0,3543071000.0,13306165000.0,2631241000.0,10674924000.0,,,750625114,0.045760783970601106,,,,,,2026-10-22,3
2026-10-10T12:17:46.714838+00:00,XLF,MRSH,26981000000.0,24458000000.0,0.10315643143347786,0.422667803268967,0.4277537002207867,0.23064378636818503,0.2378362907842015,4785249792.0,4618000000.0,21449000000.0,2687000000.0,18762000000.0,7758000128.0,2.418406765976274,477211268,0.022530723714155668,,,,,,2026-10-15,3
2026-10-10T12:17:46.714838+00:00,XLF,TRV,48828000000.0,46428000000.0,0.05169294391315593,0.34730998,,0.16836651101826822,0.1415525114155251,14775124992.0,,9267000000.0,710000000.0,8557000000.0,11480000512.0,0.7453832420177509,208575022,0.013559322033898305,,,,,,2026-10-16,3
2026-10-10T12:17:46.714838+00:00,XLF,MCO,7718000000.0,7088000000.0,0.0888826185101581,0.7443638248250842,0.7255925507900677,0.44856180357605596,0.42000564334085777,2579124992.0,3155000000.0,7351000000.0,2384000000.0,4967000000.0,4052999936.0,1.2255119857963896,173180984,0.008874911143183336,,,,,,2026-10-21,3
2026-10-10T12:17:46.714838+00:00,XLF,KKR,19207544000.0,21640288000.0,-0.11241735784662388,0.1799646014086965,0.17753349678155855,0.025521118160656043,0.042799661446280196,638525000.0,6791414000.0,54537875000.0,16892147000.0,37645728000.0,,,897635601,0.0085761407366685,,,,,,2026-11-09,3
2026-10-10T12:17:46.714838+00:00,XLF,AJG,13942000000.0,11555000000.0,0.20657723929035043,0.4257638789269832,0.42224145391605367,0.18333094247597187,0.19749026395499783,2082300032.0,2725000000.0,13485000000.0,1396000000.0,12089000000.0,4288000000.0,2.8192630597014925,256341000,0.012032660077352814,,,,,,2026-10-29,3
2026-10-10T12:17:46.714838+00:00,XLF,AON,17181000000.0,15698000000.0,0.09447063320168181,0.47703858913916536,0.4723531660084087,0.2740818345847157,0.2690788635494967,3190874880.0,3253000000.0,16071000000.0,1195000000.0,14876000000.0,5900000256.0,2.521355822802188,212125434,0.011994002998500747,,,,,,2026-10-28,3
2026-10-10T12:17:46.714838+00:00,XLF,ALL,67069000000.0,63515000000.0,0.05595528615287737,0.36800998,,0.2021052945474064,0.09700070849405652,15158625280.0,9141000000.0,7490000000.0,678000000.0,6812000000.0,17116000256.0,0.39799017866992953,252857950,0.018829272545002832,,,,,,2026-11-04,3
2026-10-10T12:17:46.714838+00:00,XLV,LLY,65179000000.0,45043000000.0,0.44703949559309986,0.8304361834333144,0.8131119152809537,0.45560686724251676,0.3783051750549475,11065900032.0,17222000000.0,42503000000.0,7268000000.0,35235000000.0,41706999808.0,0.8448222159878646,891741406,0.005868037005944356,,,,,,2026-10-29,3
2026-10-10T12:17:46.714838+00:00,XLV,JNJ,94193000000.0,88821000000.0,0.06048119251078021,0.6787871710212011,0.6907150336069173,0.27173993821196907,0.23923396494072346,16885125120.0,30473000000.0,47933000000.0,19709000000.0,28224000000.0,34872000512.0,0.809359933058262,2409898597,0.02050183598531212,,,,,,2026-10-13,3
2026-10-10T12:17:46.714838+00:00,XLV,ABBV,61160000000.0,56334000000.0,0.08566762523520421,0.7023544800523218,0.6999325451769801,0.32849901896664485,0.21113359605211773,16870250496.0,19780000000.0,67496000000.0,5229000000.0,62267000000.0,30762999808.0,2.0240873903268466,1767117285,0.025029840489022313,,,,,,2026-10-30,3
2026-10-10T12:17:46.714838+00:00,XLV,MRK,65011000000.0,64168000000.0,0.013137389352948503,0.7480118749134762,0.7632308939035033,0.340050145360016,0.3151259194614138,15171500032.0,24840000000.0,49339000000.0,14565000000.0,34774000000.0,28871000064.0,1.2044612213956731,2467171638,0.023351648351648352,,,,,,2026-10-29,3
2026-10-10T12:17:46.714838+00:00,XLV,UNH,447567000000.0,400278000000.0,0.11814039242726304,0.1852616479767275,0.2233422771174034,0.04237130977038075,0.0806614402989922,24272250880.0,27703000000.0,78389000000.0,24365000000.0,54024000000.0,26680999936.0,2.0248116685876822,897594847,0.024466121803321906,,,,,,2026-10-13,3
2026-10-10T12:17:46.714838+00:00,XLV,TMO,44557000000.0,42879000000.0,0.03913337531192429,0.4093408443117804,0.41283612024534155,0.18201404941984425,0.17997154784393293,6237250048.0,10067000000.0,39385000000.0,9852000000.0,29533000000.0,11738999808.0,2.5158020685777323,369747286,0.002857056016534452,,,,,,2026-10-21,3
2026-10-10T12:17:46.714838+00:00,XLV,AMGN,36751000000.0,33424000000.0,0.09953925323121116,0.6724714973742211,0.6153063666826233,0.24706810699028597,0.21714935375777883,8645624832.0,12586000000.0,54604000000.0,9129000000.0,45475000000.0,17268000768.0,2.633483783732016,540632005,0.02429676766215923,,,,,,2026-11-03,3
2026-10-10T12:17:46.714838+00:00,XLV,GILD,29442000000.0,28754000000.0,0.0239271057939765,0.7882616670063175,0.7826041594212979,0.3974254466408532,0.36850525144327745,9768875008.0,11351000000.0,24936000000.0,7564000000.0,17372000000.0,14600999936.0,1.1897815270286978,1239955155,0.021697426738109413,,,,,,2026-10-29,3
2026-10-10T12:17:46.714838+00:00,XLV,ABT,44328000000.0,41950000000.0,0.05668653158522052,0.5641806533116765,0.554088200238379,0.18166847139505504,0.1626936829558999,7209124864.0,10765000000.0,13860000000.0,8522000000.0,5338000000.0,11681000448.0,0.45698140529683506,1730383296,0.02530120481927711,,,,,,2026-10-21,3
2026-10-10T12:17:46.714838+00:00,XLV,PFE,62579000000.0,63627000000.0,-0.01647099501783833,0.7432525288035923,0.719443003756267,0.2781604052477668,0.23477454539739417,12485624832.0,15653000000.0,63961000000.0,1142000000.0,62819000000.0,25383000064.0,2.474845362707714,5699673589,0.06082036775106082,,,,,,2026-11-03,3
2026-10-10T12:17:46.714838+00:00,XLV,ISRG,10064700000.0,8352100000.0,0.20505022688904595,0.6599600584220096,0.6745848349516887,0.29265651236499846,0.28123465954670085,2615200000.0,3526200000.0,87000000.0,3368000000.0,-3281000000.0,4180800000.0,-0.7847780329123613,353278038,0.0,,,,,,2026-10-20,3
2026-10-10T12:17:46.714838+00:00,XLV,DHR,24568000000.0,23875000000.0,0.02902617801047125,0.5911348095083034,0.5950157068062827,0.19089873005535657,0.20368586387434556,4325125120.0,8080000000.0,19696000000.0,4615000000.0,15081000000.0,8028000256.0,1.878550014834479,702986054,0.007279013693644512,,,,,,2026-10-21,3
2026-10-10T12:17:46.714838+00:00,XLV,VRTX,12001300000.0,11020100000.0,0.08903730456166459,0.8624065726212994,0.8611174127276522,0.3794922216759851,-0.0211794811299353,2627887616.0,-7200000.0,2030500000.0,5084800000.0,-3054300000.0,5100499968.0,-0.5988236484976682,253460924,0.0,,,,,,2026-11-02,3
2026-10-10T12:17:46.714838+00:00,XLV,BMY,48195000000.0,48300000000.0,-0.0021739130434782483,0.7108413735864716,0.710807453416149,0.2847598298578691,0.1218840579710145,8114375168.0,16438000000.0,47139000000.0,10209000000.0,36930000000.0,18929999872.0,1.9508716455209494,2042714656,0.04262516914749662,,,,,,2026-10-29,3
2026-10-10T12:17:46.714838+00:00,XLV,MDT,36364000000.0,33537000000.0,0.08429495780779428,0.6501759982400176,0.6531591973044697,0.18776812231877682,0.19500849807675105,5412499968.0,8903000000.0,27961000000.0,1949000000.0,26012000000.0,10407999488.0,2.499231483436445,1279137890,0.03254972875226039,,,,,,2026-11-17,3
2026-10-10T12:17:46.714838+00:00,XLV,CVS,402067000000.0,372809000000.0,0.07847986502471782,0.13769346899894794,0.13787489035940656,0.025829028495250792,0.02600527347783986,8076000256.0,11888000000.0,79950000000.0,8453000000.0,71497000000.0,16679999488.0,4.286391018862842,1278970369,0.030872794800371407,,,,,,2026-11-04,3
2026-10-10T12:17:46.714838+00:00,XLV,MCK,403430000000.0,359051000000.0,0.12360082550946805,0.036065736311132045,0.0371061492657032,0.015997818704607987,0.013413136295400932,6801249792.0,6944000000.0,8614000000.0,3975000000.0,4639000000.0,7071000064.0,0.6560599572920609,116590363,0.004004942269183247,,,,,,2026-11-04,3
2026-10-10T12:17:46.714838+00:00,XLV,SYK,25116000000.0,22595000000.0,0.11157335693737558,0.6396321070234113,0.6390794423545032,0.2014253862079949,0.20650586412923214,4108875008.0,4997000000.0,15859000000.0,4011000000.0,11848000000.0,7376000000.0,1.6062906724511932,383573046,0.012692460245916418,,,,,,2026-10-29,3
2026-10-10T12:17:46.714838+00:00,XLV,ELV,199125000000.0,176810000000.0,0.12620892483456814,0.2599,,0.040738229755178906,0.05140546349188394,4306375168.0,7064000000.0,32046000000.0,9491000000.0,22555000000.0,8323999744.0,2.7096348742991982,216869290,0.016670705112672643,,,,,,2026-10-21,3
2026-10-10T12:17:46.714838+00:00,XLV,CI,273854000000.0,246148000000.0,0.11255829825958363,0.0895148509789888,0.10152834879828396,0.029774989592994808,0.03430456473341242,7980125184.0,11769000000.0,31463000000.0,7676000000.0,23787000000.0,12757999616.0,1.8644772469007103,264240486,0.02209397018730305,,,,,,2026-11-05,3
2026-10-10T12:17:46.714838+00:00,XLV,MRNA,1922000000.0,3199000000.0,-0.3991872460143795,0.5483870967741935,0.5423569865582994,-1.599375650364204,-1.23319787433573,299249984.0,-1953000000.0,1305000000.0,2595000000.0,-1290000000.0,-2195000064.0,0.58769929949305,399235889,0.0,,,,,,2026-11-05,3
2026-10-10T12:17:46.714838+00:00,XLV,REGN,14342900000.0,14202000000.0,0.009921137867905827,0.8535372902272205,0.8612519363469934,0.25810679848566187,0.28099563441768766,3065299968.0,5302100000.0,2705900000.0,3118100000.0,-412200000.0,4702400000.0,-0.08765736645117386,101137842,0.005036568703619364,,,,,,2026-10-30,3
2026-10-10T12:17:46.714838+00:00,XLV,HCA,75600000000.0,70603000000.0,0.07077602934719485,0.415,0.40618670594733935,0.15826719576719578,0.1493845870572072,3738125056.0,15389000000.0,48697000000.0,1040000000.0,47657000000.0,15747000320.0,3.0264176688605033,216501500,0.0069165798399432495,,,,,,2026-10-27,3
2026-10-10T12:17:46.714838+00:00,XLV,COR,321332819000.0,293958599000.0,0.09312270535076261,0.03572165157521616,0.033712328993648524,0.012241581834814079,0.01073943409289415,2043314048.0,3971858000.0,7660773000.0,4356138000.0,3304635000.0,5546476032.0,0.5958080375600909,190827165,0.007410838351088466,,,,,,2026-11-04,3
2026-10-10T12:17:46.714838+00:00,XLV,BSX,20074000000.0,16747000000.0,0.1986624470054339,0.6900966424230348,0.686093031587747,0.19781807312942115,0.17925598614677254,2451375104.0,4505000000.0,11436000000.0,1965000000.0,9471000000.0,5711000064.0,1.658378549091888,1449229526,0.0,,,,,,2026-10-28,3
2026-10-10T12:17:46.714838+00:00,XLV,CAH,254248000000.0,222578000000.0,0.1422871981956888,0.038442780277524305,0.03669724770642202,0.012479940845159057,0.010432297891076386,4752500224.0,2944000000.0,8886000000.0,4856000000.0,4030000000.0,4244000000.0,0.9495758718190387,231559345,0.00867112850949194,,,,,,2026-11-05,3
2026-10-10T12:17:46.714838+00:00,XLV,BDX,21840000000.0,20178000000.0,0.08236693428486475,0.45444139194139194,0.452225195757756,0.13672161172161174,0.1415402914064823,4478374912.0,4522000000.0,19181000000.0,641000000.0,18540000000.0,6120999936.0,3.028916875322771,272386800,0.022857142857142857,,,,,,2026-11-05,3
2026-10-10T12:17:46.714838+00:00,XLV,EW,6067600000.0,5439500000.0,0.11547017189079889,0.7801107521919705,0.7945583233753102,0.2696618102709473,0.27210221527713946,1232412544.0,824700000.0,705400000.0,2938000000.0,-2232600000.0,1996800000.0,-1.1180889423076923,576400000,0.0,,,,,,2026-11-04,3
2026-10-10T12:17:46.714838+00:00,XLV,A,6948000000.0,6510000000.0,0.06728110599078341,0.5243235463442717,0.543010752688172,0.21286701208981001,0.22857142857142856,1060374976.0,2129000000.0,3354000000.0,1789000000.0,1565000000.0,2080000000.0,0.7524038461538461,281965813,0.005981001524569016,,,,,,2026-11-25,3
2026-10-10T12:17:46.714838+00:00,XLV,HUM,129664000000.0,117761000000.0,0.10107760633826146,0.13653,,0.01685895853899309,0.020218917977938365,1940999936.0,3541000000.0,12369000000.0,4200000000.0,8169000000.0,3596000000.0,2.271690767519466,120080308,0.008196911107509204,,,,,,2026-11-06,3
2026-10-10T12:17:46.714838+00:00,XLK,NVDA,215938000000.0,130497000000.0,0.6547353579009478,0.7106808435754708,0.7498869705816992,0.6038168363141272,0.6241752683969747,41809874944.0,67325000000.0,11040000000.0,10605000000.0,435000000.0,201266003968.0,0.002161318809058097,24147000000,0.004361479413817167,,,,,,2026-11-17,3
2026-10-10T12:17:46.714838+00:00,XLK,AAPL,416161000000.0,391035000000.0,0.06425511782832749,0.4690516410716045,0.4620634981523393,0.31970799762591884,0.31510222870075566,107721875456.0,127701000000.0,98657000000.0,35934000000.0,62723000000.0,167959003136.0,0.3734423212146112,14594180000,0.0032081749049429663,,,,,,2026-11-02,3
2026-10-10T12:17:46.714838+00:00,XLK,MSFT,331839000000.0,281724000000.0,0.17788686799846665,0.6794409337058032,0.6882374238616519,0.4678081840892722,0.4562195624085985,16545500160.0,200713000000.0,56826000000.0,20935000000.0,35891000000.0,194237005824.0,0.1847794134168294,7425545491,0.007326144242809351,,,,,,2026-10-28,3
2026-10-10T12:17:46.714838+00:00,XLK,AMD,34639000000.0,25785000000.0,0.3433779329067288,0.4951644100580271,0.49350397517936784,0.10664280146655504,0.08089974791545472,8841499648.0,3677000000.0,3847000000.0,5539000000.0,-1692000000.0,9562000384.0,-0.17695042167444447,1632475042,0.0,,,,,,2026-11-03,3
2026-10-10T12:17:46.714838+00:00,XLK,AVGO,63887000000.0,51574000000.0,0.23874432853763516,0.6776652527118193,0.6303369915073487,0.40814250160439525,0.2907666653740257,30596499456.0,20510000000.0,65136000000.0,16178000000.0,48958000000.0,52259999744.0,0.9368159249870814,4773629865,0.007191458759749959,,,,,,2026-12-09,3
2026-10-10T12:17:46.714838+00:00,XLK,MU,37378000000.0,25111000000.0,0.4885110111106685,0.39790786023864305,0.22352753773246783,0.2624270961528172,0.05196925650113496,29214251008.0,16893000000.0,15278000000.0,9642000000.0,5636000000.0,108842999808.0,0.05178100576005763,1131423212,0.0005830903790087463,,,,,,2026-12-23,3
2026-10-10T12:17:46.714838+00:00,XLK,INTC,52853000000.0,53101000000.0,-0.004670345191239322,0.34766238434904356,0.32664168283083184,-0.0004351692429947212,-0.0886612304853016,4866375168.0,32232000000.0,46585000000.0,14265000000.0,32320000000.0,16839999488.0,1.9192399633403123,5286105262,0.0,,,,,,2026-10-29,3
2026-10-10T12:17:46.714838+00:00,XLK,PLTR,4475446000.0,2865507000.0,0.5618339093221549,0.8236651721415028,0.8024817248745161,0.3159495165398041,0.10832393709036481,2159104512.0,1166499000.0,229338000.0,1423796000.0,-1194458000.0,2662629888.0,-0.4486008383603031,2300713329,0.0,,,,,,2026-11-02,3
2026-10-10T12:17:46.714838+00:00,XLK,CSCO,63325000000.0,56654000000.0,0.1177498499664631,0.645242795104619,0.6493804497475907,0.2536281089617055,0.22070815829420695,11182624768.0,15098000000.0,29533000000.0,7218000000.0,22315000000.0,18641999872.0,1.1970282240757222,3942586873,0.014190387701663991,,,,,,2026-11-12,3
2026-10-10T12:17:46.714838+00:00,XLK,AMAT,28368000000.0,27176000000.0,0.04386223138063006,0.4867456288776086,0.47457315278186635,0.2985758601240835,0.2894833676773624,3075375104.0,9867000000.0,7050000000.0,7241000000.0,-191000000.0,10154999808.0,-0.01880846909022413,793597443,0.004181212157071574,,,,,,2026-11-12,3
2026-10-10T12:17:46.714838+00:00,XLK,LRCX,23232690000.0,18435591000.0,0.26020858240997,0.5046900724797688,0.48705023885591736,0.35294212594408997,0.32008564303688447,3090484480.0,6932450000.0,3734563000.0,5579171000.0,-1844608000.0,8641328128.0,-0.21346348300593082,1251424362,0.0041400075272864136,,,,,,2026-10-21,3
2026-10-10T12:17:46.714838+00:00,XLK,PANW,11480000000.0,9221000000.0,0.2449842750244009,0.7035714285714286,0.7341936883201388,0.06054006968641115,0.13480099772258974,4240624896.0,3963000000.0,2500000000.0,2514000000.0,-14000000.0,1560000000.0,-0.008974358974358974,818000000,0.0,,,,,,2026-11-19,3
2026-10-10T12:17:46.714838+00:00,XLK,CRWD,4812005000.0,3953624000.0,0.21711245176577232,0.7466899972049074,0.7495533212060631,-0.06095006135696035,-0.029441342929929604,1995385472.0,1695548000.0,820077000.0,5230125000.0,-4410048000.0,106861000.0,-41.26901301690982,1023934842,0.0,,,,,,2026-12-01,3
2026-10-10T12:17:46.714838+00:00,XLK,TXN,17682000000.0,15641000000.0,0.13049037785307838,0.5702409229725144,0.5814206252797136,0.34724578667571543,0.34147433028578733,3545250048.0,11138000000.0,14048000000.0,3225000000.0,10823000000.0,9520000000.0,1.1368697478991596,913247686,0.02142806794953126,,,,,,2026-10-21,3
2026-10-10T12:17:46.714838+00:00,XLK,KLAC,13579476000.0,12156162000.0,0.1170858038910636,0.6130145227989652,0.6090980853989936,0.4168629187164512,0.41248438446279345,2624587520.0,4417162000.0,6151713000.0,1649842000.0,4501871000.0,6054757888.0,0.743526179456707,1305006492,0.0047041979853760805,,,,,,2026-10-28,3
2026-10-10T12:17:46.714838+00:00,XLK,MRVL,8194600000.0,5767300000.0,0.42087285211450776,0.5101774339198984,0.4130529017044371,0.16332706904546898,-0.0635305949057618,2408049920.0,1972800000.0,4790300000.0,2638800000.0,2151500000.0,2850299904.0,0.7548328500382253,876926613,0.0008718395815170009,,,,,,2026-12-01,3
2026-10-10T12:17:46.714838+00:00,XLK,SNDK,20248000000.0,7355000000.0,1.7529571719918424,0.7147372580007902,0.3007477906186268,0.615764519952588,0.06893269884432358,7720875008.0,288000000.0,177000000.0,4762000000.0,-4585000000.0,12616999936.0,-0.3633985910483879,144527564,0.0,,,,,,2026-10-29,3
2026-10-10T12:17:46.714838+00:00,XLK,ORCL,67357000000.0,57399000000.0,0.1734873429850694,0.658224089552682,0.70509939197547,0.33320961444244845,0.3145002526176414,-45853626368.0,42036000000.0,156189000000.0,31289000000.0,124900000000.0,34432999424.0,3.627334303991652,3031501149,0.014144271570014143,,,,,,2026-12-14,3
2026-10-10T12:17:46.714838+00:00,XLK,ANET,9005700000.0,7003100000.0,0.28595907526666764,0.6405609780472368,0.6413302680241607,0.42818437211987964,0.42047093430052407,3891512576.0,3740200000.0,43964000.0,1963900000.0,-1919936000.0,4639600128.0,-0.41381497263377953,1261224648,0.0,,,,,,2026-11-03,3
2026-10-10T12:17:46.714838+00:00,XLK,IBM,67536000000.0,62753000000.0,0.07621946361130139,0.5818674484719261,0.566522716045448,0.1849680170575693,0.16053415772951093,12049750016.0,15130000000.0,64607000000.0,13587000000.0,51020000000.0,16472999936.0,3.0971893521653686,942134390,0.029762690969929114,,,,,,2026-10-21,3
2026-10-10T12:17:46.714838+00:00,XLK,APH,23094700000.0,15222700000.0,0.5171224552806006,0.3688162219037268,0.3376339282781635,0.25858746812039124,0.2157501625861378,3818374912.0,3480100000.0,15502000000.0,11130600000.0,4371400000.0,9463700480.0,0.4619123364310025,2465966914,0.005731315910132967,,,,,,2026-10-28,3
2026-10-10T12:17:46.714838+00:00,XLK,ADI,11019707000.0,9427157000.0,0.16893216056548122,0.614669518890112,0.5708341337690674,0.27246423158074895,0.21958433491666682,4147339008.0,4582992000.0,8664610000.0,2499406000.0,6165204000.0,6922700800.0,0.8905778507717681,484565465,0.010832369088357666,,,,,,2026-11-24,3
2026-10-10T12:17:46.714838+00:00,XLK,QCOM,44284000000.0,38962000000.0,0.13659463066577682,0.5542859723602204,0.5621374672758072,0.2798753500135489,0.2631538422052256,10241000448.0,13243000000.0,14811000000.0,5520000000.0,9291000000.0,11998999552.0,0.7743145551206702,1067839507,0.02096866096866097,,,,,,2026-11-04,3
2026-10-10T12:17:46.714838+00:00,XLK,CRM,41525000000.0,37895000000.0,0.09579100145137875,0.7767609873570138,0.7719224172054361,0.21473810957254666,0.202295817390157,17731874816.0,13750000000.0,17176000000.0,7327000000.0,9849000000.0,12899000320.0,0.7635475428843156,823000000,0.007681228996639463,,,,,,2026-12-02,3
2026-10-10T12:17:46.714838+00:00,XLK,STX,12195000000.0,9097000000.0,0.3405518302737167,0.45576055760557604,0.3517643179070023,0.34653546535465357,0.21050895899747168,1943750016.0,1348000000.0,3858000000.0,1704000000.0,2154000000.0,4502000128.0,0.4784540068320496,227393014,0.0037803320561941253,,,,,,2026-10-27,3
2026-10-10T12:17:46.714838+00:00,XLK,DELL,113538000000.0,95567000000.0,0.1880460828528676,0.19999471542567246,0.22235708979040883,0.0743891912839754,0.06964747245388052,6033375232.0,7173000000.0,31503000000.0,11528000000.0,19975000000.0,17725999104.0,1.126875832657156,315433188,0.00429990103402382,,,,,,2026-11-27,3
2026-10-10T12:17:46.714838+00:00,XLK,NOW,13278000000.0,10984000000.0,0.20884923525127452,0.7753426720891701,0.791788055353241,0.13737008585630367,0.12418062636562273,5149374976.0,5159000000.0,2403000000.0,3726000000.0,-1323000000.0,2896999936.0,-0.4566793335269166,1033862000,0.0,,,,,,2026-10-28,3
2026-10-10T12:17:46.714838+00:00,XLK,WDC,12919000000.0,9520000000.0,0.3570378151260505,0.4885053022679774,0.3878151260504202,0.35598730551900304,0.22373949579831934,2268750080.0,2103000000.0,1052000000.0,1579000000.0,-527000000.0,5001999872.0,-0.10535785955333987,374323269,0.0015102698348771649,,,,,,2026-10-22,3
2026-10-10T12:17:46.714838+00:00,XLK,ACN,69672977000.0,64896464000.0,0.07360205326441216,0.31913952808418106,0.32609352953344267,0.15559817402376822,0.15461993430027252,11181248512.0,9647536000.0,8182866000.0,11478729000.0,-3295863000.0,14068783104.0,-0.23426780949255865,611942109,0.03271788003443987,,,,,,2026-12-17,3
2026-10-10T12:17:46.714838+00:00,XLK,GLW,15629000000.0,13118000000.0,0.1914163744473243,0.35965192910614885,0.32596432382985213,0.1458186704203724,0.08652233572190883,734499968.0,2904000000.0,9377000000.0,1526000000.0,7851000000.0,4084999936.0,1.921909454835301,861388331,0.007148327801889201,,,,,,2026-10-27,3
2026-10-10T12:17:46.714838+00:00,XLP,WMT,713163000000.0,680985000000.0,0.047252142117667706,0.24926699786724774,0.24851061330278934,0.041820733829433104,0.04309639713062696,7127625216.0,60226000000.0,67095000000.0,10727000000.0,56368000000.0,44073000960.0,1.2789689554191863,7958079155,0.008890884598114055,,,,,,2026-11-19,3
2026-10-10T12:17:46.714838+00:00,XLP,COST,275235000000.0,254453000000.0,0.08167323631476142,0.12843206714262356,0.1261333134213391,0.03772412665540356,0.036490039417888566,6752750080.0,16049000000.0,8173000000.0,14161000000.0,-5988000000.0,14184999936.0,-0.42213606112208024,443129349,0.006209605880116589,,,,,,2026-12-10,3
2026-10-10T12:17:46.714838+00:00,XLP,PG,87032000000.0,84284000000.0,0.03260405296378899,0.5017694641051568,0.5116036258364577,0.22690504641970768,0.24264391818138675,13280874496.0,21590000000.0,35026000000.0,9942000000.0,25084000000.0,24752001024.0,1.0134130156054086,2322672312,0.02876413410037691,,,,,,2026-10-22,3
2026-10-10T12:17:46.714838+00:00,XLP,KO,47941000000.0,47061000000.0,0.018699135164998548,0.6162574831563797,0.6106330082233696,0.31102813875388496,0.29795371964046663,5218749952.0,8869000000.0,45492000000.0,10270000000.0,35222000000.0,16997999616.0,2.0721261792973555,4302549243,0.024077228847245884,,,,,,2026-10-27,3
2026-10-10T12:17:46.714838+00:00,XLP,PM,40648000000.0,37878000000.0,0.07312952109403881,0.6711769336744735,0.6481070806272771,0.36737354851407206,0.3538201594593168,9714374656.0,13661000000.0,48835000000.0,4872000000.0,43963000000.0,18015000576.0,2.4403551814796236,1558613439,0.03181072617923356,,,,,,2026-10-21,3
2026-10-10T12:17:46.714838+00:00,XLP,MO,20139000000.0,20444000000.0,-0.01491880258266487,0.7220815333432643,0.7027489728037566,0.5975967029147425,0.5688710624144003,9033374720.0,8895000000.0,25709000000.0,4474000000.0,21235000000.0,15765000192.0,1.3469711221935645,1669743926,0.06194196428571429,,,,,,2026-10-29,3
2026-10-10T12:17:46.714838+00:00,XLP,CL,20382000000.0,20101000000.0,0.013979404009750729,0.6010695711902659,0.6049947763792846,0.20768324992640566,0.21541216854882841,3458374912.0,4668000000.0,8554000000.0,1288000000.0,7266000000.0,4983000064.0,1.4581577175753373,797172829,0.024017219893508555,,,,,,2026-10-30,3
2026-10-10T12:17:46.714838+00:00,XLP,TGT,104780000000.0,106566000000.0,-0.016759566841206386,0.2793376598587517,0.28211624720830286,0.048835655659477,0.052230542574554735,3432999936.0,10258000000.0,20290000000.0,5488000000.0,14802000000.0,8593000448.0,1.7225647885826807,454296736,0.03020046862796147,,,,,,2026-11-18,3
2026-10-10T12:17:46.714838+00:00,XLP,MDLZ,38537000000.0,36441000000.0,0.05751763123953779,0.2837532760723461,0.3912351472242803,0.09393569816020966,0.1828983836887023,2252375040.0,6297000000.0,21804000000.0,2125000000.0,19679000000.0,6080000000.0,3.236677631578947,1276308057,0.03443138553219666,,,,,,2026-10-27,3
2026-10-10T12:17:46.714838+00:00,XLP,PEP,93925000000.0,91854000000.0,0.022546650118666633,0.541485227575193,0.5455396607659982,0.143635879691243,0.14065800074030527,9044249600.0,17825000000.0,49901000000.0,9159000000.0,40742000000.0,19171000320.0,2.1251890522111263,1362741092,0.04699531634516155,,,,,,2027-02-02,3
2026-10-10T12:17:46.714838+00:00,XLP,MNST,8294343000.0,7492709000.0,0.106988540459799,0.5584764218214752,0.54037571724726,0.29168723791625206,0.25762297721691846,1681231104.0,2234967000.0,373951000.0,2088117000.0,-1714166000.0,2933317120.0,-0.5843780027438698,1959051764,0.0,,,,,,2026-11-05,3
2026-10-10T12:17:46.714838+00:00,XLP,KDP,16603000000.0,15351000000.0,0.08155820467721964,0.5420104800337289,0.5555989837795583,0.22002047822682647,0.2155559898377956,4607249920.0,2841000000.0,16141000000.0,1026000000.0,15115000000.0,4807000064.0,3.144372747817796,1360826038,0.028967254408060455,,,,,,2026-11-03,3
2026-10-10T12:17:46.714838+00:00,XLP,ADM,80269000000.0,85530000000.0,-0.06151058108266105,0.06270166564925438,0.06755524377411434,0.017740348079582403,0.02422541798199462,1164625024.0,4353000000.0,9758000000.0,1015000000.0,8743000000.0,2995000064.0,2.9191986020605305,481959583,0.02603579922393291,,,,,,2026-11-03,3
2026-10-10T12:17:46.714838+00:00,XLP,SYY,84553000000.0,81370000000.0,0.03911761091311283,0.18496091209064136,0.1839621482118717,0.03660426004990953,0.0379501044611036,1914000000.0,3416000000.0,14967000000.0,1786000000.0,13181000000.0,4493000192.0,2.9336744795758958,491913960,0.02815459431789097,,,,,,2026-11-03,3
2026-10-10T12:17:46.714838+00:00,XLP,KR,147642000000.0,147123000000.0,0.0035276605289451535,0.23300957722057408,0.22704131916831494,0.012801235420815215,0.026161782997899716,2535500032.0,9811000000.0,24692000000.0,3334000000.0,21358000000.0,8042999808.0,2.6554768755254954,590588700,0.025308241401687217,,,,,,2026-12-03,3
2026-10-10T12:17:46.714838+00:00,XLP,KVUE,15124000000.0,15455000000.0,-0.02141701714655453,0.581327691087014,0.5796829505014558,0.17951600105792118,0.1701067615658363,1907500032.0,2203000000.0,8674000000.0,1062000000.0,7612000000.0,3480999936.0,2.1867279919421407,1920773467,0.04745762711864407,,,,,,2026-11-05,3
2026-10-10T12:17:46.714838+00:00,XLP,KMB,16447000000.0,16805000000.0,-0.021303183576316553,0.36012646683285704,0.3742338589705445,0.14294400194564358,0.16643855995239512,941124992.0,3955000000.0,7296000000.0,688000000.0,6608000000.0,3480999936.0,1.8983051196470921,332579038,0.05246439184342658,,,,,,2026-11-03,3
2026-10-10T12:17:46.714838+00:00,XLP,DG,42724369000.0,40612308000.0,0.052005441306118394,0.30660930299520633,0.29590775781568485,0.05157871377807827,0.0422057766330345,1738019712.0,4305952000.0,15718656000.0,1138501000.0,14580155000.0,3581925888.0,4.070479249402047,220616790,0.018549084335455473,,,,,,2026-12-03,3
2026-10-10T12:17:46.714838+00:00,XLP,VYLR,10067000000.0,9545000000.0,0.05468831849135669,0.5289559948346081,0.4820324777370351,0.16866991159233138,0.13116815086432687,2417250048.0,2115000000.0,112000000.0,835000000.0,-723000000.0,4275000064.0,-0.1691228044856469,711546000,0.009891469,,,,,,2026-11-11,3
2026-10-10T12:17:46.714838+00:00,XLP,HSY,11692576000.0,11202263000.0,0.043769102725047526,0.33548561069861765,0.4731979600907424,0.12504703839427686,0.2613103263153168,1743636352.0,3137538000.0,5738575000.0,925859000.0,4812716000.0,2721615872.0,1.7683303692902625,146312143,0.035701118348285606,,,,,,2026-10-29,3
2026-10-10T12:17:46.714838+00:00,XLP,CASY,17561101000.0,15940899000.0,0.10163805692514583,0.24605752224760852,0.23539469135335467,0.05886060333005317,0.04995954117769644,503306880.0,1597078000.0,2905075000.0,522991000.0,2382084000.0,1564246016.0,1.522832070936852,36960167,0.004023086326148514,,,,,,2026-12-08,3
2026-10-10T12:17:46.714838+00:00,XLP,EL,15049000000.0,14326000000.0,0.05046768113918754,0.7550003322479899,0.7397040346223649,0.11143597581234634,0.07964539997207874,1812125056.0,1874000000.0,9246000000.0,3498000000.0,5748000000.0,2455000064.0,2.341344134482271,247815431,0.014278429372768995,,,,,,2026-11-02,3
2026-10-10T12:17:46.714838+00:00,XLP,CHD,6203200000.0,6107100000.0,0.015735782941166843,0.447317513541398,0.4568616855790801,0.1737167913335053,0.19063057752452064,939262528.0,1336000000.0,2205100000.0,409000000.0,1796100000.0,1354800000.0,1.3257307351638619,237203907,0.01253694832331057,,,,,,2026-10-30,3
2026-10-10T12:17:46.714838+00:00,XLP,DLTR,19411800000.0,17578500000.0,0.10429217510026456,0.364046610824344,0.35807378331484485,0.08515954213416582,0.08316978126688852,1049587520.0,4163000000.0,7055600000.0,717800000.0,6337800000.0,2503800064.0,2.531272401149679,187630299,0.0,,,,,,2026-12-02,3
2026-10-10T12:17:46.714838+00:00,XLP,KHC,24942000000.0,25846000000.0,-0.03497639866903968,0.33313286825435007,0.34697825582295133,0.18591131424905782,0.20707266114679254,3250500096.0,5348000000.0,21219000000.0,2615000000.0,18604000000.0,5493000192.0,3.3868558801608724,1185823758,0.07184553210597217,,,,,,2026-10-28,3
2026-10-10T12:17:46.714838+00:00,XLP,STZ,9139000000.0,10208700000.0,-0.10478317513493396,0.5155378050114893,0.5205951786221557,0.31328372907320273,0.3295816313536493,1118400000.0,4366300000.0,11202600000.0,102400000.0,11100200000.0,3425900032.0,3.2400828676602784,169198487,0.03359425962165688,,,,,,2027-01-07,3
2026-10-10T12:17:46.714838+00:00,XLP,GIS,18424600000.0,19486600000.0,-0.05449898904888484,0.33627324338113174,0.345519485184691,0.1523615166679331,0.16869027947410015,1302612480.0,3543500000.0,13940400000.0,453800000.0,13486600000.0,3415000064.0,3.9492239377012206,534687144,0.07556519046144317,,,,,,2026-12-23,3
2026-10-10T12:17:46.714838+00:00,XLP,BG,70329000000.0,53108000000.0,0.3242637644046096,0.04847218075047278,0.06388867967161256,0.018427675638783433,0.030447390223695112,-6475375104.0,3276000000.0,15855000000.0,1135000000.0,14720000000.0,3126000128.0,4.708892961376104,192119123,0.028034653947240338,,,,,,2026-10-29,3
2026-10-10T12:17:46.714838+00:00,XLP,TSN,54441000000.0,53309000000.0,0.021234688326549067,0.06542862915817123,0.06803729201448161,0.02646902150952407,0.026430809056632087,1191250048.0,3722000000.0,8830000000.0,1229000000.0,7601000000.0,2772000000.0,2.742063492063492,281792507,0.0381807973048849,,,,,,2026-11-16,3
2026-10-10T12:17:46.714838+00:00,XLP,SJM,9050900000.0,8726100000.0,0.03722166832834839,0.3352705255830912,0.38788233002142997,0.14838303373145212,0.189603602984151,1464337536.0,1604200000.0,7089000000.0,58600000.0,7030400000.0,2263899904.0,3.10543765101021,106823183,0.0373862972544438,,,,,,2026-11-24,3
2026-10-10T12:37:20.281101+00:00,XLF,BRK.B,410522000000.0,424232000000.0,-0.03231722265175663,0.30332002,,0.21321147222316952,0.27243583699485185,71975247872.0,49568000000.0,129081000000.0,51877000000.0,77204000000.0,130683002880.0,0.5907730791194994,1408035161,0.0,1103792701440.0,0.0009873505,,23.803083,0.06520721488564077,2026-11-07,4
2026-10-10T12:37:20.281101+00:00,XLF,JPM,181847000000.0,169439000000.0,0.07322989394413337,0.0,,0.50394,,,,499982000000.0,343338000000.0,156644000000.0,,,2658186195,0.019820415027478302,885149401088.0,2.5035522,,13.254667,,2026-10-13,4
2026-10-10T12:37:20.281101+00:00,XLF,V,40000000000.0,35926000000.0,0.11339976618604908,0.803625,0.803985971162946,0.6639,0.6696264543784446,20404000768.0,21207000000.0,25171000000.0,17164000000.0,8007000000.0,31093999616.0,0.2575094905410576,1704112694,0.0069529121805681675,723626622976.0,20.426603,22.335,25.692284,0.028196863023206824,2026-10-27,4
2026-10-10T12:37:20.281101+00:00,XLF,MA,32791000000.0,28167000000.0,0.16416373770724602,0.7788722515324327,0.7630915610466148,0.5951023146595102,0.5796499449710655,16961250304.0,15974000000.0,19000000000.0,10566000000.0,8434000000.0,22200999936.0,0.3798927987168659,869464115,0.005906915164477035,516092493824.0,92.110695,23.08,25.576363,0.032864749065279364,2026-10-29,4
2026-10-10T12:37:20.281101+00:00,XLF,BAC,113097000000.0,105856000000.0,0.06840424727932293,0.0,,0.38305,,,,365904000000.0,239319000000.0,126585000000.0,,,6992748365,0.023564064801178203,379846098944.0,1.3807127,,10.37239,,2026-10-14,4
2026-10-10T12:37:20.281101+00:00,XLF,GS,58283000000.0,53512000000.0,0.08915757213335329,0.82075995,,0.42176998,,-43090000000.0,-11121000000.0,386150000000.0,164259000000.0,221891000000.0,,,291171408,0.022338381807621856,260691574784.0,2.472925,,12.406834,-0.16529111090645288,2026-10-13,4
2026-10-10T12:37:20.281101+00:00,XLF,WFC,83699000000.0,82296000000.0,0.01704821619519792,0.0,,0.37387002,,,,193035000000.0,174210000000.0,18825000000.0,,,3023999336,0.0239377618192699,252655140864.0,1.5349991,,10.404849,,2026-10-13,4
2026-10-10T12:37:20.281101+00:00,XLF,MS,65966000000.0,57621000000.0,0.14482567119626522,0.87641,,0.41567,,-14991000000.0,4824000000.0,370538000000.0,81310000000.0,289228000000.0,,,1570566292,0.024207978107567623,298439016448.0,2.8026135,,13.999306,-0.05023136779641556,2026-10-14,4
2026-10-10T12:37:20.281101+00:00,XLF,C,85213000000.0,80672000000.0,0.05628966679888925,0.0,,0.36229,,-61112000000.0,-13169000000.0,367705000000.0,349579000000.0,18126000000.0,,,1677436783,0.02067263190373342,217462898688.0,1.1298785,,10.0107565,-0.2810226496965768,2026-10-13,4
2026-10-10T12:37:20.281101+00:00,XLF,AXP,72230000000.0,65949000000.0,0.095240261414123,0.62338,,0.2032,,20853000000.0,15961000000.0,57759000000.0,47708000000.0,10051000000.0,,,675309833,0.012330856345523573,208110239744.0,6.0681305,,15.274489,0.10020170091414836,2026-10-23,4
2026-10-10T12:37:20.281101+00:00,XLF,SCHW,23921000000.0,19606000000.0,0.2200856880546771,0.97495,,0.52277,,9859000000.0,3290000000.0,30951000000.0,46030000000.0,-15079000000.0,,,1729335714,0.013236814891416752,167226753024.0,3.8036423,,12.202616,0.05895587770328267,2026-10-15,4
2026-10-10T12:37:20.281101+00:00,XLF,BLK,24216000000.0,20407000000.0,0.1866516391434312,0.4670465807730426,0.4942421718037928,0.326602246448629,0.36938305483412553,7578124800.0,5211000000.0,14996000000.0,11468000000.0,3528000000.0,11116000256.0,0.31738034533560916,154869259,0.021175361930542595,175862611968.0,2.9119675,15.627,16.881147,0.04309116483143624,2026-10-14,4
2026-10-10T12:37:20.281101+00:00,XLF,PGR,87637000000.0,75343000000.0,0.1631737520406673,0.18521,,0.1654666408024008,0.14589278366935216,15114500096.0,15404000000.0,6897000000.0,125000000.0,6772000000.0,15397999616.0,0.43979738725043493,580400000,0.0018396725382881847,126196367360.0,3.6794543,8.489,13.285575,0.11976969236272,2026-10-14,4
2026-10-10T12:37:20.281101+00:00,XLF,COF,53434000000.0,39112000000.0,0.3661791777459604,0.0,,0.33629,,29296000000.0,19363000000.0,50413000000.0,57434000000.0,-7021000000.0,,,613500000,0.016059419853457796,122246012928.0,1.1870677,,8.269432,0.23964789769670974,2026-10-20,4
2026-10-10T12:37:20.281101+00:00,XLF,SPGI,15336000000.0,14208000000.0,0.07939189189189189,0.7024647887323944,0.6930602477477478,0.4027777777777778,0.38555743243243246,5448249856.0,5813000000.0,13582000000.0,1745000000.0,11837000000.0,8143000064.0,1.453641152765193,294800000,0.009514001275072336,120225341440.0,3.8165739,16.364,20.19703,0.04531698384669607,2026-10-27,4
2026-10-10T12:37:20.281101+00:00,XLF,CB,59783000000.0,56010000000.0,0.06736297089805388,0.31129998,,0.23096867002325075,0.21774683092304944,10488000512.0,,17227000000.0,2272000000.0,14955000000.0,14883000320.0,1.0048377127226993,385799859,0.011957796014067996,131634921472.0,1.7457151,10.189,11.669059,0.07967490993057566,2026-10-20,4
2026-10-10T12:37:20.281101+00:00,XLF,CME,6520600000.0,6130100000.0,0.06370206032528025,0.8609023709474588,0.8612910066719955,0.6486366285311168,0.6413435343632241,2909012480.0,3784500000.0,3422300000.0,4416900000.0,-994600000.0,4771100160.0,-0.2084634500735361,359576125,0.01853435985172512,100883554304.0,3.8008018,20.703,21.59762,0.028835348834301118,2026-10-21,4
2026-10-10T12:37:20.281101+00:00,XLF,BNY,19759000000.0,18258000000.0,0.08221053784642351,0.0,,0.40046,,8283000000.0,2156000000.0,34298000000.0,128669000000.0,-94371000000.0,,,678504142,0.015556022703384487,96829325312.0,2.4261744,,13.895408,0.08554226700754976,2026-10-15,4
2026-10-10T12:37:20.281101+00:00,XLF,USB,28540000000.0,27335000000.0,0.0440826778854948,0.0,,0.39646998,,,,68413000000.0,46890000000.0,21523000000.0,,,1558051446,0.03784162578836721,88933580800.0,1.4669374,,9.832717,,2026-10-15,4
2026-10-10T12:37:20.281101+00:00,XLF,PNC,23077000000.0,20809000000.0,0.10899130184054973,0.0,,0.38689,,,,57101000000.0,39713000000.0,17388000000.0,,,398943667,0.03649468546142968,87452450816.0,1.5064529,,10.2256775,,2026-10-15,4
2026-10-10T12:37:20.281101+00:00,XLF,ICE,12640000000.0,11761000000.0,0.07473854264093194,0.5615506329113924,0.554544681574696,0.3954905063291139,0.37522319530652154,3633625088.0,5361000000.0,20279000000.0,837000000.0,19442000000.0,6713999872.0,2.8957402994719628,561394487,0.01331711377168833,87684210688.0,2.9651077,15.672,17.597168,0.041439901887573,2026-10-29,4
2026-10-10T12:37:20.281101+00:00,XLF,HOOD,4473000000.0,2951000000.0,0.515757370382921,0.833445115135256,0.7943070145713318,0.4681421864520456,0.357167062012877,1692000000.0,-107000000.0,11626000000.0,4261000000.0,7365000000.0,2180000000.0,3.378440366972477,790630234,0.0,98017951744.0,10.338549,,31.717861,0.017262144024587547,2026-10-27,4
2026-10-10T12:37:20.281101+00:00,XLF,BX,12410012000.0,10930540000.0,0.135352141797203,1.0,,0.54357,,4778864000.0,3543071000.0,13306165000.0,2631241000.0,10674924000.0,,,750625114,0.045760783970601106,136610586624.0,10.141982,,15.402093,0.03498165199416866,2026-10-22,4
2026-10-10T12:37:20.281101+00:00,XLF,MRSH,26981000000.0,24458000000.0,0.10315643143347786,0.422667803268967,0.4277537002207867,0.23064378636818503,0.2378362907842015,4785249792.0,4618000000.0,21449000000.0,2687000000.0,18762000000.0,7758000128.0,2.418406765976274,477211268,0.022530723714155668,83874652160.0,5.5324373,13.38,15.383794,0.05705239507725906,2026-10-15,4
2026-10-10T12:37:20.281101+00:00,XLF,TRV,48828000000.0,46428000000.0,0.05169294391315593,0.34730998,,0.16836651101826822,0.1415525114155251,14775124992.0,,9267000000.0,710000000.0,8557000000.0,11480000512.0,0.7453832420177509,208575022,0.013559322033898305,76912041984.0,2.3224251,6.901,12.116005,0.19210418304943283,2026-10-16,4
2026-10-10T12:37:20.281101+00:00,XLF,MCO,7718000000.0,7088000000.0,0.0888826185101581,0.7443638248250842,0.7255925507900677,0.44856180357605596,0.42000564334085777,2579124992.0,3155000000.0,7351000000.0,2384000000.0,4967000000.0,4052999936.0,1.2255119857963896,173180984,0.008874911143183336,80395812864.0,26.577549,20.758,24.524933,0.03208033976051621,2026-10-21,4
2026-10-10T12:37:20.281101+00:00,XLF,KKR,19207544000.0,21640288000.0,-0.11241735784662388,0.1799646014086965,0.17753349678155855,0.025521118160656043,0.042799661446280196,638525000.0,6791414000.0,54537875000.0,16892147000.0,37645728000.0,,,897635601,0.0085761407366685,84000555008.0,2.8645668,,12.275445,0.007601437870728217,2026-11-09,4
2026-10-10T12:37:20.281101+00:00,XLF,AJG,13942000000.0,11555000000.0,0.20657723929035043,0.4257638789269832,0.42224145391605367,0.18333094247597187,0.19749026395499783,2082300032.0,2725000000.0,13485000000.0,1396000000.0,12089000000.0,4288000000.0,2.8192630597014925,256341000,0.012032660077352814,59650547712.0,2.5146968,16.548,15.718077,0.03490831370155383,2026-10-29,4
2026-10-10T12:37:20.281101+00:00,XLF,AON,17181000000.0,15698000000.0,0.09447063320168181,0.47703858913916536,0.4723531660084087,0.2740818345847157,0.2690788635494967,3190874880.0,3253000000.0,16071000000.0,1195000000.0,14876000000.0,5900000256.0,2.521355822802188,212125434,0.011994002998500747,58009944064.0,6.0403323,12.248,13.514976,0.055005653452787996,2026-10-28,4
2026-10-10T12:37:20.281101+00:00,XLF,ALL,67069000000.0,63515000000.0,0.05595528615287737,0.36800998,,0.2021052945474064,0.09700070849405652,15158625280.0,9141000000.0,7490000000.0,678000000.0,6812000000.0,17116000256.0,0.39799017866992953,252857950,0.018829272545002832,58013196288.0,1.838514,3.528,8.17868,0.2612961575974319,2026-11-04,4
2026-10-10T12:37:20.281101+00:00,XLV,LLY,65179000000.0,45043000000.0,0.44703949559309986,0.8304361834333144,0.8131119152809537,0.45560686724251676,0.3783051750549475,11065900032.0,17222000000.0,42503000000.0,7268000000.0,35235000000.0,41706999808.0,0.8448222159878646,891357065,0.005868037005944356,1051150647296.0,31.03179,26.507,24.778511,0.01052741589463521,2026-10-29,4
2026-10-10T12:37:20.281101+00:00,XLV,JNJ,94193000000.0,88821000000.0,0.06048119251078021,0.6787871710212011,0.6907150336069173,0.27173993821196907,0.23923396494072346,16885125120.0,30473000000.0,47933000000.0,19709000000.0,28224000000.0,34872000512.0,0.809359933058262,2409898597,0.02050183598531212,630043836416.0,7.4095907,18.672,21.538969,0.026799921123029972,2026-10-13,4
2026-10-10T12:37:20.281101+00:00,XLV,ABBV,61160000000.0,56334000000.0,0.08566762523520421,0.7023544800523218,0.6999325451769801,0.32849901896664485,0.21113359605211773,16870250496.0,19780000000.0,67496000000.0,5229000000.0,62267000000.0,30762999808.0,2.0240873903268466,1767117285,0.025029840489022313,488554921984.0,,17.68,17.004204,0.03453091911855203,2026-10-30,4
2026-10-10T12:37:20.281101+00:00,XLV,MRK,65011000000.0,64168000000.0,0.013137389352948503,0.7480118749134762,0.7632308939035033,0.340050145360016,0.3151259194614138,15171500032.0,24840000000.0,49339000000.0,14565000000.0,34774000000.0,28871000064.0,1.2044612213956731,2467171638,0.023351648351648352,359220183040.0,8.571765,13.824,15.37607,0.042234542345608174,2026-10-29,4
2026-10-10T12:37:20.281101+00:00,XLV,UNH,447567000000.0,400278000000.0,0.11814039242726304,0.1852616479767275,0.2233422771174034,0.04237130977038075,0.0806614402989922,24272250880.0,27703000000.0,78389000000.0,24365000000.0,54024000000.0,26680999936.0,2.0248116685876822,897594847,0.024466121803321906,340457717760.0,3.4868221,14.499,16.775621,0.07129299649805654,2026-10-13,4
2026-10-10T12:37:20.281101+00:00,XLV,TMO,44557000000.0,42879000000.0,0.03913337531192429,0.4093408443117804,0.41283612024534155,0.18201404941984425,0.17997154784393293,6237250048.0,10067000000.0,39385000000.0,9852000000.0,29533000000.0,11738999808.0,2.5158020685777323,369747286,0.002857056016534452,243301122048.0,4.6185594,24.142,23.862082,0.02563592800352756,2026-10-21,4
2026-10-10T12:37:20.281101+00:00,XLV,AMGN,36751000000.0,33424000000.0,0.09953925323121116,0.6724714973742211,0.6153063666826233,0.24706810699028597,0.21714935375777883,8645624832.0,12586000000.0,54604000000.0,9129000000.0,45475000000.0,17268000768.0,2.633483783732016,540632005,0.02429676766215923,224291995648.0,19.189177,15.441,16.944681,0.03854629233210932,2026-11-03,4
2026-10-10T12:37:20.281101+00:00,XLV,GILD,29442000000.0,28754000000.0,0.0239271057939765,0.7882616670063175,0.7826041594212979,0.3974254466408532,0.36850525144327745,9768875008.0,11351000000.0,24936000000.0,7564000000.0,17372000000.0,14600999936.0,1.1897815270286978,1239955155,0.021697426738109413,187444019200.0,15.859212,13.928,15.241339,0.05211622675235508,2026-10-29,4
2026-10-10T12:37:20.281101+00:00,XLV,ABT,44328000000.0,41950000000.0,0.05668653158522052,0.5641806533116765,0.554088200238379,0.18166847139505504,0.1626936829558999,7209124864.0,10765000000.0,13860000000.0,8522000000.0,5338000000.0,11681000448.0,0.45698140529683506,1741813154,0.02530120481927711,173484589056.0,3.3720417,17.003,16.420876,0.041554843016476405,2026-10-21,4
2026-10-10T12:37:20.281101+00:00,XLV,PFE,62579000000.0,63627000000.0,-0.01647099501783833,0.7432525288035923,0.719443003756267,0.2781604052477668,0.23477454539739417,12485624832.0,15653000000.0,63961000000.0,1142000000.0,62819000000.0,25383000064.0,2.474845362707714,5699673589,0.06082036775106082,161186775040.0,1.891892,8.339,9.75159,0.07746060325917915,2026-11-03,4
2026-10-10T12:37:20.281101+00:00,XLV,ISRG,10064700000.0,8352100000.0,0.20505022688904595,0.6599600584220096,0.6745848349516887,0.29265651236499846,0.28123465954670085,2615200000.0,3526200000.0,87000000.0,3368000000.0,-3281000000.0,4180800000.0,-0.7847780329123613,353278038,0.0,149775761408.0,8.25821,33.81,35.00391,0.017460769188654007,2026-10-20,4
2026-10-10T12:37:20.281101+00:00,XLV,DHR,24568000000.0,23875000000.0,0.02902617801047125,0.5911348095083034,0.5950157068062827,0.19089873005535657,0.20368586387434556,4325125120.0,8080000000.0,19696000000.0,4615000000.0,15081000000.0,8028000256.0,1.878550014834479,702986054,0.007279013693644512,154523369472.0,2.9384007,22.062,23.636066,0.027990103599078733,2026-10-21,4
2026-10-10T12:37:20.281101+00:00,XLV,VRTX,12001300000.0,11020100000.0,0.08903730456166459,0.8624065726212994,0.8611174127276522,0.3794922216759851,-0.0211794811299353,2627887616.0,-7200000.0,2030500000.0,5084800000.0,-3054300000.0,5100499968.0,-0.5988236484976682,253300000,0.0,129203257344.0,6.3823028,23.975,25.369364,0.020339174646373845,2026-11-02,4
2026-10-10T12:37:20.281101+00:00,XLV,BMY,48195000000.0,48300000000.0,-0.0021739130434782483,0.7108413735864716,0.710807453416149,0.2847598298578691,0.1218840579710145,8114375168.0,16438000000.0,47139000000.0,10209000000.0,36930000000.0,18929999872.0,1.9508716455209494,2042714656,0.04262516914749662,120765284352.0,5.4114413,8.238,8.9399395,0.06719128938038738,2026-10-29,4
2026-10-10T12:37:20.281101+00:00,XLV,MDT,36364000000.0,33537000000.0,0.08429495780779428,0.6501759982400176,0.6531591973044697,0.18776812231877682,0.19500849807675105,5412499968.0,8903000000.0,27961000000.0,1949000000.0,26012000000.0,10407999488.0,2.499231483436445,1279137890,0.03254972875226039,113178124288.0,2.2547271,12.426,13.793642,0.0478228456430946,2026-11-17,4
2026-10-10T12:37:20.281101+00:00,XLV,CVS,402067000000.0,372809000000.0,0.07847986502471782,0.13769346899894794,0.13787489035940656,0.025829028495250792,0.02600527347783986,8076000256.0,11888000000.0,79950000000.0,8453000000.0,71497000000.0,16679999488.0,4.286391018862842,1278970369,0.030872794800371407,110196088832.0,1.3815441,10.493,10.09559,0.07328753989002555,2026-11-04,4
2026-10-10T12:37:20.281101+00:00,XLV,MCK,403430000000.0,359051000000.0,0.12360082550946805,0.036065736311132045,0.0371061492657032,0.015997818704607987,0.013413136295400932,6801249792.0,6944000000.0,8614000000.0,3975000000.0,4639000000.0,7071000064.0,0.6560599572920609,116590363,0.004004942269183247,109459693568.0,,16.364,18.622429,0.062134741751079706,2026-11-04,4
2026-10-10T12:37:20.281101+00:00,XLV,SYK,25116000000.0,22595000000.0,0.11157335693737558,0.6396321070234113,0.6390794423545032,0.2014253862079949,0.20650586412923214,4108875008.0,4997000000.0,15859000000.0,4011000000.0,11848000000.0,7376000000.0,1.6062906724511932,383573046,0.012692460245916418,106376306688.0,4.4345837,15.944,16.607342,0.03862584757761204,2026-10-29,4
2026-10-10T12:37:20.281101+00:00,XLV,ELV,199125000000.0,176810000000.0,0.12620892483456814,0.2599,,0.040738229755178906,0.05140546349188394,4306375168.0,7064000000.0,32046000000.0,9491000000.0,22555000000.0,8323999744.0,2.7096348742991982,216869290,0.016670705112672643,89501958144.0,1.9938548,9.773,13.947898,0.048114870973788734,2026-10-21,4
2026-10-10T12:37:20.281101+00:00,XLV,CI,273854000000.0,246148000000.0,0.11255829825958363,0.0895148509789888,0.10152834879828396,0.029774989592994808,0.03430456473341242,7980125184.0,11769000000.0,31463000000.0,7676000000.0,23787000000.0,12757999616.0,1.8644772469007103,264240486,0.02209397018730305,74629439488.0,1.7474617,7.721,8.434619,0.10692998954230602,2026-11-05,4
2026-10-10T12:37:20.281101+00:00,XLV,MRNA,1922000000.0,3199000000.0,-0.3991872460143795,0.5483870967741935,0.5423569865582994,-1.599375650364204,-1.23319787433573,299249984.0,-1953000000.0,1305000000.0,2595000000.0,-1290000000.0,-2195000064.0,0.58769929949305,399235889,0.0,89828081664.0,13.278254,,,0.0033313634050356113,2026-11-05,4
2026-10-10T12:37:20.281101+00:00,XLV,REGN,14342900000.0,14202000000.0,0.009921137867905827,0.8535372902272205,0.8612519363469934,0.25810679848566187,0.28099563441768766,3065299968.0,5302100000.0,2705900000.0,3118100000.0,-412200000.0,4702400000.0,-0.08765736645117386,101137842,0.005036568703619364,76860014592.0,2.3616388,14.634,12.106076,0.039881594926460665,2026-10-30,4
2026-10-10T12:37:20.281101+00:00,XLV,HCA,75600000000.0,70603000000.0,0.07077602934719485,0.415,0.40618670594733935,0.15826719576719578,0.1493845870572072,3738125056.0,15389000000.0,48697000000.0,1040000000.0,47657000000.0,15747000320.0,3.0264176688605033,221839800,0.0069165798399432495,100069720064.0,,9.458,14.093787,0.03735520648613054,2026-10-27,4
2026-10-10T12:37:20.281101+00:00,XLV,COR,321332819000.0,293958599000.0,0.09312270535076261,0.03572165157521616,0.033712328993648524,0.012241581834814079,0.01073943409289415,2043314048.0,3971858000.0,7660773000.0,4356138000.0,3304635000.0,5546476032.0,0.5958080375600909,190827165,0.007410838351088466,61799378944.0,20.255817,13.049,16.354689,0.03306366638168913,2026-11-04,4
2026-10-10T12:37:20.281101+00:00,XLV,BSX,20074000000.0,16747000000.0,0.1986624470054339,0.6900966424230348,0.686093031587747,0.19781807312942115,0.17925598614677254,2451375104.0,4505000000.0,11436000000.0,1965000000.0,9471000000.0,5711000064.0,1.658378549091888,1449229526,0.0,61925580800.0,2.479689,12.71,12.633863,0.03958582337591899,2026-10-28,4
2026-10-10T12:37:20.281101+00:00,XLV,CAH,254248000000.0,222578000000.0,0.1422871981956888,0.038442780277524305,0.03669724770642202,0.012479940845159057,0.010432297891076386,4752500224.0,2944000000.0,8886000000.0,4856000000.0,4030000000.0,4244000000.0,0.9495758718190387,231559345,0.00867112850949194,55011553280.0,,13.972,16.900633,0.08639094773075275,2026-11-05,4
2026-10-10T12:37:20.281101+00:00,XLV,BDX,21840000000.0,20178000000.0,0.08236693428486475,0.45444139194139194,0.452225195757756,0.13672161172161174,0.1415402914064823,4478374912.0,4522000000.0,19181000000.0,641000000.0,18540000000.0,6120999936.0,3.028916875322771,272386800,0.022857142857142857,50051076096.0,2.0499346,10.647,13.813307,0.08947609644616421,2026-11-05,4
2026-10-10T12:37:20.281101+00:00,XLV,EW,6067600000.0,5439500000.0,0.11547017189079889,0.7801107521919705,0.7945583233753102,0.2696618102709473,0.27210221527713946,1232412544.0,824700000.0,705400000.0,2938000000.0,-2232600000.0,1996800000.0,-1.1180889423076923,575800000,0.0,49063915520.0,4.627206,23.038,25.23141,0.025118511862299898,2026-11-04,4
2026-10-10T12:37:20.281101+00:00,XLV,A,6948000000.0,6510000000.0,0.06728110599078341,0.5243235463442717,0.543010752688172,0.21286701208981001,0.22857142857142856,1060374976.0,2129000000.0,3354000000.0,1789000000.0,1565000000.0,2080000000.0,0.7524038461538461,281928854,0.005981001524569016,48080146432.0,6.530846,24.068,25.234865,0.022054320851532635,2026-11-25,4
2026-10-10T12:37:20.281101+00:00,XLV,HUM,129664000000.0,117761000000.0,0.10107760633826146,0.13653,,0.01685895853899309,0.020218917977938365,1940999936.0,3541000000.0,12369000000.0,4200000000.0,8169000000.0,3596000000.0,2.271690767519466,120080308,0.008196911107509204,51859079168.0,2.6991706,10.72,26.028275,0.03742835328240281,2026-11-06,4
2026-10-10T12:37:20.281101+00:00,XLK,NVDA,215938000000.0,130497000000.0,0.6547353579009478,0.7106808435754708,0.7498869705816992,0.6038168363141272,0.6241752683969747,41809874944.0,67325000000.0,11040000000.0,10605000000.0,435000000.0,201266003968.0,0.002161318809058097,24147000000,0.004361479413817167,5536424132608.0,24.178003,28.318,14.406897,0.007551783234552327,2026-11-17,4
2026-10-10T12:37:20.281101+00:00,XLK,AAPL,416161000000.0,391035000000.0,0.06425511782832749,0.4690516410716045,0.4620634981523393,0.31970799762591884,0.31510222870075566,107721875456.0,127701000000.0,98657000000.0,35934000000.0,62723000000.0,167959003136.0,0.3734423212146112,14594180000,0.0032081749049429663,4912984883200.0,45.739132,29.384,35.11173,0.021925952962801903,2026-11-02,4
2026-10-10T12:37:20.281101+00:00,XLK,MSFT,331839000000.0,281724000000.0,0.17788686799846665,0.6794409337058032,0.6882374238616519,0.4678081840892722,0.4562195624085985,16545500160.0,200713000000.0,56826000000.0,20935000000.0,35891000000.0,194237005824.0,0.1847794134168294,7425545491,0.007326144242809351,3973186846720.0,8.98296,20.52,22.59842,0.004164289472985362,2026-10-28,4
2026-10-10T12:37:20.281101+00:00,XLK,AMD,34639000000.0,25785000000.0,0.3433779329067288,0.4951644100580271,0.49350397517936784,0.10664280146655504,0.08089974791545472,8841499648.0,3677000000.0,3847000000.0,5539000000.0,-1692000000.0,9562000384.0,-0.17695042167444447,1632475042,0.0,992708001792.0,14.762933,109.341,38.678555,0.008906445432130747,2026-11-03,4
2026-10-10T12:37:20.281101+00:00,XLK,AVGO,63887000000.0,51574000000.0,0.23874432853763516,0.6776652527118193,0.6303369915073487,0.40814250160439525,0.2907666653740257,30596499456.0,20510000000.0,65136000000.0,16178000000.0,48958000000.0,52259999744.0,0.9368159249870814,4773629865,0.007191458759749959,1725858185216.0,17.313477,35.07,18.642021,0.017728281337420947,2026-12-09,4
2026-10-10T12:37:20.281101+00:00,XLK,MU,37378000000.0,25111000000.0,0.4885110111106685,0.39790786023864305,0.22352753773246783,0.2624270961528172,0.05196925650113496,29214251008.0,16893000000.0,15278000000.0,9642000000.0,5636000000.0,108842999808.0,0.05178100576005763,1131423212,0.0005830903790087463,1164234457088.0,11.533936,10.944,4.9870977,0.02509309944413697,2026-12-23,4
2026-10-10T12:37:20.281101+00:00,XLK,INTC,52853000000.0,53101000000.0,-0.004670345191239322,0.34766238434904356,0.32664168283083184,-0.0004351692429947212,-0.0886612304853016,4866375168.0,32232000000.0,46585000000.0,14265000000.0,32320000000.0,16839999488.0,1.9192399633403123,5286105262,0.0,553455190016.0,6.0314536,36.044,50.272007,0.008792717560132224,2026-10-29,4
2026-10-10T12:37:20.281101+00:00,XLK,PLTR,4475446000.0,2865507000.0,0.5618339093221549,0.8236651721415028,0.8024817248745161,0.3159495165398041,0.10832393709036481,2159104512.0,1166499000.0,229338000.0,1423796000.0,-1194458000.0,2662629888.0,-0.4486008383603031,2300713329,0.0,502359359488.0,51.388893,171.783,89.17906,0.004297928308134916,2026-11-02,4
2026-10-10T12:37:20.281101+00:00,XLK,CSCO,63325000000.0,56654000000.0,0.1177498499664631,0.645242795104619,0.6493804497475907,0.2536281089617055,0.22070815829420695,11182624768.0,15098000000.0,29533000000.0,7218000000.0,22315000000.0,18641999872.0,1.1970282240757222,3942586873,0.014190387701663991,466762858496.0,9.290591,25.646,21.062387,0.023957829044137263,2026-11-12,4
2026-10-10T12:37:20.281101+00:00,XLK,AMAT,28368000000.0,27176000000.0,0.04386223138063006,0.4867456288776086,0.47457315278186635,0.2985758601240835,0.2894833676773624,3075375104.0,9867000000.0,7050000000.0,7241000000.0,-191000000.0,10154999808.0,-0.01880846909022413,793597443,0.004181212157071574,402377703424.0,15.701899,40.502,27.443773,0.0076430057576012496,2026-11-12,4
2026-10-10T12:37:20.281101+00:00,XLK,LRCX,23232690000.0,18435591000.0,0.26020858240997,0.5046900724797688,0.48705023885591736,0.35294212594408997,0.32008564303688447,3090484480.0,6932450000.0,3734563000.0,5579171000.0,-1844608000.0,8641328128.0,-0.21346348300593082,1251424362,0.0041400075272864136,399004139520.0,31.989565,47.547,27.10268,0.0077454947803745535,2026-10-21,4
2026-10-10T12:37:20.281101+00:00,XLK,PANW,11480000000.0,9221000000.0,0.2449842750244009,0.7035714285714286,0.7341936883201388,0.06054006968641115,0.13480099772258974,4240624896.0,3963000000.0,2500000000.0,2514000000.0,-14000000.0,1560000000.0,-0.008974358974358974,818000000,0.0,342562045952.0,12.414549,212.341,85.83193,0.012379144000658494,2026-11-19,4
2026-10-10T12:37:20.281101+00:00,XLK,CRWD,4812005000.0,3953624000.0,0.21711245176577232,0.7466899972049074,0.7495533212060631,-0.06095006135696035,-0.029441342929929604,1995385472.0,1695548000.0,820077000.0,5230125000.0,-4410048000.0,106861000.0,-41.26901301690982,1023934842,0.0,281623035904.0,55.195667,2504.538,171.2674,0.0070853063052703875,2026-12-01,4
2026-10-10T12:37:20.281101+00:00,XLK,TXN,17682000000.0,15641000000.0,0.13049037785307838,0.5702409229725144,0.5814206252797136,0.34724578667571543,0.34147433028578733,3545250048.0,11138000000.0,14048000000.0,3225000000.0,10823000000.0,9520000000.0,1.1368697478991596,913247686,0.02142806794953126,259124887552.0,14.38625,28.462,26.655142,0.013681626961781336,2026-10-21,4
2026-10-10T12:37:20.281101+00:00,XLK,KLAC,13579476000.0,12156162000.0,0.1170858038910636,0.6130145227989652,0.6090980853989936,0.4168629187164512,0.41248438446279345,2624587520.0,4417162000.0,6151713000.0,1649842000.0,4501871000.0,6054757888.0,0.743526179456707,1305006492,0.0047041979853760805,255220121600.0,40.25731,42.68,29.014643,0.010283623029196142,2026-10-28,4
2026-10-10T12:37:20.281101+00:00,XLK,MRVL,8194600000.0,5767300000.0,0.42087285211450776,0.5101774339198984,0.4130529017044371,0.16332706904546898,-0.0635305949057618,2408049920.0,1972800000.0,4790300000.0,2638800000.0,2151500000.0,2850299904.0,0.7548328500382253,876926613,0.0008718395815170009,247395418112.0,13.02484,88.057,37.798805,0.009733607592157733,2026-12-01,4
2026-10-10T12:37:20.281101+00:00,XLK,SNDK,20248000000.0,7355000000.0,1.7529571719918424,0.7147372580007902,0.3007477906186268,0.615764519952588,0.06893269884432358,7720875008.0,288000000.0,177000000.0,4762000000.0,-4585000000.0,12616999936.0,-0.3633985910483879,144527564,0.0,228616585216.0,14.977796,19.279,5.9400573,0.03377215612202944,2026-10-29,4
2026-10-10T12:37:20.281101+00:00,XLK,ORCL,67357000000.0,57399000000.0,0.1734873429850694,0.658224089552682,0.70509939197547,0.33320961444244845,0.3145002526176414,-45853626368.0,42036000000.0,156189000000.0,31289000000.0,124900000000.0,34432999424.0,3.627334303991652,3031501149,0.014144271570014143,428654231552.0,10.843558,16.598,12.855725,-0.10697112729292514,2026-12-14,4
2026-10-10T12:37:20.281101+00:00,XLK,ANET,9005700000.0,7003100000.0,0.28595907526666764,0.6405609780472368,0.6413302680241607,0.42818437211987964,0.42047093430052407,3891512576.0,3740200000.0,43964000.0,1963900000.0,-1919936000.0,4639600128.0,-0.41381497263377953,1261224648,0.0,273357848576.0,18.472685,55.795,41.546066,0.014235964309318401,2026-11-03,4
2026-10-10T12:37:20.281101+00:00,XLK,IBM,67536000000.0,62753000000.0,0.07621946361130139,0.5818674484719261,0.566522716045448,0.1849680170575693,0.16053415772951093,12049750016.0,15130000000.0,64607000000.0,13587000000.0,51020000000.0,16472999936.0,3.0971893521653686,942134390,0.029762690969929114,213986983936.0,6.2111683,16.086,17.26908,0.05631066803392062,2026-10-21,4
2026-10-10T12:37:20.281101+00:00,XLK,APH,23094700000.0,15222700000.0,0.5171224552806006,0.3688162219037268,0.3376339282781635,0.25858746812039124,0.2157501625861378,3818374912.0,3480100000.0,15502000000.0,11130600000.0,4371400000.0,9463700480.0,0.4619123364310025,2465966914,0.005731315910132967,215130947584.0,13.882877,24.242,26.194736,0.01774907308726039,2026-10-28,4
2026-10-10T12:37:20.281101+00:00,XLK,ADI,11019707000.0,9427157000.0,0.16893216056548122,0.614669518890112,0.5708341337690674,0.27246423158074895,0.21958433491666682,4147339008.0,4582992000.0,8664610000.0,2499406000.0,6165204000.0,6922700800.0,0.8905778507717681,484565465,0.010832369088357666,196825645056.0,5.866492,29.692,24.846283,0.021071131288913175,2026-11-24,4
2026-10-10T12:37:20.281101+00:00,XLK,QCOM,44284000000.0,38962000000.0,0.13659463066577682,0.5542859723602204,0.5621374672758072,0.2798753500135489,0.2631538422052256,10241000448.0,13243000000.0,14811000000.0,5520000000.0,9291000000.0,11998999552.0,0.7743145551206702,1067839507,0.02096866096866097,187405828096.0,6.706921,16.083,17.211536,0.05464611507574873,2026-11-04,4
2026-10-10T12:37:20.281101+00:00,XLK,CRM,41525000000.0,37895000000.0,0.09579100145137875,0.7767609873570138,0.7719224172054361,0.21473810957254666,0.202295817390157,17731874816.0,13750000000.0,17176000000.0,7327000000.0,9849000000.0,12899000320.0,0.7635475428843156,823000000,0.007681228996639463,188573990912.0,4.913579,16.729,14.302121,0.09403139176427974,2026-12-02,4
2026-10-10T12:37:20.281101+00:00,XLK,STX,12195000000.0,9097000000.0,0.3405518302737167,0.45576055760557604,0.3517643179070023,0.34653546535465357,0.21050895899747168,1943750016.0,1348000000.0,3858000000.0,1704000000.0,2154000000.0,4502000128.0,0.4784540068320496,227393014,0.0037803320561941253,178048729088.0,81.946625,41.143,13.878095,0.010916955296206062,2026-10-27,4
2026-10-10T12:37:20.281101+00:00,XLK,DELL,113538000000.0,95567000000.0,0.1880460828528676,0.19999471542567246,0.22235708979040883,0.0743891912839754,0.06964747245388052,6033375232.0,7173000000.0,31503000000.0,11528000000.0,19975000000.0,17725999104.0,1.126875832657156,315433188,0.00429990103402382,372624424960.0,,22.104,20.12767,0.016191572070584647,2026-11-27,4
2026-10-10T12:37:20.281101+00:00,XLK,NOW,13278000000.0,10984000000.0,0.20884923525127452,0.7753426720891701,0.791788055353241,0.13737008585630367,0.12418062636562273,5149374976.0,5159000000.0,2403000000.0,3726000000.0,-1323000000.0,2896999936.0,-0.4566793335269166,1033862000,0.0,145629806592.0,11.635552,50.51,28.14099,0.03535934776337796,2026-10-28,4
2026-10-10T12:37:20.281101+00:00,XLK,WDC,12919000000.0,9520000000.0,0.3570378151260505,0.4885053022679774,0.3878151260504202,0.35598730551900304,0.22373949579831934,2268750080.0,2103000000.0,1052000000.0,1579000000.0,-527000000.0,5001999872.0,-0.10535785955333987,374323269,0.0015102698348771649,148711145472.0,18.994978,29.145,12.398135,0.015256086373345638,2026-10-22,4
2026-10-10T12:37:20.281101+00:00,XLK,ACN,69672977000.0,64896464000.0,0.07360205326441216,0.31913952808418106,0.32609352953344267,0.15559817402376822,0.15461993430027252,11181248512.0,9647536000.0,8182866000.0,11478729000.0,-3295863000.0,14068783104.0,-0.23426780949255865,611942109,0.03271788003443987,127932612608.0,3.9471347,8.49,13.145071,0.0873995166991595,2026-12-17,4
2026-10-10T12:37:20.281101+00:00,XLK,GLW,15629000000.0,13118000000.0,0.1914163744473243,0.35965192910614885,0.32596432382985213,0.1458186704203724,0.08652233572190883,734499968.0,2904000000.0,9377000000.0,1526000000.0,7851000000.0,4084999936.0,1.921909454835301,859637825,0.007148327801889201,134688047104.0,11.302027,36.246,35.840588,0.005453341879943158,2026-10-27,4
2026-10-10T12:37:20.281101+00:00,XLP,WMT,713163000000.0,680985000000.0,0.047252142117667706,0.24926699786724774,0.24851061330278934,0.041820733829433104,0.04309639713062696,7127625216.0,60226000000.0,67095000000.0,10727000000.0,56368000000.0,44073000960.0,1.2789689554191863,7933746241,0.008890884598114055,883422593024.0,9.002344,21.061,34.54277,0.008068194397883555,2026-11-19,4
2026-10-10T12:37:20.281101+00:00,XLP,COST,275235000000.0,254453000000.0,0.08167323631476142,0.12843206714262356,0.1261333134213391,0.03772412665540356,0.036490039417888566,6752750080.0,16049000000.0,8173000000.0,14161000000.0,-5988000000.0,14184999936.0,-0.42213606112208024,443129349,0.006209605880116589,419608035328.0,11.723514,28.651,37.925087,0.01609299515611396,2026-12-10,4
2026-10-10T12:37:20.281101+00:00,XLP,PG,87032000000.0,84284000000.0,0.03260405296378899,0.5017694641051568,0.5116036258364577,0.22690504641970768,0.24264391818138675,13280874496.0,21590000000.0,35026000000.0,9942000000.0,25084000000.0,24752001024.0,1.0134130156054086,2324433060,0.02876413410037691,351524028416.0,6.5904036,14.935,20.4461,0.03778084404598132,2026-10-22,4
2026-10-10T12:37:20.281101+00:00,XLP,KO,47941000000.0,47061000000.0,0.018699135164998548,0.6162574831563797,0.6106330082233696,0.31102813875388496,0.29795371964046663,5218749952.0,8869000000.0,45492000000.0,10270000000.0,35222000000.0,16997999616.0,2.0721261792973555,4302549243,0.024077228847245884,378839465984.0,10.480895,23.491,24.968878,0.01377562376835472,2026-10-27,4
2026-10-10T12:37:20.281101+00:00,XLP,PM,40648000000.0,37878000000.0,0.07312952109403881,0.6711769336744735,0.6481070806272771,0.36737354851407206,0.3538201594593168,9714374656.0,13661000000.0,48835000000.0,4872000000.0,43963000000.0,18015000576.0,2.4403551814796236,1558613439,0.03181072617923356,313577439232.0,,19.172,21.911945,0.030979188680767395,2026-10-21,4
2026-10-10T12:37:20.281101+00:00,XLP,MO,20139000000.0,20444000000.0,-0.01491880258266487,0.7220815333432643,0.7027489728037566,0.5975967029147425,0.5688710624144003,9033374720.0,8895000000.0,25709000000.0,4474000000.0,21235000000.0,15765000192.0,1.3469711221935645,1669743926,0.06194196428571429,119687241728.0,,8.76,12.2206955,0.07547483415591742,2026-10-29,4
2026-10-10T12:37:20.281101+00:00,XLP,CL,20382000000.0,20101000000.0,0.013979404009750729,0.6010695711902659,0.6049947763792846,0.20768324992640566,0.21541216854882841,3458374912.0,4668000000.0,8554000000.0,1288000000.0,7266000000.0,4983000064.0,1.4581577175753373,797172829,0.024017219893508555,70366437376.0,298.20944,15.303,21.552818,0.04914807457879847,2026-10-30,4
2026-10-10T12:37:20.281101+00:00,XLP,TGT,104780000000.0,106566000000.0,-0.016759566841206386,0.2793376598587517,0.28211624720830286,0.048835655659477,0.052230542574554735,3432999936.0,10258000000.0,20290000000.0,5488000000.0,14802000000.0,8593000448.0,1.7225647885826807,454291461,0.03020046862796147,69797339136.0,3.911704,9.583,16.095964,0.04918525517585714,2026-11-18,4
2026-10-10T12:37:20.281101+00:00,XLP,MDLZ,38537000000.0,36441000000.0,0.05751763123953779,0.2837532760723461,0.3912351472242803,0.09393569816020966,0.1828983836887023,2252375040.0,6297000000.0,21804000000.0,2125000000.0,19679000000.0,6080000000.0,3.236677631578947,1283649766,0.03443138553219666,77545283584.0,2.9039083,15.82,17.964197,0.029045932078643335,2026-10-27,4
2026-10-10T12:37:20.281101+00:00,XLP,PEP,93925000000.0,91854000000.0,0.022546650118666633,0.541485227575193,0.5455396607659982,0.143635879691243,0.14065800074030527,7831875072.0,17825000000.0,49901000000.0,9159000000.0,40742000000.0,18882000896.0,2.1577162412184223,1362741092,0.04699531634516155,171664506880.0,7.7869816,11.204,14.485621,0.04562314723261214,2027-02-02,4
2026-10-10T12:37:20.281101+00:00,XLP,MNST,8294343000.0,7492709000.0,0.106988540459799,0.5584764218214752,0.54037571724726,0.29168723791625206,0.25762297721691846,1681231104.0,2234967000.0,373951000.0,2088117000.0,-1714166000.0,2933317120.0,-0.5843780027438698,1959051764,0.0,85493014528.0,9.129706,27.504,33.35856,0.01966512835325717,2026-11-05,4
2026-10-10T12:37:20.281101+00:00,XLP,KDP,16603000000.0,15351000000.0,0.08155820467721964,0.5420104800337289,0.5555989837795583,0.22002047822682647,0.2155559898377956,4607249920.0,2841000000.0,16141000000.0,1026000000.0,15115000000.0,4807000064.0,3.144372747817796,1360826038,0.028967254408060455,43219832832.0,1.7265561,17.095,12.551028,0.10660036418717447,2026-11-03,4
2026-10-10T12:37:20.281101+00:00,XLP,ADM,80269000000.0,85530000000.0,-0.06151058108266105,0.06270166564925438,0.06755524377411434,0.017740348079582403,0.02422541798199462,1164625024.0,4353000000.0,9758000000.0,1015000000.0,8743000000.0,2995000064.0,2.9191986020605305,481956527,0.02603579922393291,38503505920.0,1.6335084,15.943,13.999849,0.03024724622271488,2026-11-03,4
2026-10-10T12:37:20.281101+00:00,XLP,SYY,84553000000.0,81370000000.0,0.03911761091311283,0.18496091209064136,0.1839621482118717,0.03660426004990953,0.0379501044611036,1914000000.0,3416000000.0,14967000000.0,1786000000.0,13181000000.0,4493000192.0,2.9336744795758958,491913960,0.02815459431789097,38438154240.0,14.026207,11.141,14.564119,0.04979427440894727,2026-11-03,4
2026-10-10T12:37:20.281101+00:00,XLP,KR,147642000000.0,147123000000.0,0.0035276605289451535,0.23300957722057408,0.22704131916831494,0.012801235420815215,0.026161782997899716,2535500032.0,9811000000.0,24692000000.0,3334000000.0,21358000000.0,8042999808.0,2.6554768755254954,590588700,0.025308241401687217,36403884032.0,6.2904377,7.147,11.198843,0.06964916242924044,2026-12-03,4
2026-10-10T12:37:20.281101+00:00,XLP,KVUE,15124000000.0,15455000000.0,-0.02141701714655453,0.581327691087014,0.5796829505014558,0.17951600105792118,0.1701067615658363,1907500032.0,2203000000.0,8674000000.0,1062000000.0,7612000000.0,3480999936.0,2.1867279919421407,1920773467,0.04745762711864407,33997692928.0,3.2205243,11.828,14.2763815,0.056106749244417435,2026-11-05,4
2026-10-10T12:37:20.281101+00:00,XLP,KMB,16447000000.0,16805000000.0,-0.021303183576316553,0.36012646683285704,0.3742338589705445,0.14294400194564358,0.16643855995239512,941124992.0,3955000000.0,7296000000.0,688000000.0,6608000000.0,3480999936.0,1.8983051196470921,331940357,0.05246439184342658,32394057728.0,18.546179,10.857,13.104641,0.02905239596416885,2026-11-03,4
2026-10-10T12:37:20.281101+00:00,XLP,DG,42724369000.0,40612308000.0,0.052005441306118394,0.30660930299520633,0.29590775781568485,0.05157871377807827,0.0422057766330345,1738019712.0,4305952000.0,15718656000.0,1138501000.0,14580155000.0,3581925888.0,4.070479249402047,220616790,0.018549084335455473,28069074944.0,3.021875,11.483,15.308904,0.06191937979671525,2026-12-03,4
2026-10-10T12:37:20.281101+00:00,XLP,VYLR,10067000000.0,9545000000.0,0.05468831849135669,0.5289559948346081,0.4820324777370351,0.16866991159233138,0.13116815086432687,2417250048.0,2115000000.0,112000000.0,835000000.0,-723000000.0,4275000064.0,-0.1691228044856469,711546000,0.009891469,52049588224.0,1.9393408,11.141,18.035677,0.04644129051698067,2026-11-11,4
2026-10-10T12:37:20.281101+00:00,XLP,HSY,11692576000.0,11202263000.0,0.043769102725047526,0.33548561069861765,0.4731979600907424,0.12504703839427686,0.2613103263153168,1743636352.0,3137538000.0,5738575000.0,925859000.0,4812716000.0,2721615872.0,1.7683303692902625,146312143,0.035701118348285606,32698644480.0,7.166322,13.723,16.507298,0.05332442306794976,2026-10-29,4
2026-10-10T12:37:20.281101+00:00,XLP,CASY,17561101000.0,15940899000.0,0.10163805692514583,0.24605752224760852,0.23539469135335467,0.05886060333005317,0.04995954117769644,503306880.0,1597078000.0,2905075000.0,522991000.0,2382084000.0,1564246016.0,1.522832070936852,36960167,0.004023086326148514,23886247936.0,5.837609,16.474,27.556011,0.02107098952286451,2026-12-08,4
2026-10-10T12:37:20.281101+00:00,XLP,EL,15049000000.0,14326000000.0,0.05046768113918754,0.7550003322479899,0.7397040346223649,0.11143597581234634,0.07964539997207874,1812125056.0,1874000000.0,9246000000.0,3498000000.0,5748000000.0,2455000064.0,2.341344134482271,247815431,0.014278429372768995,35525750784.0,9.320342,16.261,24.965816,0.05100877577557461,2026-11-02,4
2026-10-10T12:37:20.281101+00:00,XLP,CHD,6203200000.0,6107100000.0,0.015735782941166843,0.447317513541398,0.4568616855790801,0.1737167913335053,0.19063057752452064,939262528.0,1336000000.0,2205100000.0,409000000.0,1796100000.0,1354800000.0,1.3257307351638619,237203907,0.01253694832331057,23272075264.0,5.3509684,18.544,24.309866,0.04036006747765045,2026-10-30,4
2026-10-10T12:37:20.281101+00:00,XLP,DLTR,19411800000.0,17578500000.0,0.10429217510026456,0.364046610824344,0.35807378331484485,0.08515954213416582,0.08316978126688852,1049587520.0,4163000000.0,7055600000.0,717800000.0,6337800000.0,2503800064.0,2.531272401149679,187630299,0.0,22260459520.0,6.500466,11.356,14.998793,0.047150307883671215,2026-12-02,4
2026-10-10T12:37:20.281101+00:00,XLP,KHC,24942000000.0,25846000000.0,-0.03497639866903968,0.33313286825435007,0.34697825582295133,0.18591131424905782,0.20707266114679254,3250500096.0,5348000000.0,21219000000.0,2615000000.0,18604000000.0,5493000192.0,3.3868558801608724,1185823758,0.07184553210597217,26408294400.0,0.73355514,7.739,10.698656,0.12308633214873582,2026-10-28,4
2026-10-10T12:37:20.281101+00:00,XLP,STZ,9139000000.0,10208700000.0,-0.10478317513493396,0.5155378050114893,0.5205951786221557,0.31328372907320273,0.3295816313536493,1130475008.0,4366300000.0,11202600000.0,102400000.0,11100200000.0,3448999936.0,3.2183821994712845,169198487,0.03359425962165688,20753657856.0,2.5471992,8.898,10.082517,0.054471120987145565,2027-01-07,4
2026-10-10T12:37:20.281101+00:00,XLP,GIS,18424600000.0,19486600000.0,-0.05449898904888484,0.33627324338113174,0.345519485184691,0.1523615166679331,0.16869027947410015,1302612480.0,3543500000.0,13940400000.0,453800000.0,13486600000.0,3415000064.0,3.9492239377012206,534687144,0.07556519046144317,17265047552.0,2.3388383,8.838,10.240001,0.07544795205902019,2026-12-23,4
2026-10-10T12:37:20.281101+00:00,XLP,BG,70329000000.0,53108000000.0,0.3242637644046096,0.04847218075047278,0.06388867967161256,0.018427675638783433,0.030447390223695112,-6475375104.0,3276000000.0,15855000000.0,1135000000.0,14720000000.0,3126000128.0,4.708892961376104,192119123,0.028034653947240338,19736397824.0,1.2370849,12.156,9.140396,-0.3280930573929639,2026-10-29,4
2026-10-10T12:37:20.281101+00:00,XLP,TSN,54441000000.0,53309000000.0,0.021234688326549067,0.06542862915817123,0.06803729201448161,0.02646902150952407,0.026430809056632087,1191250048.0,3722000000.0,8830000000.0,1229000000.0,7601000000.0,2772000000.0,2.742063492063492,281792507,0.0381807973048849,18796754944.0,1.0396965,9.221,13.137351,0.0633753034259912,2026-11-16,4
2026-10-10T12:37:20.281101+00:00,XLP,SJM,9050900000.0,8726100000.0,0.03722166832834839,0.3352705255830912,0.38788233002142997,0.14838303373145212,0.189603602984151,1464337536.0,1604200000.0,7089000000.0,58600000.0,7030400000.0,2263899904.0,3.10543765101021,106823183,0.0373862972544438,12800622592.0,2.2259169,8.517,10.971655,0.11439580578800647,2026-11-24,4
2026-10-10T12:37:20.281101+00:00,XLP,CPB,10253000000.0,9636000000.0,0.06403071814030725,0.3042036477128645,0.30832295558322953,0.131961377157905,0.12723121627231215,634499968.0,1702000000.0,7212000000.0,132000000.0,7080000000.0,1620000000.0,4.37037037037037,298234693,0.052056220718375845,5729088000.0,1.4869572,8.024,10.461253,0.11075060603013953,2026-12-09,4
