2026-09-12T19:37:09.865167+00:00Z  universe: 1 names from fundamentals capture_ts=2026-09-12T18:54:02.507436+00:00
2026-09-12T19:37:09.865320+00:00Z  === technicals capture start (1 names) ===
2026-09-12T19:37:11.001125+00:00Z  XLC: Stooq fetch failed -- 404 Client Error: Not Found for url: https://stooq.com/q/d/l/?s=xlc.us&i=d
2026-09-12T19:37:11.603510+00:00Z  XASU6: Cboe fetch failed -- 403 Client Error: Forbidden for url: https://cdn.cboe.com/api/global/delayed_quotes/options/XASU6.json
2026-09-12T19:37:12.892564+00:00Z  XASU6: Stooq fetch failed -- 404 Client Error: Not Found for url: https://stooq.com/q/d/l/?s=xasu6.us&i=d
2026-09-12T19:37:12.893413+00:00Z  XASU6: no usable data from either source -- skipped entirely
2026-09-12T19:37:12.893600+00:00Z  === technicals capture done: 0/1 names captured ===
2026-09-12T19:53:23.251982+00:00Z  universe: 1 names from fundamentals capture_ts=2026-09-12T18:54:02.507436+00:00
2026-09-12T19:53:23.252088+00:00Z  === technicals capture start (1 names) ===
2026-09-12T19:53:24.365887+00:00Z  XLC: Stooq fetch failed -- 503 Server Error: Service Temporarily Unavailable for url: https://stooq.com/q/d/l/?s=xlc.us&i=d
2026-09-12T19:53:24.834332+00:00Z  XASU6: Cboe fetch failed -- 403 Client Error: Forbidden for url: https://cdn.cboe.com/api/global/delayed_quotes/options/XASU6.json
2026-09-12T19:53:25.811550+00:00Z  XASU6: Stooq fetch failed -- 503 Server Error: Service Temporarily Unavailable for url: https://stooq.com/q/d/l/?s=xasu6.us&i=d
2026-09-12T19:53:25.812422+00:00Z  XASU6: no usable data from either source -- skipped entirely
2026-09-12T19:53:25.812645+00:00Z  === technicals capture done: 0/1 names captured ===
2026-09-16T01:02:48.921195+00:00Z  universe: 1 names from fundamentals capture_ts=2026-09-12T18:54:02.507436+00:00
2026-09-16T01:02:48.921310+00:00Z  === technicals capture start (1 names) ===
2026-09-16T01:02:50.163760+00:00Z  XLC: Stooq fetch failed -- 404 Client Error: Not Found for url: https://stooq.com/q/d/l/?s=xlc.us&i=d
2026-09-16T01:02:50.833641+00:00Z  XASU6: Cboe fetch failed -- 403 Client Error: Forbidden for url: https://cdn.cboe.com/api/global/delayed_quotes/options/XASU6.json
2026-09-16T01:02:51.809375+00:00Z  XASU6: Stooq fetch failed -- 404 Client Error: Not Found for url: https://stooq.com/q/d/l/?s=xasu6.us&i=d
2026-09-16T01:02:51.810311+00:00Z  XASU6: no usable data from either source -- skipped entirely
2026-09-16T01:02:51.810532+00:00Z  === technicals capture done: 0/1 names captured ===
2026-09-17T01:03:13.267980+00:00Z  universe: 1 names from fundamentals capture_ts=2026-09-16T01:24:05.684317+00:00
2026-09-17T01:03:13.268090+00:00Z  === technicals capture start (1 names) ===
2026-09-17T01:03:14.288020+00:00Z  XLC: Stooq fetch failed -- 404 Client Error: Not Found for url: https://stooq.com/q/d/l/?s=xlc.us&i=d
2026-09-17T01:03:14.749075+00:00Z  XASZ6: Cboe fetch failed -- 403 Client Error: Forbidden for url: https://cdn.cboe.com/api/global/delayed_quotes/options/XASZ6.json
2026-09-17T01:03:15.840891+00:00Z  XASZ6: Stooq fetch failed -- 404 Client Error: Not Found for url: https://stooq.com/q/d/l/?s=xasz6.us&i=d
2026-09-17T01:03:15.841783+00:00Z  XASZ6: no usable data from either source -- skipped entirely
2026-09-17T01:03:15.842064+00:00Z  === technicals capture done: 0/1 names captured ===
2026-09-23T01:02:46.948888+00:00Z  universe: 1 names from fundamentals capture_ts=2026-09-19T01:19:57.224277+00:00
2026-09-23T01:02:46.949007+00:00Z  === technicals capture start (1 names) ===
2026-09-23T01:02:47.852474+00:00Z  XLC: Stooq fetch failed -- 404 Client Error: Not Found for url: https://stooq.com/q/d/l/?s=xlc.us&i=d
2026-09-23T01:02:48.300858+00:00Z  XASZ6: Cboe fetch failed -- 403 Client Error: Forbidden for url: https://cdn.cboe.com/api/global/delayed_quotes/options/XASZ6.json
2026-09-23T01:02:49.110568+00:00Z  XASZ6: Stooq fetch failed -- 404 Client Error: Not Found for url: https://stooq.com/q/d/l/?s=xasz6.us&i=d
2026-09-23T01:02:49.111449+00:00Z  XASZ6: no usable data from either source -- skipped entirely
2026-09-23T01:02:49.111719+00:00Z  === technicals capture done: 0/1 names captured ===
2026-09-24T01:02:36.528716+00:00Z  universe: 1 names from fundamentals capture_ts=2026-09-23T01:22:01.092105+00:00
2026-09-24T01:02:36.528855+00:00Z  === technicals capture start (1 names) ===
2026-09-24T01:02:37.628148+00:00Z  XLC: Stooq fetch failed -- 404 Client Error: Not Found for url: https://stooq.com/q/d/l/?s=xlc.us&i=d
2026-09-24T01:02:38.110138+00:00Z  XASZ6: Cboe fetch failed -- 403 Client Error: Forbidden for url: https://cdn.cboe.com/api/global/delayed_quotes/options/XASZ6.json
2026-09-24T01:02:38.958794+00:00Z  XASZ6: Stooq fetch failed -- 404 Client Error: Not Found for url: https://stooq.com/q/d/l/?s=xasz6.us&i=d
2026-09-24T01:02:38.959784+00:00Z  XASZ6: no usable data from either source -- skipped entirely
2026-09-24T01:02:38.960012+00:00Z  === technicals capture done: 0/1 names captured ===
2026-09-30T01:05:23.591104+00:00Z  universe: 1 names from fundamentals capture_ts=2026-09-26T01:22:49.052961+00:00
2026-09-30T01:05:23.591224+00:00Z  === technicals capture start (1 names) ===
2026-09-30T01:05:24.482648+00:00Z  XLC: Stooq fetch failed -- 404 Client Error: Not Found for url: https://stooq.com/q/d/l/?s=xlc.us&i=d
2026-09-30T01:05:24.999720+00:00Z  XASZ6: Cboe fetch failed -- 403 Client Error: Forbidden for url: https://cdn-api.cboe.com/api/global/delayed_quotes/options/XASZ6.json
2026-09-30T01:05:25.906465+00:00Z  XASZ6: Stooq fetch failed -- 404 Client Error: Not Found for url: https://stooq.com/q/d/l/?s=xasz6.us&i=d
2026-09-30T01:05:25.906936+00:00Z  XASZ6: no usable data from either source -- skipped entirely
2026-09-30T01:05:25.907162+00:00Z  === technicals capture done: 0/1 names captured ===
2026-10-01T01:06:25.616655+00:00Z  universe: 1 names from fundamentals capture_ts=2026-09-30T01:24:03.115889+00:00
2026-10-01T01:06:25.616776+00:00Z  === technicals capture start (1 names) ===
2026-10-01T01:06:26.669123+00:00Z  XLC: Stooq fetch failed -- 404 Client Error: Not Found for url: https://stooq.com/q/d/l/?s=xlc.us&i=d
2026-10-01T01:06:27.334321+00:00Z  XASZ6: Cboe fetch failed -- 403 Client Error: Forbidden for url: https://cdn-api.cboe.com/api/global/delayed_quotes/options/XASZ6.json
2026-10-01T01:06:28.316020+00:00Z  XASZ6: Stooq fetch failed -- 404 Client Error: Not Found for url: https://stooq.com/q/d/l/?s=xasz6.us&i=d
2026-10-01T01:06:28.316903+00:00Z  XASZ6: no usable data from either source -- skipped entirely
2026-10-01T01:06:28.317088+00:00Z  === technicals capture done: 0/1 names captured ===
2026-10-07T01:07:41.818176+00:00Z  dropped 13 non-equity names -- ['-', 'IXPZ6', 'IXAZ6', 'IXTZ6', '2602335D', 'IXCZ6']
2026-10-07T01:07:41.818259+00:00Z  universe: 504 names from fundamentals 2026-10-03
2026-10-07T01:07:41.818380+00:00Z  === technicals capture start (504 names) ===
2026-10-07T01:07:51.530177+00:00Z  yfinance batch 1: 100/100 with history
2026-10-07T01:07:59.925789+00:00Z  yfinance batch 2: 100/100 with history
2026-10-07T01:08:08.461940+00:00Z  yfinance batch 3: 100/100 with history
2026-10-07T01:08:15.092873+00:00Z  yfinance batch 4: 100/100 with history
2026-10-07T01:08:21.378509+00:00Z  yfinance batch 5: 99/100 with history
2026-10-07T01:08:22.360797+00:00Z  yfinance batch 6: 14/15 with history
2026-10-07T01:08:22.360910+00:00Z  no usable history for 2 names -- ['VYLR', 'PSKY']
2026-10-07T01:10:51.943145+00:00Z  MTD: Cboe fetch failed -- 429 Client Error: Too Many Requests for url: https://cdn-api.cboe.com/api/global/delayed_quotes/options/MTD.json
2026-10-07T01:10:52.303432+00:00Z  GEHC: Cboe fetch failed -- 429 Client Error: Too Many Requests for url: https://cdn.cboe.com/api/global/delayed_quotes/options/GEHC.json
2026-10-07T01:10:52.672449+00:00Z  ZTS: Cboe fetch failed -- 429 Client Error: Too Many Requests for url: https://cdn.cboe.com/api/global/delayed_quotes/options/ZTS.json
2026-10-07T01:10:53.135982+00:00Z  WST: Cboe fetch failed -- 429 Client Error: Too Many Requests for url: https://cdn-api.cboe.com/api/global/delayed_quotes/options/WST.json
2026-10-07T01:10:53.581403+00:00Z  DGX: Cboe fetch failed -- 429 Client Error: Too Many Requests for url: https://cdn-api.cboe.com/api/global/delayed_quotes/options/DGX.json
2026-10-07T01:10:53.942951+00:00Z  LH: Cboe fetch failed -- 429 Client Error: Too Many Requests for url: https://cdn.cboe.com/api/global/delayed_quotes/options/LH.json
2026-10-07T01:10:54.299853+00:00Z  STE: Cboe fetch failed -- 429 Client Error: Too Many Requests for url: https://cdn.cboe.com/api/global/delayed_quotes/options/STE.json
2026-10-07T01:10:54.669445+00:00Z  VTRS: Cboe fetch failed -- 429 Client Error: Too Many Requests for url: https://cdn.cboe.com/api/global/delayed_quotes/options/VTRS.json
2026-10-07T01:10:55.038295+00:00Z  INCY: Cboe fetch failed -- 429 Client Error: Too Many Requests for url: https://cdn.cboe.com/api/global/delayed_quotes/options/INCY.json
2026-10-07T01:10:55.403470+00:00Z  ZBH: Cboe fetch failed -- 429 Client Error: Too Many Requests for url: https://cdn.cboe.com/api/global/delayed_quotes/options/ZBH.json
2026-10-07T01:10:55.769828+00:00Z  RVTY: Cboe fetch failed -- 429 Client Error: Too Many Requests for url: https://cdn.cboe.com/api/global/delayed_quotes/options/RVTY.json
2026-10-07T01:10:56.204332+00:00Z  CRL: Cboe fetch failed -- 429 Client Error: Too Many Requests for url: https://cdn-api.cboe.com/api/global/delayed_quotes/options/CRL.json
2026-10-07T01:10:56.665881+00:00Z  SOLV: Cboe fetch failed -- 429 Client Error: Too Many Requests for url: https://cdn-api.cboe.com/api/global/delayed_quotes/options/SOLV.json
2026-10-07T01:10:57.030706+00:00Z  BAX: Cboe fetch failed -- 429 Client Error: Too Many Requests for url: https://cdn.cboe.com/api/global/delayed_quotes/options/BAX.json
2026-10-07T01:10:57.391851+00:00Z  TECH: Cboe fetch failed -- 429 Client Error: Too Many Requests for url: https://cdn.cboe.com/api/global/delayed_quotes/options/TECH.json
2026-10-07T01:10:57.766634+00:00Z  COO: Cboe fetch failed -- 429 Client Error: Too Many Requests for url: https://cdn.cboe.com/api/global/delayed_quotes/options/COO.json
2026-10-07T01:10:58.139688+00:00Z  ALGN: Cboe fetch failed -- 429 Client Error: Too Many Requests for url: https://cdn.cboe.com/api/global/delayed_quotes/options/ALGN.json
2026-10-07T01:10:58.505377+00:00Z  PODD: Cboe fetch failed -- 429 Client Error: Too Many Requests for url: https://cdn.cboe.com/api/global/delayed_quotes/options/PODD.json
2026-10-07T01:10:58.875836+00:00Z  UHS: Cboe fetch failed -- 429 Client Error: Too Many Requests for url: https://cdn.cboe.com/api/global/delayed_quotes/options/UHS.json
2026-10-07T01:10:59.329755+00:00Z  HSIC: Cboe fetch failed -- 429 Client Error: Too Many Requests for url: https://cdn-api.cboe.com/api/global/delayed_quotes/options/HSIC.json
2026-10-07T01:10:59.699983+00:00Z  DVA: Cboe fetch failed -- 429 Client Error: Too Many Requests for url: https://cdn.cboe.com/api/global/delayed_quotes/options/DVA.json
2026-10-07T01:11:00.715943+00:00Z  TSLA: Cboe fetch failed -- 429 Client Error: Too Many Requests for url: https://cdn.cboe.com/api/global/delayed_quotes/options/TSLA.json
2026-10-07T01:11:01.084134+00:00Z  HD: Cboe fetch failed -- 429 Client Error: Too Many Requests for url: https://cdn.cboe.com/api/global/delayed_quotes/options/HD.json
2026-10-07T01:11:01.454582+00:00Z  MCD: Cboe fetch failed -- 429 Client Error: Too Many Requests for url: https://cdn.cboe.com/api/global/delayed_quotes/options/MCD.json
2026-10-07T01:11:01.817972+00:00Z  TJX: Cboe fetch failed -- 429 Client Error: Too Many Requests for url: https://cdn.cboe.com/api/global/delayed_quotes/options/TJX.json
2026-10-07T01:11:02.180819+00:00Z  BKNG: Cboe fetch failed -- 429 Client Error: Too Many Requests for url: https://cdn.cboe.com/api/global/delayed_quotes/options/BKNG.json
2026-10-07T01:11:02.541931+00:00Z  SBUX: Cboe fetch failed -- 429 Client Error: Too Many Requests for url: https://cdn.cboe.com/api/global/delayed_quotes/options/SBUX.json
2026-10-07T01:11:02.912880+00:00Z  LOW: Cboe fetch failed -- 429 Client Error: Too Many Requests for url: https://cdn.cboe.com/api/global/delayed_quotes/options/LOW.json
2026-10-07T01:11:03.279717+00:00Z  MAR: Cboe fetch failed -- 429 Client Error: Too Many Requests for url: https://cdn.cboe.com/api/global/delayed_quotes/options/MAR.json
2026-10-07T01:11:03.711590+00:00Z  ROST: Cboe fetch failed -- 429 Client Error: Too Many Requests for url: https://cdn-api.cboe.com/api/global/delayed_quotes/options/ROST.json
2026-10-07T01:11:04.078447+00:00Z  HLT: Cboe fetch failed -- 429 Client Error: Too Many Requests for url: https://cdn.cboe.com/api/global/delayed_quotes/options/HLT.json
2026-10-07T01:11:04.441995+00:00Z  GM: Cboe fetch failed -- 429 Client Error: Too Many Requests for url: https://cdn.cboe.com/api/global/delayed_quotes/options/GM.json
2026-10-07T01:11:04.834297+00:00Z  ORLY: Cboe fetch failed -- 429 Client Error: Too Many Requests for url: https://cdn.cboe.com/api/global/delayed_quotes/options/ORLY.json
2026-10-07T01:11:05.267541+00:00Z  DASH: Cboe fetch failed -- 429 Client Error: Too Many Requests for url: https://cdn-api.cboe.com/api/global/delayed_quotes/options/DASH.json
2026-10-07T01:11:05.712038+00:00Z  ABNB: Cboe fetch failed -- 429 Client Error: Too Many Requests for url: https://cdn-api.cboe.com/api/global/delayed_quotes/options/ABNB.json
2026-10-07T01:11:06.077913+00:00Z  RCL: Cboe fetch failed -- 429 Client Error: Too Many Requests for url: https://cdn.cboe.com/api/global/delayed_quotes/options/RCL.json
2026-10-07T01:11:06.502866+00:00Z  F: Cboe fetch failed -- 429 Client Error: Too Many Requests for url: https://cdn-api.cboe.com/api/global/delayed_quotes/options/F.json
2026-10-07T01:11:06.876383+00:00Z  GRMN: Cboe fetch failed -- 429 Client Error: Too Many Requests for url: https://cdn.cboe.com/api/global/delayed_quotes/options/GRMN.json
2026-10-07T01:11:07.248316+00:00Z  AZO: Cboe fetch failed -- 429 Client Error: Too Many Requests for url: https://cdn.cboe.com/api/global/delayed_quotes/options/AZO.json
2026-10-07T01:11:07.721835+00:00Z  CVNA: Cboe fetch failed -- 429 Client Error: Too Many Requests for url: https://cdn-api.cboe.com/api/global/delayed_quotes/options/CVNA.json
2026-10-07T01:11:08.169389+00:00Z  EBAY: Cboe fetch failed -- 429 Client Error: Too Many Requests for url: https://cdn-api.cboe.com/api/global/delayed_quotes/options/EBAY.json
2026-10-07T01:11:08.549157+00:00Z  NKE: Cboe fetch failed -- 429 Client Error: Too Many Requests for url: https://cdn.cboe.com/api/global/delayed_quotes/options/NKE.json
2026-10-07T01:11:08.910898+00:00Z  CMG: Cboe fetch failed -- 429 Client Error: Too Many Requests for url: https://cdn.cboe.com/api/global/delayed_quotes/options/CMG.json
2026-10-07T01:11:09.281027+00:00Z  YUM: Cboe fetch failed -- 429 Client Error: Too Many Requests for url: https://cdn.cboe.com/api/global/delayed_quotes/options/YUM.json
2026-10-07T01:11:09.641579+00:00Z  DHI: Cboe fetch failed -- 429 Client Error: Too Many Requests for url: https://cdn.cboe.com/api/global/delayed_quotes/options/DHI.json
2026-10-07T01:11:10.064065+00:00Z  CCL: Cboe fetch failed -- 429 Client Error: Too Many Requests for url: https://cdn-api.cboe.com/api/global/delayed_quotes/options/CCL.json
2026-10-07T01:11:10.420408+00:00Z  EXPE: Cboe fetch failed -- 429 Client Error: Too Many Requests for url: https://cdn.cboe.com/api/global/delayed_quotes/options/EXPE.json
2026-10-07T01:11:10.796871+00:00Z  WSM: Cboe fetch failed -- 429 Client Error: Too Many Requests for url: https://cdn.cboe.com/api/global/delayed_quotes/options/WSM.json
2026-10-07T01:11:11.242722+00:00Z  TPR: Cboe fetch failed -- 429 Client Error: Too Many Requests for url: https://cdn-api.cboe.com/api/global/delayed_quotes/options/TPR.json
2026-10-07T01:11:11.611775+00:00Z  ULTA: Cboe fetch failed -- 429 Client Error: Too Many Requests for url: https://cdn.cboe.com/api/global/delayed_quotes/options/ULTA.json
2026-10-07T01:11:11.974469+00:00Z  DRI: Cboe fetch failed -- 429 Client Error: Too Many Requests for url: https://cdn.cboe.com/api/global/delayed_quotes/options/DRI.json
2026-10-07T01:11:12.340003+00:00Z  PHM: Cboe fetch failed -- 429 Client Error: Too Many Requests for url: https://cdn.cboe.com/api/global/delayed_quotes/options/PHM.json
2026-10-07T01:11:12.784793+00:00Z  BBY: Cboe fetch failed -- 429 Client Error: Too Many Requests for url: https://cdn-api.cboe.com/api/global/delayed_quotes/options/BBY.json
2026-10-07T01:11:13.154618+00:00Z  GPC: Cboe fetch failed -- 429 Client Error: Too Many Requests for url: https://cdn.cboe.com/api/global/delayed_quotes/options/GPC.json
2026-10-07T01:11:13.523361+00:00Z  TSCO: Cboe fetch failed -- 429 Client Error: Too Many Requests for url: https://cdn.cboe.com/api/global/delayed_quotes/options/TSCO.json
2026-10-07T01:11:14.602838+00:00Z  NVR: Cboe fetch failed -- 429 Client Error: Too Many Requests for url: https://cdn.cboe.com/api/global/delayed_quotes/options/NVR.json
2026-10-07T01:11:15.045554+00:00Z  RL: Cboe fetch failed -- 429 Client Error: Too Many Requests for url: https://cdn-api.cboe.com/api/global/delayed_quotes/options/RL.json
2026-10-07T01:11:15.415132+00:00Z  HAS: Cboe fetch failed -- 429 Client Error: Too Many Requests for url: https://cdn.cboe.com/api/global/delayed_quotes/options/HAS.json
2026-10-07T01:11:15.780020+00:00Z  DECK: Cboe fetch failed -- 429 Client Error: Too Many Requests for url: https://cdn.cboe.com/api/global/delayed_quotes/options/DECK.json
2026-10-07T01:11:16.153672+00:00Z  LULU: Cboe fetch failed -- 429 Client Error: Too Many Requests for url: https://cdn.cboe.com/api/global/delayed_quotes/options/LULU.json
2026-10-07T01:11:16.517889+00:00Z  DPZ: Cboe fetch failed -- 429 Client Error: Too Many Requests for url: https://cdn.cboe.com/api/global/delayed_quotes/options/DPZ.json
2026-10-07T01:11:17.582944+00:00Z  APTV: Cboe fetch failed -- 429 Client Error: Too Many Requests for url: https://cdn.cboe.com/api/global/delayed_quotes/options/APTV.json
2026-10-07T01:11:17.968723+00:00Z  NCLH: Cboe fetch failed -- 429 Client Error: Too Many Requests for url: https://cdn.cboe.com/api/global/delayed_quotes/options/NCLH.json
2026-10-07T01:11:18.336454+00:00Z  WYNN: Cboe fetch failed -- 429 Client Error: Too Many Requests for url: https://cdn.cboe.com/api/global/delayed_quotes/options/WYNN.json
2026-10-07T01:11:18.700110+00:00Z  MGM: Cboe fetch failed -- 429 Client Error: Too Many Requests for url: https://cdn.cboe.com/api/global/delayed_quotes/options/MGM.json
2026-10-07T01:11:19.061461+00:00Z  WMT: Cboe fetch failed -- 429 Client Error: Too Many Requests for url: https://cdn.cboe.com/api/global/delayed_quotes/options/WMT.json
2026-10-07T01:11:19.496252+00:00Z  COST: Cboe fetch failed -- 429 Client Error: Too Many Requests for url: https://cdn-api.cboe.com/api/global/delayed_quotes/options/COST.json
2026-10-07T01:11:19.929493+00:00Z  PG: Cboe fetch failed -- 429 Client Error: Too Many Requests for url: https://cdn-api.cboe.com/api/global/delayed_quotes/options/PG.json
2026-10-07T01:11:20.291801+00:00Z  KO: Cboe fetch failed -- 429 Client Error: Too Many Requests for url: https://cdn.cboe.com/api/global/delayed_quotes/options/KO.json
2026-10-07T01:11:20.721468+00:00Z  PM: Cboe fetch failed -- 429 Client Error: Too Many Requests for url: https://cdn-api.cboe.com/api/global/delayed_quotes/options/PM.json
2026-10-07T01:11:21.154506+00:00Z  TGT: Cboe fetch failed -- 429 Client Error: Too Many Requests for url: https://cdn-api.cboe.com/api/global/delayed_quotes/options/TGT.json
2026-10-07T01:11:21.518115+00:00Z  MO: Cboe fetch failed -- 429 Client Error: Too Many Requests for url: https://cdn.cboe.com/api/global/delayed_quotes/options/MO.json
2026-10-07T01:11:21.885693+00:00Z  CL: Cboe fetch failed -- 429 Client Error: Too Many Requests for url: https://cdn.cboe.com/api/global/delayed_quotes/options/CL.json
2026-10-07T01:11:22.336034+00:00Z  MDLZ: Cboe fetch failed -- 429 Client Error: Too Many Requests for url: https://cdn-api.cboe.com/api/global/delayed_quotes/options/MDLZ.json
2026-10-07T01:11:22.732218+00:00Z  PEP: Cboe fetch failed -- 429 Client Error: Too Many Requests for url: https://cdn.cboe.com/api/global/delayed_quotes/options/PEP.json
2026-10-07T01:11:23.100844+00:00Z  MNST: Cboe fetch failed -- 429 Client Error: Too Many Requests for url: https://cdn.cboe.com/api/global/delayed_quotes/options/MNST.json
2026-10-07T01:11:23.474670+00:00Z  KDP: Cboe fetch failed -- 429 Client Error: Too Many Requests for url: https://cdn.cboe.com/api/global/delayed_quotes/options/KDP.json
2026-10-07T01:11:23.836447+00:00Z  ADM: Cboe fetch failed -- 429 Client Error: Too Many Requests for url: https://cdn.cboe.com/api/global/delayed_quotes/options/ADM.json
2026-10-07T01:11:24.213444+00:00Z  SYY: Cboe fetch failed -- 429 Client Error: Too Many Requests for url: https://cdn.cboe.com/api/global/delayed_quotes/options/SYY.json
2026-10-07T01:11:24.652780+00:00Z  KR: Cboe fetch failed -- 429 Client Error: Too Many Requests for url: https://cdn-api.cboe.com/api/global/delayed_quotes/options/KR.json
2026-10-07T01:11:25.012744+00:00Z  KVUE: Cboe fetch failed -- 429 Client Error: Too Many Requests for url: https://cdn.cboe.com/api/global/delayed_quotes/options/KVUE.json
2026-10-07T01:11:25.376994+00:00Z  KMB: Cboe fetch failed -- 429 Client Error: Too Many Requests for url: https://cdn.cboe.com/api/global/delayed_quotes/options/KMB.json
2026-10-07T01:11:25.746840+00:00Z  DG: Cboe fetch failed -- 429 Client Error: Too Many Requests for url: https://cdn.cboe.com/api/global/delayed_quotes/options/DG.json
2026-10-07T01:11:26.119006+00:00Z  HSY: Cboe fetch failed -- 429 Client Error: Too Many Requests for url: https://cdn.cboe.com/api/global/delayed_quotes/options/HSY.json
2026-10-07T01:11:26.485669+00:00Z  CASY: Cboe fetch failed -- 429 Client Error: Too Many Requests for url: https://cdn.cboe.com/api/global/delayed_quotes/options/CASY.json
2026-10-07T01:11:26.903521+00:00Z  CHD: Cboe fetch failed -- 429 Client Error: Too Many Requests for url: https://cdn-api.cboe.com/api/global/delayed_quotes/options/CHD.json
2026-10-07T01:11:28.014208+00:00Z  DLTR: Cboe fetch failed -- 429 Client Error: Too Many Requests for url: https://cdn-api.cboe.com/api/global/delayed_quotes/options/DLTR.json
2026-10-07T01:11:28.385194+00:00Z  KHC: Cboe fetch failed -- 429 Client Error: Too Many Requests for url: https://cdn.cboe.com/api/global/delayed_quotes/options/KHC.json
2026-10-07T01:11:28.752592+00:00Z  STZ: Cboe fetch failed -- 429 Client Error: Too Many Requests for url: https://cdn.cboe.com/api/global/delayed_quotes/options/STZ.json
2026-10-07T01:11:29.138997+00:00Z  GIS: Cboe fetch failed -- 429 Client Error: Too Many Requests for url: https://cdn.cboe.com/api/global/delayed_quotes/options/GIS.json
2026-10-07T01:11:29.502542+00:00Z  BG: Cboe fetch failed -- 429 Client Error: Too Many Requests for url: https://cdn.cboe.com/api/global/delayed_quotes/options/BG.json
2026-10-07T01:11:29.862541+00:00Z  TSN: Cboe fetch failed -- 429 Client Error: Too Many Requests for url: https://cdn.cboe.com/api/global/delayed_quotes/options/TSN.json
2026-10-07T01:11:30.236115+00:00Z  SJM: Cboe fetch failed -- 429 Client Error: Too Many Requests for url: https://cdn.cboe.com/api/global/delayed_quotes/options/SJM.json
2026-10-07T01:11:30.621122+00:00Z  MKC: Cboe fetch failed -- 429 Client Error: Too Many Requests for url: https://cdn.cboe.com/api/global/delayed_quotes/options/MKC.json
2026-10-07T01:11:30.978698+00:00Z  CLX: Cboe fetch failed -- 429 Client Error: Too Many Requests for url: https://cdn.cboe.com/api/global/delayed_quotes/options/CLX.json
2026-10-07T01:11:31.342086+00:00Z  HRL: Cboe fetch failed -- 429 Client Error: Too Many Requests for url: https://cdn.cboe.com/api/global/delayed_quotes/options/HRL.json
2026-10-07T01:11:31.716837+00:00Z  BF.B: Cboe fetch failed -- 429 Client Error: Too Many Requests for url: https://cdn.cboe.com/api/global/delayed_quotes/options/BF.B.json
2026-10-07T01:11:32.083022+00:00Z  CAT: Cboe fetch failed -- 429 Client Error: Too Many Requests for url: https://cdn.cboe.com/api/global/delayed_quotes/options/CAT.json
2026-10-07T01:11:32.457787+00:00Z  GE: Cboe fetch failed -- 429 Client Error: Too Many Requests for url: https://cdn.cboe.com/api/global/delayed_quotes/options/GE.json
2026-10-07T01:11:32.829586+00:00Z  GEV: Cboe fetch failed -- 429 Client Error: Too Many Requests for url: https://cdn.cboe.com/api/global/delayed_quotes/options/GEV.json
2026-10-07T01:11:33.202704+00:00Z  RTX: Cboe fetch failed -- 429 Client Error: Too Many Requests for url: https://cdn.cboe.com/api/global/delayed_quotes/options/RTX.json
2026-10-07T01:11:33.565750+00:00Z  ETN: Cboe fetch failed -- 429 Client Error: Too Many Requests for url: https://cdn.cboe.com/api/global/delayed_quotes/options/ETN.json
2026-10-07T01:11:33.937112+00:00Z  DE: Cboe fetch failed -- 429 Client Error: Too Many Requests for url: https://cdn.cboe.com/api/global/delayed_quotes/options/DE.json
2026-10-07T01:11:34.308660+00:00Z  UNP: Cboe fetch failed -- 429 Client Error: Too Many Requests for url: https://cdn.cboe.com/api/global/delayed_quotes/options/UNP.json
2026-10-07T01:11:34.669904+00:00Z  BA: Cboe fetch failed -- 429 Client Error: Too Many Requests for url: https://cdn.cboe.com/api/global/delayed_quotes/options/BA.json
2026-10-07T01:11:35.036270+00:00Z  UBER: Cboe fetch failed -- 429 Client Error: Too Many Requests for url: https://cdn.cboe.com/api/global/delayed_quotes/options/UBER.json
2026-10-07T01:11:35.400205+00:00Z  PH: Cboe fetch failed -- 429 Client Error: Too Many Requests for url: https://cdn.cboe.com/api/global/delayed_quotes/options/PH.json
2026-10-07T01:11:35.760215+00:00Z  ADP: Cboe fetch failed -- 429 Client Error: Too Many Requests for url: https://cdn.cboe.com/api/global/delayed_quotes/options/ADP.json
2026-10-07T01:11:36.132598+00:00Z  LMT: Cboe fetch failed -- 429 Client Error: Too Many Requests for url: https://cdn.cboe.com/api/global/delayed_quotes/options/LMT.json
2026-10-07T01:11:36.594771+00:00Z  TT: Cboe fetch failed -- 429 Client Error: Too Many Requests for url: https://cdn-api.cboe.com/api/global/delayed_quotes/options/TT.json
2026-10-07T01:11:37.040213+00:00Z  PWR: Cboe fetch failed -- 429 Client Error: Too Many Requests for url: https://cdn-api.cboe.com/api/global/delayed_quotes/options/PWR.json
2026-10-07T01:11:38.180092+00:00Z  JCI: Cboe fetch failed -- 429 Client Error: Too Many Requests for url: https://cdn.cboe.com/api/global/delayed_quotes/options/JCI.json
2026-10-07T01:11:38.624642+00:00Z  HWM: Cboe fetch failed -- 429 Client Error: Too Many Requests for url: https://cdn-api.cboe.com/api/global/delayed_quotes/options/HWM.json
2026-10-07T01:11:38.984442+00:00Z  EMR: Cboe fetch failed -- 429 Client Error: Too Many Requests for url: https://cdn.cboe.com/api/global/delayed_quotes/options/EMR.json
2026-10-07T01:11:39.446692+00:00Z  CSX: Cboe fetch failed -- 429 Client Error: Too Many Requests for url: https://cdn-api.cboe.com/api/global/delayed_quotes/options/CSX.json
2026-10-07T01:11:39.802920+00:00Z  GD: Cboe fetch failed -- 429 Client Error: Too Many Requests for url: https://cdn.cboe.com/api/global/delayed_quotes/options/GD.json
2026-10-07T01:11:40.171399+00:00Z  MMM: Cboe fetch failed -- 429 Client Error: Too Many Requests for url: https://cdn.cboe.com/api/global/delayed_quotes/options/MMM.json
2026-10-07T01:11:40.548905+00:00Z  BE: Cboe fetch failed -- 429 Client Error: Too Many Requests for url: https://cdn.cboe.com/api/global/delayed_quotes/options/BE.json
2026-10-07T01:11:40.920770+00:00Z  WM: Cboe fetch failed -- 429 Client Error: Too Many Requests for url: https://cdn.cboe.com/api/global/delayed_quotes/options/WM.json
2026-10-07T01:11:41.290299+00:00Z  CMI: Cboe fetch failed -- 429 Client Error: Too Many Requests for url: https://cdn.cboe.com/api/global/delayed_quotes/options/CMI.json
2026-10-07T01:11:41.655672+00:00Z  UPS: Cboe fetch failed -- 429 Client Error: Too Many Requests for url: https://cdn.cboe.com/api/global/delayed_quotes/options/UPS.json
2026-10-07T01:11:42.024582+00:00Z  NSC: Cboe fetch failed -- 429 Client Error: Too Many Requests for url: https://cdn.cboe.com/api/global/delayed_quotes/options/NSC.json
2026-10-07T01:11:42.391122+00:00Z  HON: Cboe fetch failed -- 429 Client Error: Too Many Requests for url: https://cdn.cboe.com/api/global/delayed_quotes/options/HON.json
2026-10-07T01:11:42.761580+00:00Z  ITW: Cboe fetch failed -- 429 Client Error: Too Many Requests for url: https://cdn.cboe.com/api/global/delayed_quotes/options/ITW.json
2026-10-07T01:11:43.129890+00:00Z  CTAS: Cboe fetch failed -- 429 Client Error: Too Many Requests for url: https://cdn.cboe.com/api/global/delayed_quotes/options/CTAS.json
2026-10-07T01:11:44.225939+00:00Z  URI: Cboe fetch failed -- 429 Client Error: Too Many Requests for url: https://cdn.cboe.com/api/global/delayed_quotes/options/URI.json
2026-10-07T01:11:44.589339+00:00Z  FDX: Cboe fetch failed -- 429 Client Error: Too Many Requests for url: https://cdn.cboe.com/api/global/delayed_quotes/options/FDX.json
2026-10-07T01:11:44.947653+00:00Z  TDG: Cboe fetch failed -- 429 Client Error: Too Many Requests for url: https://cdn.cboe.com/api/global/delayed_quotes/options/TDG.json
2026-10-07T01:11:45.336277+00:00Z  FIX: Cboe fetch failed -- 429 Client Error: Too Many Requests for url: https://cdn.cboe.com/api/global/delayed_quotes/options/FIX.json
2026-10-07T01:11:45.711978+00:00Z  PCAR: Cboe fetch failed -- 429 Client Error: Too Many Requests for url: https://cdn.cboe.com/api/global/delayed_quotes/options/PCAR.json
2026-10-07T01:11:46.070936+00:00Z  FAST: Cboe fetch failed -- 429 Client Error: Too Many Requests for url: https://cdn.cboe.com/api/global/delayed_quotes/options/FAST.json
2026-10-07T01:11:46.437776+00:00Z  AME: Cboe fetch failed -- 429 Client Error: Too Many Requests for url: https://cdn.cboe.com/api/global/delayed_quotes/options/AME.json
2026-10-07T01:11:46.797666+00:00Z  GWW: Cboe fetch failed -- 429 Client Error: Too Many Requests for url: https://cdn.cboe.com/api/global/delayed_quotes/options/GWW.json
2026-10-07T01:11:47.179153+00:00Z  DAL: Cboe fetch failed -- 429 Client Error: Too Many Requests for url: https://cdn.cboe.com/api/global/delayed_quotes/options/DAL.json
2026-10-07T01:11:47.544903+00:00Z  ROK: Cboe fetch failed -- 429 Client Error: Too Many Requests for url: https://cdn.cboe.com/api/global/delayed_quotes/options/ROK.json
2026-10-07T01:11:47.908724+00:00Z  HONA: Cboe fetch failed -- 429 Client Error: Too Many Requests for url: https://cdn.cboe.com/api/global/delayed_quotes/options/HONA.json
2026-10-07T01:11:48.277225+00:00Z  WAB: Cboe fetch failed -- 429 Client Error: Too Many Requests for url: https://cdn.cboe.com/api/global/delayed_quotes/options/WAB.json
2026-10-07T01:11:48.664922+00:00Z  CARR: Cboe fetch failed -- 429 Client Error: Too Many Requests for url: https://cdn.cboe.com/api/global/delayed_quotes/options/CARR.json
2026-10-07T01:11:49.034961+00:00Z  LHX: Cboe fetch failed -- 429 Client Error: Too Many Requests for url: https://cdn.cboe.com/api/global/delayed_quotes/options/LHX.json
2026-10-07T01:11:50.162350+00:00Z  RSG: Cboe fetch failed -- 429 Client Error: Too Many Requests for url: https://cdn.cboe.com/api/global/delayed_quotes/options/RSG.json
2026-10-07T01:11:50.521575+00:00Z  UAL: Cboe fetch failed -- 429 Client Error: Too Many Requests for url: https://cdn.cboe.com/api/global/delayed_quotes/options/UAL.json
2026-10-07T01:11:50.881661+00:00Z  AXON: Cboe fetch failed -- 429 Client Error: Too Many Requests for url: https://cdn.cboe.com/api/global/delayed_quotes/options/AXON.json
2026-10-07T01:11:51.247439+00:00Z  EME: Cboe fetch failed -- 429 Client Error: Too Many Requests for url: https://cdn.cboe.com/api/global/delayed_quotes/options/EME.json
2026-10-07T01:11:51.687371+00:00Z  ODFL: Cboe fetch failed -- 429 Client Error: Too Many Requests for url: https://cdn-api.cboe.com/api/global/delayed_quotes/options/ODFL.json
2026-10-07T01:12:21.898446+00:00Z  VYLR: Cboe fetch failed -- 403 Client Error: Forbidden for url: https://cdn-api.cboe.com/api/global/delayed_quotes/options/VYLR.json
2026-10-07T01:12:51.058581+00:00Z  PNW: Cboe fetch failed -- 429 Client Error: Too Many Requests for url: https://cdn.cboe.com/api/global/delayed_quotes/options/PNW.json
2026-10-07T01:12:51.422506+00:00Z  AES: Cboe fetch failed -- 429 Client Error: Too Many Requests for url: https://cdn.cboe.com/api/global/delayed_quotes/options/AES.json
2026-10-07T01:12:51.838708+00:00Z  WELL: Cboe fetch failed -- 429 Client Error: Too Many Requests for url: https://cdn-api.cboe.com/api/global/delayed_quotes/options/WELL.json
2026-10-07T01:12:52.279876+00:00Z  PLD: Cboe fetch failed -- 429 Client Error: Too Many Requests for url: https://cdn-api.cboe.com/api/global/delayed_quotes/options/PLD.json
2026-10-07T01:12:52.644926+00:00Z  EQIX: Cboe fetch failed -- 429 Client Error: Too Many Requests for url: https://cdn.cboe.com/api/global/delayed_quotes/options/EQIX.json
2026-10-07T01:12:53.083932+00:00Z  AMT: Cboe fetch failed -- 429 Client Error: Too Many Requests for url: https://cdn-api.cboe.com/api/global/delayed_quotes/options/AMT.json
2026-10-07T01:12:53.444650+00:00Z  SPG: Cboe fetch failed -- 429 Client Error: Too Many Requests for url: https://cdn.cboe.com/api/global/delayed_quotes/options/SPG.json
2026-10-07T01:12:55.274511+00:00Z  DLR: Cboe fetch failed -- 429 Client Error: Too Many Requests for url: https://cdn.cboe.com/api/global/delayed_quotes/options/DLR.json
2026-10-07T01:12:55.666623+00:00Z  VMRK: Cboe fetch failed -- 429 Client Error: Too Many Requests for url: https://cdn.cboe.com/api/global/delayed_quotes/options/VMRK.json
2026-10-07T01:12:56.031954+00:00Z  CBRE: Cboe fetch failed -- 429 Client Error: Too Many Requests for url: https://cdn.cboe.com/api/global/delayed_quotes/options/CBRE.json
2026-10-07T01:12:57.112577+00:00Z  IRM: Cboe fetch failed -- 429 Client Error: Too Many Requests for url: https://cdn.cboe.com/api/global/delayed_quotes/options/IRM.json
2026-10-07T01:12:57.488346+00:00Z  CCI: Cboe fetch failed -- 429 Client Error: Too Many Requests for url: https://cdn.cboe.com/api/global/delayed_quotes/options/CCI.json
2026-10-07T01:12:57.846576+00:00Z  EXR: Cboe fetch failed -- 429 Client Error: Too Many Requests for url: https://cdn.cboe.com/api/global/delayed_quotes/options/EXR.json
2026-10-07T01:12:58.290344+00:00Z  VICI: Cboe fetch failed -- 429 Client Error: Too Many Requests for url: https://cdn-api.cboe.com/api/global/delayed_quotes/options/VICI.json
2026-10-07T01:12:58.657820+00:00Z  ESS: Cboe fetch failed -- 429 Client Error: Too Many Requests for url: https://cdn.cboe.com/api/global/delayed_quotes/options/ESS.json
2026-10-07T01:12:59.119038+00:00Z  SBAC: Cboe fetch failed -- 429 Client Error: Too Many Requests for url: https://cdn-api.cboe.com/api/global/delayed_quotes/options/SBAC.json
2026-10-07T01:12:59.476147+00:00Z  HST: Cboe fetch failed -- 429 Client Error: Too Many Requests for url: https://cdn.cboe.com/api/global/delayed_quotes/options/HST.json
2026-10-07T01:12:59.835437+00:00Z  KIM: Cboe fetch failed -- 429 Client Error: Too Many Requests for url: https://cdn.cboe.com/api/global/delayed_quotes/options/KIM.json
2026-10-07T01:13:00.203621+00:00Z  INVH: Cboe fetch failed -- 429 Client Error: Too Many Requests for url: https://cdn.cboe.com/api/global/delayed_quotes/options/INVH.json
2026-10-07T01:13:00.565941+00:00Z  MAA: Cboe fetch failed -- 429 Client Error: Too Many Requests for url: https://cdn.cboe.com/api/global/delayed_quotes/options/MAA.json
2026-10-07T01:13:00.926635+00:00Z  DOC: Cboe fetch failed -- 429 Client Error: Too Many Requests for url: https://cdn.cboe.com/api/global/delayed_quotes/options/DOC.json
2026-10-07T01:13:01.375206+00:00Z  WY: Cboe fetch failed -- 429 Client Error: Too Many Requests for url: https://cdn-api.cboe.com/api/global/delayed_quotes/options/WY.json
2026-10-07T01:13:03.218347+00:00Z  UDR: Cboe fetch failed -- 429 Client Error: Too Many Requests for url: https://cdn-api.cboe.com/api/global/delayed_quotes/options/UDR.json
2026-10-07T01:13:03.592156+00:00Z  CPT: Cboe fetch failed -- 429 Client Error: Too Many Requests for url: https://cdn.cboe.com/api/global/delayed_quotes/options/CPT.json
2026-10-07T01:13:04.043625+00:00Z  BXP: Cboe fetch failed -- 429 Client Error: Too Many Requests for url: https://cdn-api.cboe.com/api/global/delayed_quotes/options/BXP.json
2026-10-07T01:13:04.478057+00:00Z  FRT: Cboe fetch failed -- 429 Client Error: Too Many Requests for url: https://cdn-api.cboe.com/api/global/delayed_quotes/options/FRT.json
2026-10-07T01:13:04.848056+00:00Z  ARE: Cboe fetch failed -- 429 Client Error: Too Many Requests for url: https://cdn.cboe.com/api/global/delayed_quotes/options/ARE.json
2026-10-07T01:13:05.228424+00:00Z  META: Cboe fetch failed -- 429 Client Error: Too Many Requests for url: https://cdn.cboe.com/api/global/delayed_quotes/options/META.json
2026-10-07T01:13:05.591537+00:00Z  GOOGL: Cboe fetch failed -- 429 Client Error: Too Many Requests for url: https://cdn.cboe.com/api/global/delayed_quotes/options/GOOGL.json
2026-10-07T01:13:06.017337+00:00Z  GOOG: Cboe fetch failed -- 429 Client Error: Too Many Requests for url: https://cdn-api.cboe.com/api/global/delayed_quotes/options/GOOG.json
2026-10-07T01:13:06.401076+00:00Z  WBD: Cboe fetch failed -- 429 Client Error: Too Many Requests for url: https://cdn.cboe.com/api/global/delayed_quotes/options/WBD.json
2026-10-07T01:13:06.769875+00:00Z  DIS: Cboe fetch failed -- 429 Client Error: Too Many Requests for url: https://cdn.cboe.com/api/global/delayed_quotes/options/DIS.json
2026-10-07T01:13:07.132542+00:00Z  T: Cboe fetch failed -- 429 Client Error: Too Many Requests for url: https://cdn.cboe.com/api/global/delayed_quotes/options/T.json
2026-10-07T01:13:07.499807+00:00Z  TTWO: Cboe fetch failed -- 429 Client Error: Too Many Requests for url: https://cdn.cboe.com/api/global/delayed_quotes/options/TTWO.json
2026-10-07T01:13:07.860194+00:00Z  VZ: Cboe fetch failed -- 429 Client Error: Too Many Requests for url: https://cdn.cboe.com/api/global/delayed_quotes/options/VZ.json
2026-10-07T01:13:08.237751+00:00Z  APP: Cboe fetch failed -- 429 Client Error: Too Many Requests for url: https://cdn.cboe.com/api/global/delayed_quotes/options/APP.json
2026-10-07T01:13:08.696994+00:00Z  TMUS: Cboe fetch failed -- 429 Client Error: Too Many Requests for url: https://cdn-api.cboe.com/api/global/delayed_quotes/options/TMUS.json
2026-10-07T01:13:09.064092+00:00Z  NFLX: Cboe fetch failed -- 429 Client Error: Too Many Requests for url: https://cdn.cboe.com/api/global/delayed_quotes/options/NFLX.json
2026-10-07T01:13:09.432613+00:00Z  CMCSA: Cboe fetch failed -- 429 Client Error: Too Many Requests for url: https://cdn.cboe.com/api/global/delayed_quotes/options/CMCSA.json
2026-10-07T01:13:09.806668+00:00Z  LYV: Cboe fetch failed -- 429 Client Error: Too Many Requests for url: https://cdn.cboe.com/api/global/delayed_quotes/options/LYV.json
2026-10-07T01:13:10.174729+00:00Z  RDDT: Cboe fetch failed -- 429 Client Error: Too Many Requests for url: https://cdn.cboe.com/api/global/delayed_quotes/options/RDDT.json
2026-10-07T01:13:10.536765+00:00Z  OMC: Cboe fetch failed -- 429 Client Error: Too Many Requests for url: https://cdn.cboe.com/api/global/delayed_quotes/options/OMC.json
2026-10-07T01:13:10.977168+00:00Z  CHTR: Cboe fetch failed -- 429 Client Error: Too Many Requests for url: https://cdn-api.cboe.com/api/global/delayed_quotes/options/CHTR.json
2026-10-07T01:13:11.372925+00:00Z  FOXA: Cboe fetch failed -- 429 Client Error: Too Many Requests for url: https://cdn.cboe.com/api/global/delayed_quotes/options/FOXA.json
2026-10-07T01:13:11.805892+00:00Z  ECHO: Cboe fetch failed -- 429 Client Error: Too Many Requests for url: https://cdn-api.cboe.com/api/global/delayed_quotes/options/ECHO.json
2026-10-07T01:13:12.185372+00:00Z  TKO: Cboe fetch failed -- 429 Client Error: Too Many Requests for url: https://cdn.cboe.com/api/global/delayed_quotes/options/TKO.json
2026-10-07T01:13:12.605383+00:00Z  NWSA: Cboe fetch failed -- 429 Client Error: Too Many Requests for url: https://cdn-api.cboe.com/api/global/delayed_quotes/options/NWSA.json
2026-10-07T01:13:12.971155+00:00Z  FOX: Cboe fetch failed -- 429 Client Error: Too Many Requests for url: https://cdn.cboe.com/api/global/delayed_quotes/options/FOX.json
2026-10-07T01:13:13.332606+00:00Z  PSKY: Cboe fetch failed -- 429 Client Error: Too Many Requests for url: https://cdn.cboe.com/api/global/delayed_quotes/options/PSKY.json
2026-10-07T01:13:13.711353+00:00Z  NWS: Cboe fetch failed -- 429 Client Error: Too Many Requests for url: https://cdn.cboe.com/api/global/delayed_quotes/options/NWS.json
2026-10-07T01:13:13.711945+00:00Z  === technicals capture done: 504/504 names captured ===
2026-10-08T06:46:03.683298+00:00Z  dropped 13 non-equity names -- ['-', 'IXPZ6', 'IXAZ6', 'IXTZ6', '2602335D', 'IXCZ6']
2026-10-08T06:46:03.683391+00:00Z  universe: 504 names from fundamentals 2026-10-03
2026-10-08T06:46:03.683534+00:00Z  === technicals capture start (504 names) ===
2026-10-08T06:46:08.995401+00:00Z  yfinance batch 1: 100/100 with history
2026-10-08T06:46:13.028418+00:00Z  yfinance batch 2: 100/100 with history
2026-10-08T06:46:18.966380+00:00Z  yfinance batch 3: 100/100 with history
2026-10-08T06:46:24.869576+00:00Z  yfinance batch 4: 100/100 with history
2026-10-08T06:46:31.188231+00:00Z  yfinance batch 5: 98/100 with history
2026-10-08T06:46:32.146410+00:00Z  yfinance batch 6: 14/15 with history
2026-10-08T06:46:32.146530+00:00Z  no usable history for 3 names -- ['VYLR', 'WBD', 'PSKY']
2026-10-08T06:47:06.815010+00:00Z  CBOE: Cboe fetch failed -- 429 Client Error: Too Many Requests for url: https://cdn.cboe.com/api/global/delayed_quotes/options/CBOE.json
2026-10-08T06:47:07.153105+00:00Z  RJF: Cboe fetch failed -- 429 Client Error: Too Many Requests for url: https://cdn.cboe.com/api/global/delayed_quotes/options/RJF.json
2026-10-08T06:47:07.490115+00:00Z  WTW: Cboe fetch failed -- 429 Client Error: Too Many Requests for url: https://cdn.cboe.com/api/global/delayed_quotes/options/WTW.json
2026-10-08T06:47:07.827264+00:00Z  CFG: Cboe fetch failed -- 429 Client Error: Too Many Requests for url: https://cdn.cboe.com/api/global/delayed_quotes/options/CFG.json
2026-10-08T06:47:08.164451+00:00Z  ARES: Cboe fetch failed -- 429 Client Error: Too Many Requests for url: https://cdn.cboe.com/api/global/delayed_quotes/options/ARES.json
2026-10-08T06:47:08.503808+00:00Z  CPAY: Cboe fetch failed -- 429 Client Error: Too Many Requests for url: https://cdn.cboe.com/api/global/delayed_quotes/options/CPAY.json
2026-10-08T06:47:08.841025+00:00Z  CINF: Cboe fetch failed -- 429 Client Error: Too Many Requests for url: https://cdn.cboe.com/api/global/delayed_quotes/options/CINF.json
2026-10-08T06:47:09.179525+00:00Z  FISV: Cboe fetch failed -- 429 Client Error: Too Many Requests for url: https://cdn.cboe.com/api/global/delayed_quotes/options/FISV.json
2026-10-08T06:47:09.518759+00:00Z  SYF: Cboe fetch failed -- 429 Client Error: Too Many Requests for url: https://cdn.cboe.com/api/global/delayed_quotes/options/SYF.json
2026-10-08T06:47:09.854851+00:00Z  RF: Cboe fetch failed -- 429 Client Error: Too Many Requests for url: https://cdn.cboe.com/api/global/delayed_quotes/options/RF.json
2026-10-08T06:47:10.191710+00:00Z  TROW: Cboe fetch failed -- 429 Client Error: Too Many Requests for url: https://cdn.cboe.com/api/global/delayed_quotes/options/TROW.json
2026-10-08T06:47:10.532614+00:00Z  PFG: Cboe fetch failed -- 429 Client Error: Too Many Requests for url: https://cdn.cboe.com/api/global/delayed_quotes/options/PFG.json
2026-10-08T06:47:10.868735+00:00Z  KEY: Cboe fetch failed -- 429 Client Error: Too Many Requests for url: https://cdn.cboe.com/api/global/delayed_quotes/options/KEY.json
2026-10-08T06:47:11.203805+00:00Z  GPN: Cboe fetch failed -- 429 Client Error: Too Many Requests for url: https://cdn.cboe.com/api/global/delayed_quotes/options/GPN.json
2026-10-08T06:47:11.542680+00:00Z  BRO: Cboe fetch failed -- 429 Client Error: Too Many Requests for url: https://cdn.cboe.com/api/global/delayed_quotes/options/BRO.json
2026-10-08T06:47:11.879093+00:00Z  L: Cboe fetch failed -- 429 Client Error: Too Many Requests for url: https://cdn.cboe.com/api/global/delayed_quotes/options/L.json
2026-10-08T06:47:12.218468+00:00Z  FIS: Cboe fetch failed -- 429 Client Error: Too Many Requests for url: https://cdn.cboe.com/api/global/delayed_quotes/options/FIS.json
2026-10-08T06:47:12.553475+00:00Z  WRB: Cboe fetch failed -- 429 Client Error: Too Many Requests for url: https://cdn.cboe.com/api/global/delayed_quotes/options/WRB.json
2026-10-08T06:47:12.889681+00:00Z  IVZ: Cboe fetch failed -- 429 Client Error: Too Many Requests for url: https://cdn.cboe.com/api/global/delayed_quotes/options/IVZ.json
2026-10-08T06:47:13.225926+00:00Z  EG: Cboe fetch failed -- 429 Client Error: Too Many Requests for url: https://cdn.cboe.com/api/global/delayed_quotes/options/EG.json
2026-10-08T06:47:13.562710+00:00Z  AIZ: Cboe fetch failed -- 429 Client Error: Too Many Requests for url: https://cdn.cboe.com/api/global/delayed_quotes/options/AIZ.json
2026-10-08T06:47:13.900138+00:00Z  GL: Cboe fetch failed -- 429 Client Error: Too Many Requests for url: https://cdn.cboe.com/api/global/delayed_quotes/options/GL.json
2026-10-08T06:47:14.238779+00:00Z  JKHY: Cboe fetch failed -- 429 Client Error: Too Many Requests for url: https://cdn.cboe.com/api/global/delayed_quotes/options/JKHY.json
2026-10-08T06:47:14.578101+00:00Z  FDS: Cboe fetch failed -- 429 Client Error: Too Many Requests for url: https://cdn.cboe.com/api/global/delayed_quotes/options/FDS.json
2026-10-08T06:47:14.914144+00:00Z  BEN: Cboe fetch failed -- 429 Client Error: Too Many Requests for url: https://cdn.cboe.com/api/global/delayed_quotes/options/BEN.json
2026-10-08T06:47:15.254032+00:00Z  ERIE: Cboe fetch failed -- 429 Client Error: Too Many Requests for url: https://cdn.cboe.com/api/global/delayed_quotes/options/ERIE.json
2026-10-08T06:47:15.588279+00:00Z  NVDA: Cboe fetch failed -- 429 Client Error: Too Many Requests for url: https://cdn.cboe.com/api/global/delayed_quotes/options/NVDA.json
2026-10-08T06:47:15.923993+00:00Z  AAPL: Cboe fetch failed -- 429 Client Error: Too Many Requests for url: https://cdn.cboe.com/api/global/delayed_quotes/options/AAPL.json
2026-10-08T06:47:16.259683+00:00Z  MSFT: Cboe fetch failed -- 429 Client Error: Too Many Requests for url: https://cdn.cboe.com/api/global/delayed_quotes/options/MSFT.json
2026-10-08T06:47:16.597788+00:00Z  AMD: Cboe fetch failed -- 429 Client Error: Too Many Requests for url: https://cdn.cboe.com/api/global/delayed_quotes/options/AMD.json
2026-10-08T06:47:16.931597+00:00Z  MU: Cboe fetch failed -- 429 Client Error: Too Many Requests for url: https://cdn.cboe.com/api/global/delayed_quotes/options/MU.json
2026-10-08T06:47:17.267416+00:00Z  AVGO: Cboe fetch failed -- 429 Client Error: Too Many Requests for url: https://cdn.cboe.com/api/global/delayed_quotes/options/AVGO.json
2026-10-08T06:47:17.609672+00:00Z  INTC: Cboe fetch failed -- 429 Client Error: Too Many Requests for url: https://cdn.cboe.com/api/global/delayed_quotes/options/INTC.json
2026-10-08T06:47:17.948466+00:00Z  PLTR: Cboe fetch failed -- 429 Client Error: Too Many Requests for url: https://cdn.cboe.com/api/global/delayed_quotes/options/PLTR.json
2026-10-08T06:47:18.288340+00:00Z  CSCO: Cboe fetch failed -- 429 Client Error: Too Many Requests for url: https://cdn.cboe.com/api/global/delayed_quotes/options/CSCO.json
2026-10-08T06:47:18.624198+00:00Z  LRCX: Cboe fetch failed -- 429 Client Error: Too Many Requests for url: https://cdn.cboe.com/api/global/delayed_quotes/options/LRCX.json
2026-10-08T06:47:18.970881+00:00Z  AMAT: Cboe fetch failed -- 429 Client Error: Too Many Requests for url: https://cdn.cboe.com/api/global/delayed_quotes/options/AMAT.json
2026-10-08T06:47:19.309070+00:00Z  PANW: Cboe fetch failed -- 429 Client Error: Too Many Requests for url: https://cdn.cboe.com/api/global/delayed_quotes/options/PANW.json
2026-10-08T06:47:19.645226+00:00Z  CRWD: Cboe fetch failed -- 429 Client Error: Too Many Requests for url: https://cdn.cboe.com/api/global/delayed_quotes/options/CRWD.json
2026-10-08T06:47:19.989524+00:00Z  KLAC: Cboe fetch failed -- 429 Client Error: Too Many Requests for url: https://cdn.cboe.com/api/global/delayed_quotes/options/KLAC.json
2026-10-08T06:47:20.330296+00:00Z  SNDK: Cboe fetch failed -- 429 Client Error: Too Many Requests for url: https://cdn.cboe.com/api/global/delayed_quotes/options/SNDK.json
2026-10-08T06:47:20.667521+00:00Z  TXN: Cboe fetch failed -- 429 Client Error: Too Many Requests for url: https://cdn.cboe.com/api/global/delayed_quotes/options/TXN.json
2026-10-08T06:47:21.003402+00:00Z  ORCL: Cboe fetch failed -- 429 Client Error: Too Many Requests for url: https://cdn.cboe.com/api/global/delayed_quotes/options/ORCL.json
2026-10-08T06:47:21.339408+00:00Z  MRVL: Cboe fetch failed -- 429 Client Error: Too Many Requests for url: https://cdn.cboe.com/api/global/delayed_quotes/options/MRVL.json
2026-10-08T06:47:21.675121+00:00Z  STX: Cboe fetch failed -- 429 Client Error: Too Many Requests for url: https://cdn.cboe.com/api/global/delayed_quotes/options/STX.json
2026-10-08T06:47:22.011004+00:00Z  ANET: Cboe fetch failed -- 429 Client Error: Too Many Requests for url: https://cdn.cboe.com/api/global/delayed_quotes/options/ANET.json
2026-10-08T06:47:22.346004+00:00Z  IBM: Cboe fetch failed -- 429 Client Error: Too Many Requests for url: https://cdn.cboe.com/api/global/delayed_quotes/options/IBM.json
2026-10-08T06:47:22.681218+00:00Z  APH: Cboe fetch failed -- 429 Client Error: Too Many Requests for url: https://cdn.cboe.com/api/global/delayed_quotes/options/APH.json
2026-10-08T06:47:23.015996+00:00Z  ADI: Cboe fetch failed -- 429 Client Error: Too Many Requests for url: https://cdn.cboe.com/api/global/delayed_quotes/options/ADI.json
2026-10-08T06:47:23.353515+00:00Z  QCOM: Cboe fetch failed -- 429 Client Error: Too Many Requests for url: https://cdn.cboe.com/api/global/delayed_quotes/options/QCOM.json
2026-10-08T06:47:23.689226+00:00Z  CRM: Cboe fetch failed -- 429 Client Error: Too Many Requests for url: https://cdn.cboe.com/api/global/delayed_quotes/options/CRM.json
2026-10-08T06:47:24.029735+00:00Z  WDC: Cboe fetch failed -- 429 Client Error: Too Many Requests for url: https://cdn.cboe.com/api/global/delayed_quotes/options/WDC.json
2026-10-08T06:47:24.366854+00:00Z  DELL: Cboe fetch failed -- 429 Client Error: Too Many Requests for url: https://cdn.cboe.com/api/global/delayed_quotes/options/DELL.json
2026-10-08T06:47:24.706849+00:00Z  NOW: Cboe fetch failed -- 429 Client Error: Too Many Requests for url: https://cdn.cboe.com/api/global/delayed_quotes/options/NOW.json
2026-10-08T06:47:25.043929+00:00Z  ACN: Cboe fetch failed -- 429 Client Error: Too Many Requests for url: https://cdn.cboe.com/api/global/delayed_quotes/options/ACN.json
2026-10-08T06:47:25.378952+00:00Z  GLW: Cboe fetch failed -- 429 Client Error: Too Many Requests for url: https://cdn.cboe.com/api/global/delayed_quotes/options/GLW.json
2026-10-08T06:47:25.719824+00:00Z  FTNT: Cboe fetch failed -- 429 Client Error: Too Many Requests for url: https://cdn.cboe.com/api/global/delayed_quotes/options/FTNT.json
2026-10-08T06:47:26.053373+00:00Z  CDNS: Cboe fetch failed -- 429 Client Error: Too Many Requests for url: https://cdn.cboe.com/api/global/delayed_quotes/options/CDNS.json
2026-10-08T06:47:26.392009+00:00Z  ADBE: Cboe fetch failed -- 429 Client Error: Too Many Requests for url: https://cdn.cboe.com/api/global/delayed_quotes/options/ADBE.json
2026-10-08T06:47:26.730632+00:00Z  SNPS: Cboe fetch failed -- 429 Client Error: Too Many Requests for url: https://cdn.cboe.com/api/global/delayed_quotes/options/SNPS.json
2026-10-08T06:47:27.066242+00:00Z  LITE: Cboe fetch failed -- 429 Client Error: Too Many Requests for url: https://cdn.cboe.com/api/global/delayed_quotes/options/LITE.json
2026-10-08T06:47:27.404455+00:00Z  DDOG: Cboe fetch failed -- 429 Client Error: Too Many Requests for url: https://cdn.cboe.com/api/global/delayed_quotes/options/DDOG.json
2026-10-08T06:47:27.739413+00:00Z  HPE: Cboe fetch failed -- 429 Client Error: Too Many Requests for url: https://cdn.cboe.com/api/global/delayed_quotes/options/HPE.json
2026-10-08T06:47:28.075536+00:00Z  INTU: Cboe fetch failed -- 429 Client Error: Too Many Requests for url: https://cdn.cboe.com/api/global/delayed_quotes/options/INTU.json
2026-10-08T06:47:28.411009+00:00Z  MSI: Cboe fetch failed -- 429 Client Error: Too Many Requests for url: https://cdn.cboe.com/api/global/delayed_quotes/options/MSI.json
2026-10-08T06:47:28.749830+00:00Z  MPWR: Cboe fetch failed -- 429 Client Error: Too Many Requests for url: https://cdn.cboe.com/api/global/delayed_quotes/options/MPWR.json
2026-10-08T06:47:29.088478+00:00Z  TER: Cboe fetch failed -- 429 Client Error: Too Many Requests for url: https://cdn.cboe.com/api/global/delayed_quotes/options/TER.json
2026-10-08T06:47:29.426138+00:00Z  KEYS: Cboe fetch failed -- 429 Client Error: Too Many Requests for url: https://cdn.cboe.com/api/global/delayed_quotes/options/KEYS.json
2026-10-08T06:47:29.764438+00:00Z  TEL: Cboe fetch failed -- 429 Client Error: Too Many Requests for url: https://cdn.cboe.com/api/global/delayed_quotes/options/TEL.json
2026-10-08T06:47:30.100430+00:00Z  COHR: Cboe fetch failed -- 429 Client Error: Too Many Requests for url: https://cdn.cboe.com/api/global/delayed_quotes/options/COHR.json
2026-10-08T06:47:30.435617+00:00Z  NXPI: Cboe fetch failed -- 429 Client Error: Too Many Requests for url: https://cdn.cboe.com/api/global/delayed_quotes/options/NXPI.json
2026-10-08T06:47:30.772438+00:00Z  CIEN: Cboe fetch failed -- 429 Client Error: Too Many Requests for url: https://cdn.cboe.com/api/global/delayed_quotes/options/CIEN.json
2026-10-08T06:47:31.105686+00:00Z  ADSK: Cboe fetch failed -- 429 Client Error: Too Many Requests for url: https://cdn.cboe.com/api/global/delayed_quotes/options/ADSK.json
2026-10-08T06:47:31.444499+00:00Z  P: Cboe fetch failed -- 429 Client Error: Too Many Requests for url: https://cdn.cboe.com/api/global/delayed_quotes/options/P.json
2026-10-08T06:47:31.784691+00:00Z  MCHP: Cboe fetch failed -- 429 Client Error: Too Many Requests for url: https://cdn.cboe.com/api/global/delayed_quotes/options/MCHP.json
2026-10-08T06:47:32.118255+00:00Z  NTAP: Cboe fetch failed -- 429 Client Error: Too Many Requests for url: https://cdn.cboe.com/api/global/delayed_quotes/options/NTAP.json
2026-10-08T06:47:32.452362+00:00Z  FLEX: Cboe fetch failed -- 429 Client Error: Too Many Requests for url: https://cdn.cboe.com/api/global/delayed_quotes/options/FLEX.json
2026-10-08T06:47:32.788667+00:00Z  WDAY: Cboe fetch failed -- 429 Client Error: Too Many Requests for url: https://cdn.cboe.com/api/global/delayed_quotes/options/WDAY.json
2026-10-08T06:47:33.131757+00:00Z  ROP: Cboe fetch failed -- 429 Client Error: Too Many Requests for url: https://cdn.cboe.com/api/global/delayed_quotes/options/ROP.json
2026-10-08T06:47:33.468833+00:00Z  JBL: Cboe fetch failed -- 429 Client Error: Too Many Requests for url: https://cdn.cboe.com/api/global/delayed_quotes/options/JBL.json
2026-10-08T06:47:33.801695+00:00Z  ON: Cboe fetch failed -- 429 Client Error: Too Many Requests for url: https://cdn.cboe.com/api/global/delayed_quotes/options/ON.json
2026-10-08T06:47:34.137845+00:00Z  HPQ: Cboe fetch failed -- 429 Client Error: Too Many Requests for url: https://cdn.cboe.com/api/global/delayed_quotes/options/HPQ.json
2026-10-08T06:47:34.476013+00:00Z  TDY: Cboe fetch failed -- 429 Client Error: Too Many Requests for url: https://cdn.cboe.com/api/global/delayed_quotes/options/TDY.json
2026-10-08T06:47:34.812412+00:00Z  CTSH: Cboe fetch failed -- 429 Client Error: Too Many Requests for url: https://cdn.cboe.com/api/global/delayed_quotes/options/CTSH.json
2026-10-08T06:47:35.149214+00:00Z  Q: Cboe fetch failed -- 429 Client Error: Too Many Requests for url: https://cdn.cboe.com/api/global/delayed_quotes/options/Q.json
2026-10-08T06:47:35.485485+00:00Z  FFIV: Cboe fetch failed -- 429 Client Error: Too Many Requests for url: https://cdn.cboe.com/api/global/delayed_quotes/options/FFIV.json
2026-10-08T06:47:35.821592+00:00Z  SMCI: Cboe fetch failed -- 429 Client Error: Too Many Requests for url: https://cdn.cboe.com/api/global/delayed_quotes/options/SMCI.json
2026-10-08T06:47:36.159365+00:00Z  VRSN: Cboe fetch failed -- 429 Client Error: Too Many Requests for url: https://cdn.cboe.com/api/global/delayed_quotes/options/VRSN.json
2026-10-08T06:47:36.496536+00:00Z  FSLR: Cboe fetch failed -- 429 Client Error: Too Many Requests for url: https://cdn.cboe.com/api/global/delayed_quotes/options/FSLR.json
2026-10-08T06:47:36.834535+00:00Z  ZBRA: Cboe fetch failed -- 429 Client Error: Too Many Requests for url: https://cdn.cboe.com/api/global/delayed_quotes/options/ZBRA.json
2026-10-08T06:47:37.174752+00:00Z  CDW: Cboe fetch failed -- 429 Client Error: Too Many Requests for url: https://cdn.cboe.com/api/global/delayed_quotes/options/CDW.json
2026-10-08T06:47:37.511180+00:00Z  PTC: Cboe fetch failed -- 429 Client Error: Too Many Requests for url: https://cdn.cboe.com/api/global/delayed_quotes/options/PTC.json
2026-10-08T06:47:37.846888+00:00Z  AKAM: Cboe fetch failed -- 429 Client Error: Too Many Requests for url: https://cdn.cboe.com/api/global/delayed_quotes/options/AKAM.json
2026-10-08T06:47:38.185284+00:00Z  FICO: Cboe fetch failed -- 429 Client Error: Too Many Requests for url: https://cdn.cboe.com/api/global/delayed_quotes/options/FICO.json
2026-10-08T06:47:38.520609+00:00Z  TRMB: Cboe fetch failed -- 429 Client Error: Too Many Requests for url: https://cdn.cboe.com/api/global/delayed_quotes/options/TRMB.json
2026-10-08T06:47:38.857916+00:00Z  TYL: Cboe fetch failed -- 429 Client Error: Too Many Requests for url: https://cdn.cboe.com/api/global/delayed_quotes/options/TYL.json
2026-10-08T06:47:39.194015+00:00Z  SWKS: Cboe fetch failed -- 429 Client Error: Too Many Requests for url: https://cdn.cboe.com/api/global/delayed_quotes/options/SWKS.json
2026-10-08T06:47:39.530453+00:00Z  GDDY: Cboe fetch failed -- 429 Client Error: Too Many Requests for url: https://cdn.cboe.com/api/global/delayed_quotes/options/GDDY.json
2026-10-08T06:47:39.863997+00:00Z  IT: Cboe fetch failed -- 429 Client Error: Too Many Requests for url: https://cdn.cboe.com/api/global/delayed_quotes/options/IT.json
2026-10-08T06:47:40.200564+00:00Z  GEN: Cboe fetch failed -- 429 Client Error: Too Many Requests for url: https://cdn.cboe.com/api/global/delayed_quotes/options/GEN.json
2026-10-08T06:47:40.537177+00:00Z  LLY: Cboe fetch failed -- 429 Client Error: Too Many Requests for url: https://cdn.cboe.com/api/global/delayed_quotes/options/LLY.json
2026-10-08T06:47:40.871263+00:00Z  JNJ: Cboe fetch failed -- 429 Client Error: Too Many Requests for url: https://cdn.cboe.com/api/global/delayed_quotes/options/JNJ.json
2026-10-08T06:47:41.210434+00:00Z  ABBV: Cboe fetch failed -- 429 Client Error: Too Many Requests for url: https://cdn.cboe.com/api/global/delayed_quotes/options/ABBV.json
2026-10-08T06:47:41.547892+00:00Z  MRK: Cboe fetch failed -- 429 Client Error: Too Many Requests for url: https://cdn.cboe.com/api/global/delayed_quotes/options/MRK.json
2026-10-08T06:47:41.886544+00:00Z  UNH: Cboe fetch failed -- 429 Client Error: Too Many Requests for url: https://cdn.cboe.com/api/global/delayed_quotes/options/UNH.json
2026-10-08T06:47:42.220619+00:00Z  TMO: Cboe fetch failed -- 429 Client Error: Too Many Requests for url: https://cdn.cboe.com/api/global/delayed_quotes/options/TMO.json
2026-10-08T06:47:42.557477+00:00Z  AMGN: Cboe fetch failed -- 429 Client Error: Too Many Requests for url: https://cdn.cboe.com/api/global/delayed_quotes/options/AMGN.json
2026-10-08T06:47:42.891919+00:00Z  GILD: Cboe fetch failed -- 429 Client Error: Too Many Requests for url: https://cdn.cboe.com/api/global/delayed_quotes/options/GILD.json
2026-10-08T06:47:43.229502+00:00Z  ABT: Cboe fetch failed -- 429 Client Error: Too Many Requests for url: https://cdn.cboe.com/api/global/delayed_quotes/options/ABT.json
2026-10-08T06:47:43.565257+00:00Z  PFE: Cboe fetch failed -- 429 Client Error: Too Many Requests for url: https://cdn.cboe.com/api/global/delayed_quotes/options/PFE.json
2026-10-08T06:47:43.900008+00:00Z  ISRG: Cboe fetch failed -- 429 Client Error: Too Many Requests for url: https://cdn.cboe.com/api/global/delayed_quotes/options/ISRG.json
2026-10-08T06:47:44.235850+00:00Z  DHR: Cboe fetch failed -- 429 Client Error: Too Many Requests for url: https://cdn.cboe.com/api/global/delayed_quotes/options/DHR.json
2026-10-08T06:47:44.570874+00:00Z  VRTX: Cboe fetch failed -- 429 Client Error: Too Many Requests for url: https://cdn.cboe.com/api/global/delayed_quotes/options/VRTX.json
2026-10-08T06:47:44.906110+00:00Z  BMY: Cboe fetch failed -- 429 Client Error: Too Many Requests for url: https://cdn.cboe.com/api/global/delayed_quotes/options/BMY.json
2026-10-08T06:47:45.245399+00:00Z  MDT: Cboe fetch failed -- 429 Client Error: Too Many Requests for url: https://cdn.cboe.com/api/global/delayed_quotes/options/MDT.json
2026-10-08T06:47:45.583944+00:00Z  CVS: Cboe fetch failed -- 429 Client Error: Too Many Requests for url: https://cdn.cboe.com/api/global/delayed_quotes/options/CVS.json
2026-10-08T06:47:45.917777+00:00Z  MCK: Cboe fetch failed -- 429 Client Error: Too Many Requests for url: https://cdn.cboe.com/api/global/delayed_quotes/options/MCK.json
2026-10-08T06:47:46.253557+00:00Z  SYK: Cboe fetch failed -- 429 Client Error: Too Many Requests for url: https://cdn.cboe.com/api/global/delayed_quotes/options/SYK.json
2026-10-08T06:47:46.586988+00:00Z  ELV: Cboe fetch failed -- 429 Client Error: Too Many Requests for url: https://cdn.cboe.com/api/global/delayed_quotes/options/ELV.json
2026-10-08T06:47:46.925183+00:00Z  REGN: Cboe fetch failed -- 429 Client Error: Too Many Requests for url: https://cdn.cboe.com/api/global/delayed_quotes/options/REGN.json
2026-10-08T06:47:47.260854+00:00Z  CI: Cboe fetch failed -- 429 Client Error: Too Many Requests for url: https://cdn.cboe.com/api/global/delayed_quotes/options/CI.json
2026-10-08T06:47:47.597078+00:00Z  MRNA: Cboe fetch failed -- 429 Client Error: Too Many Requests for url: https://cdn.cboe.com/api/global/delayed_quotes/options/MRNA.json
2026-10-08T06:47:47.929752+00:00Z  BSX: Cboe fetch failed -- 429 Client Error: Too Many Requests for url: https://cdn.cboe.com/api/global/delayed_quotes/options/BSX.json
2026-10-08T06:47:48.267229+00:00Z  HCA: Cboe fetch failed -- 429 Client Error: Too Many Requests for url: https://cdn.cboe.com/api/global/delayed_quotes/options/HCA.json
2026-10-08T06:47:48.602878+00:00Z  COR: Cboe fetch failed -- 429 Client Error: Too Many Requests for url: https://cdn.cboe.com/api/global/delayed_quotes/options/COR.json
2026-10-08T06:47:48.938083+00:00Z  CAH: Cboe fetch failed -- 429 Client Error: Too Many Requests for url: https://cdn.cboe.com/api/global/delayed_quotes/options/CAH.json
2026-10-08T06:47:49.274309+00:00Z  EW: Cboe fetch failed -- 429 Client Error: Too Many Requests for url: https://cdn.cboe.com/api/global/delayed_quotes/options/EW.json
2026-10-08T06:47:49.609215+00:00Z  BDX: Cboe fetch failed -- 429 Client Error: Too Many Requests for url: https://cdn.cboe.com/api/global/delayed_quotes/options/BDX.json
2026-10-08T06:47:49.944950+00:00Z  A: Cboe fetch failed -- 429 Client Error: Too Many Requests for url: https://cdn.cboe.com/api/global/delayed_quotes/options/A.json
2026-10-08T06:47:50.281523+00:00Z  HUM: Cboe fetch failed -- 429 Client Error: Too Many Requests for url: https://cdn.cboe.com/api/global/delayed_quotes/options/HUM.json
2026-10-08T06:47:50.618495+00:00Z  IQV: Cboe fetch failed -- 429 Client Error: Too Many Requests for url: https://cdn.cboe.com/api/global/delayed_quotes/options/IQV.json
2026-10-08T06:47:50.955321+00:00Z  VEEV: Cboe fetch failed -- 429 Client Error: Too Many Requests for url: https://cdn.cboe.com/api/global/delayed_quotes/options/VEEV.json
2026-10-08T06:47:51.293938+00:00Z  WAT: Cboe fetch failed -- 429 Client Error: Too Many Requests for url: https://cdn.cboe.com/api/global/delayed_quotes/options/WAT.json
2026-10-08T06:47:51.627647+00:00Z  IDXX: Cboe fetch failed -- 429 Client Error: Too Many Requests for url: https://cdn.cboe.com/api/global/delayed_quotes/options/IDXX.json
2026-10-08T06:47:51.968249+00:00Z  ILMN: Cboe fetch failed -- 429 Client Error: Too Many Requests for url: https://cdn.cboe.com/api/global/delayed_quotes/options/ILMN.json
2026-10-08T06:47:52.304649+00:00Z  BIIB: Cboe fetch failed -- 429 Client Error: Too Many Requests for url: https://cdn.cboe.com/api/global/delayed_quotes/options/BIIB.json
2026-10-08T06:47:52.641327+00:00Z  DXCM: Cboe fetch failed -- 429 Client Error: Too Many Requests for url: https://cdn.cboe.com/api/global/delayed_quotes/options/DXCM.json
2026-10-08T06:47:52.981327+00:00Z  RMD: Cboe fetch failed -- 429 Client Error: Too Many Requests for url: https://cdn.cboe.com/api/global/delayed_quotes/options/RMD.json
2026-10-08T06:47:53.319913+00:00Z  CNC: Cboe fetch failed -- 429 Client Error: Too Many Requests for url: https://cdn.cboe.com/api/global/delayed_quotes/options/CNC.json
2026-10-08T06:47:53.659244+00:00Z  MTD: Cboe fetch failed -- 429 Client Error: Too Many Requests for url: https://cdn.cboe.com/api/global/delayed_quotes/options/MTD.json
2026-10-08T06:47:53.994922+00:00Z  GEHC: Cboe fetch failed -- 429 Client Error: Too Many Requests for url: https://cdn.cboe.com/api/global/delayed_quotes/options/GEHC.json
2026-10-08T06:47:54.331660+00:00Z  ZTS: Cboe fetch failed -- 429 Client Error: Too Many Requests for url: https://cdn.cboe.com/api/global/delayed_quotes/options/ZTS.json
2026-10-08T06:47:54.665771+00:00Z  WST: Cboe fetch failed -- 429 Client Error: Too Many Requests for url: https://cdn.cboe.com/api/global/delayed_quotes/options/WST.json
2026-10-08T06:47:55.001382+00:00Z  DGX: Cboe fetch failed -- 429 Client Error: Too Many Requests for url: https://cdn.cboe.com/api/global/delayed_quotes/options/DGX.json
2026-10-08T06:47:55.337103+00:00Z  LH: Cboe fetch failed -- 429 Client Error: Too Many Requests for url: https://cdn.cboe.com/api/global/delayed_quotes/options/LH.json
2026-10-08T06:47:55.672996+00:00Z  STE: Cboe fetch failed -- 429 Client Error: Too Many Requests for url: https://cdn.cboe.com/api/global/delayed_quotes/options/STE.json
2026-10-08T06:47:56.009811+00:00Z  VTRS: Cboe fetch failed -- 429 Client Error: Too Many Requests for url: https://cdn.cboe.com/api/global/delayed_quotes/options/VTRS.json
2026-10-08T06:47:56.348762+00:00Z  INCY: Cboe fetch failed -- 429 Client Error: Too Many Requests for url: https://cdn.cboe.com/api/global/delayed_quotes/options/INCY.json
2026-10-08T06:47:56.688016+00:00Z  ZBH: Cboe fetch failed -- 429 Client Error: Too Many Requests for url: https://cdn.cboe.com/api/global/delayed_quotes/options/ZBH.json
2026-10-08T06:47:57.024228+00:00Z  RVTY: Cboe fetch failed -- 429 Client Error: Too Many Requests for url: https://cdn.cboe.com/api/global/delayed_quotes/options/RVTY.json
2026-10-08T06:47:57.358214+00:00Z  CRL: Cboe fetch failed -- 429 Client Error: Too Many Requests for url: https://cdn.cboe.com/api/global/delayed_quotes/options/CRL.json
2026-10-08T06:47:57.696293+00:00Z  SOLV: Cboe fetch failed -- 429 Client Error: Too Many Requests for url: https://cdn.cboe.com/api/global/delayed_quotes/options/SOLV.json
2026-10-08T06:47:58.036345+00:00Z  BAX: Cboe fetch failed -- 429 Client Error: Too Many Requests for url: https://cdn.cboe.com/api/global/delayed_quotes/options/BAX.json
2026-10-08T06:47:58.372637+00:00Z  TECH: Cboe fetch failed -- 429 Client Error: Too Many Requests for url: https://cdn.cboe.com/api/global/delayed_quotes/options/TECH.json
2026-10-08T06:47:58.709905+00:00Z  COO: Cboe fetch failed -- 429 Client Error: Too Many Requests for url: https://cdn.cboe.com/api/global/delayed_quotes/options/COO.json
2026-10-08T06:47:59.046917+00:00Z  ALGN: Cboe fetch failed -- 429 Client Error: Too Many Requests for url: https://cdn.cboe.com/api/global/delayed_quotes/options/ALGN.json
2026-10-08T06:47:59.395082+00:00Z  PODD: Cboe fetch failed -- 429 Client Error: Too Many Requests for url: https://cdn.cboe.com/api/global/delayed_quotes/options/PODD.json
2026-10-08T06:47:59.729503+00:00Z  UHS: Cboe fetch failed -- 429 Client Error: Too Many Requests for url: https://cdn.cboe.com/api/global/delayed_quotes/options/UHS.json
2026-10-08T06:48:00.064624+00:00Z  HSIC: Cboe fetch failed -- 429 Client Error: Too Many Requests for url: https://cdn.cboe.com/api/global/delayed_quotes/options/HSIC.json
2026-10-08T06:48:00.398127+00:00Z  DVA: Cboe fetch failed -- 429 Client Error: Too Many Requests for url: https://cdn.cboe.com/api/global/delayed_quotes/options/DVA.json
2026-10-08T06:48:00.735324+00:00Z  AMZN: Cboe fetch failed -- 429 Client Error: Too Many Requests for url: https://cdn.cboe.com/api/global/delayed_quotes/options/AMZN.json
2026-10-08T06:48:01.071461+00:00Z  TSLA: Cboe fetch failed -- 429 Client Error: Too Many Requests for url: https://cdn.cboe.com/api/global/delayed_quotes/options/TSLA.json
2026-10-08T06:48:01.411220+00:00Z  HD: Cboe fetch failed -- 429 Client Error: Too Many Requests for url: https://cdn.cboe.com/api/global/delayed_quotes/options/HD.json
2026-10-08T06:48:01.748785+00:00Z  MCD: Cboe fetch failed -- 429 Client Error: Too Many Requests for url: https://cdn.cboe.com/api/global/delayed_quotes/options/MCD.json
2026-10-08T06:48:02.085366+00:00Z  TJX: Cboe fetch failed -- 429 Client Error: Too Many Requests for url: https://cdn.cboe.com/api/global/delayed_quotes/options/TJX.json
2026-10-08T06:48:02.423858+00:00Z  BKNG: Cboe fetch failed -- 429 Client Error: Too Many Requests for url: https://cdn.cboe.com/api/global/delayed_quotes/options/BKNG.json
2026-10-08T06:48:02.756904+00:00Z  SBUX: Cboe fetch failed -- 429 Client Error: Too Many Requests for url: https://cdn.cboe.com/api/global/delayed_quotes/options/SBUX.json
2026-10-08T06:48:03.094380+00:00Z  LOW: Cboe fetch failed -- 429 Client Error: Too Many Requests for url: https://cdn.cboe.com/api/global/delayed_quotes/options/LOW.json
2026-10-08T06:48:03.433741+00:00Z  MAR: Cboe fetch failed -- 429 Client Error: Too Many Requests for url: https://cdn.cboe.com/api/global/delayed_quotes/options/MAR.json
2026-10-08T06:48:03.769191+00:00Z  ROST: Cboe fetch failed -- 429 Client Error: Too Many Requests for url: https://cdn.cboe.com/api/global/delayed_quotes/options/ROST.json
2026-10-08T06:48:04.108593+00:00Z  HLT: Cboe fetch failed -- 429 Client Error: Too Many Requests for url: https://cdn.cboe.com/api/global/delayed_quotes/options/HLT.json
2026-10-08T06:48:04.444496+00:00Z  GM: Cboe fetch failed -- 429 Client Error: Too Many Requests for url: https://cdn.cboe.com/api/global/delayed_quotes/options/GM.json
2026-10-08T06:48:04.781670+00:00Z  ORLY: Cboe fetch failed -- 429 Client Error: Too Many Requests for url: https://cdn.cboe.com/api/global/delayed_quotes/options/ORLY.json
2026-10-08T06:48:05.118098+00:00Z  DASH: Cboe fetch failed -- 429 Client Error: Too Many Requests for url: https://cdn.cboe.com/api/global/delayed_quotes/options/DASH.json
2026-10-08T06:48:05.455790+00:00Z  ABNB: Cboe fetch failed -- 429 Client Error: Too Many Requests for url: https://cdn.cboe.com/api/global/delayed_quotes/options/ABNB.json
2026-10-08T06:48:05.792000+00:00Z  RCL: Cboe fetch failed -- 429 Client Error: Too Many Requests for url: https://cdn.cboe.com/api/global/delayed_quotes/options/RCL.json
2026-10-08T06:48:06.129610+00:00Z  F: Cboe fetch failed -- 429 Client Error: Too Many Requests for url: https://cdn.cboe.com/api/global/delayed_quotes/options/F.json
2026-10-08T06:48:06.464193+00:00Z  GRMN: Cboe fetch failed -- 429 Client Error: Too Many Requests for url: https://cdn.cboe.com/api/global/delayed_quotes/options/GRMN.json
2026-10-08T06:48:06.801940+00:00Z  AZO: Cboe fetch failed -- 429 Client Error: Too Many Requests for url: https://cdn.cboe.com/api/global/delayed_quotes/options/AZO.json
2026-10-08T06:48:15.515444+00:00Z  NVR: Cboe fetch failed -- 403 Client Error: Forbidden for url: https://cdn-api.cboe.com/api/global/delayed_quotes/options/NVR.json
2026-10-08T06:48:34.169233+00:00Z  SJM: Cboe fetch failed -- 429 Client Error: Too Many Requests for url: https://cdn.cboe.com/api/global/delayed_quotes/options/SJM.json
2026-10-08T06:48:34.509297+00:00Z  MKC: Cboe fetch failed -- 429 Client Error: Too Many Requests for url: https://cdn.cboe.com/api/global/delayed_quotes/options/MKC.json
2026-10-08T06:48:34.848578+00:00Z  CLX: Cboe fetch failed -- 429 Client Error: Too Many Requests for url: https://cdn.cboe.com/api/global/delayed_quotes/options/CLX.json
2026-10-08T06:48:35.187220+00:00Z  HRL: Cboe fetch failed -- 429 Client Error: Too Many Requests for url: https://cdn.cboe.com/api/global/delayed_quotes/options/HRL.json
2026-10-08T06:48:35.521897+00:00Z  BF.B: Cboe fetch failed -- 429 Client Error: Too Many Requests for url: https://cdn.cboe.com/api/global/delayed_quotes/options/BF.B.json
2026-10-08T06:48:35.858838+00:00Z  CAT: Cboe fetch failed -- 429 Client Error: Too Many Requests for url: https://cdn.cboe.com/api/global/delayed_quotes/options/CAT.json
2026-10-08T06:48:36.196111+00:00Z  GE: Cboe fetch failed -- 429 Client Error: Too Many Requests for url: https://cdn.cboe.com/api/global/delayed_quotes/options/GE.json
2026-10-08T06:48:36.533986+00:00Z  GEV: Cboe fetch failed -- 429 Client Error: Too Many Requests for url: https://cdn.cboe.com/api/global/delayed_quotes/options/GEV.json
2026-10-08T06:48:36.874801+00:00Z  RTX: Cboe fetch failed -- 429 Client Error: Too Many Requests for url: https://cdn.cboe.com/api/global/delayed_quotes/options/RTX.json
2026-10-08T06:48:37.212437+00:00Z  ETN: Cboe fetch failed -- 429 Client Error: Too Many Requests for url: https://cdn.cboe.com/api/global/delayed_quotes/options/ETN.json
2026-10-08T06:48:37.548860+00:00Z  DE: Cboe fetch failed -- 429 Client Error: Too Many Requests for url: https://cdn.cboe.com/api/global/delayed_quotes/options/DE.json
2026-10-08T06:48:37.922739+00:00Z  UNP: Cboe fetch failed -- 429 Client Error: Too Many Requests for url: https://cdn-api.cboe.com/api/global/delayed_quotes/options/UNP.json
2026-10-08T06:48:38.262726+00:00Z  BA: Cboe fetch failed -- 429 Client Error: Too Many Requests for url: https://cdn.cboe.com/api/global/delayed_quotes/options/BA.json
2026-10-08T06:48:38.599142+00:00Z  UBER: Cboe fetch failed -- 429 Client Error: Too Many Requests for url: https://cdn.cboe.com/api/global/delayed_quotes/options/UBER.json
2026-10-08T06:48:38.933378+00:00Z  PH: Cboe fetch failed -- 429 Client Error: Too Many Requests for url: https://cdn.cboe.com/api/global/delayed_quotes/options/PH.json
2026-10-08T06:48:39.270976+00:00Z  ADP: Cboe fetch failed -- 429 Client Error: Too Many Requests for url: https://cdn.cboe.com/api/global/delayed_quotes/options/ADP.json
2026-10-08T06:48:39.614994+00:00Z  LMT: Cboe fetch failed -- 429 Client Error: Too Many Requests for url: https://cdn.cboe.com/api/global/delayed_quotes/options/LMT.json
2026-10-08T06:48:39.953696+00:00Z  TT: Cboe fetch failed -- 429 Client Error: Too Many Requests for url: https://cdn.cboe.com/api/global/delayed_quotes/options/TT.json
2026-10-08T06:48:40.291379+00:00Z  PWR: Cboe fetch failed -- 429 Client Error: Too Many Requests for url: https://cdn.cboe.com/api/global/delayed_quotes/options/PWR.json
2026-10-08T06:48:40.627536+00:00Z  VRT: Cboe fetch failed -- 429 Client Error: Too Many Requests for url: https://cdn.cboe.com/api/global/delayed_quotes/options/VRT.json
2026-10-08T06:48:40.960527+00:00Z  JCI: Cboe fetch failed -- 429 Client Error: Too Many Requests for url: https://cdn.cboe.com/api/global/delayed_quotes/options/JCI.json
2026-10-08T06:48:41.294938+00:00Z  HWM: Cboe fetch failed -- 429 Client Error: Too Many Requests for url: https://cdn.cboe.com/api/global/delayed_quotes/options/HWM.json
2026-10-08T06:48:41.631571+00:00Z  EMR: Cboe fetch failed -- 429 Client Error: Too Many Requests for url: https://cdn.cboe.com/api/global/delayed_quotes/options/EMR.json
2026-10-08T06:48:41.972378+00:00Z  CSX: Cboe fetch failed -- 429 Client Error: Too Many Requests for url: https://cdn.cboe.com/api/global/delayed_quotes/options/CSX.json
2026-10-08T06:48:42.313280+00:00Z  GD: Cboe fetch failed -- 429 Client Error: Too Many Requests for url: https://cdn.cboe.com/api/global/delayed_quotes/options/GD.json
2026-10-08T06:48:42.652696+00:00Z  MMM: Cboe fetch failed -- 429 Client Error: Too Many Requests for url: https://cdn.cboe.com/api/global/delayed_quotes/options/MMM.json
2026-10-08T06:48:42.992984+00:00Z  BE: Cboe fetch failed -- 429 Client Error: Too Many Requests for url: https://cdn.cboe.com/api/global/delayed_quotes/options/BE.json
2026-10-08T06:48:43.327661+00:00Z  WM: Cboe fetch failed -- 429 Client Error: Too Many Requests for url: https://cdn.cboe.com/api/global/delayed_quotes/options/WM.json
2026-10-08T06:48:43.665931+00:00Z  CMI: Cboe fetch failed -- 429 Client Error: Too Many Requests for url: https://cdn.cboe.com/api/global/delayed_quotes/options/CMI.json
2026-10-08T06:48:44.002584+00:00Z  UPS: Cboe fetch failed -- 429 Client Error: Too Many Requests for url: https://cdn.cboe.com/api/global/delayed_quotes/options/UPS.json
2026-10-08T06:48:44.342565+00:00Z  NSC: Cboe fetch failed -- 429 Client Error: Too Many Requests for url: https://cdn.cboe.com/api/global/delayed_quotes/options/NSC.json
2026-10-08T06:48:44.678267+00:00Z  HON: Cboe fetch failed -- 429 Client Error: Too Many Requests for url: https://cdn.cboe.com/api/global/delayed_quotes/options/HON.json
2026-10-08T06:48:45.015854+00:00Z  ITW: Cboe fetch failed -- 429 Client Error: Too Many Requests for url: https://cdn.cboe.com/api/global/delayed_quotes/options/ITW.json
2026-10-08T06:48:45.352921+00:00Z  CTAS: Cboe fetch failed -- 429 Client Error: Too Many Requests for url: https://cdn.cboe.com/api/global/delayed_quotes/options/CTAS.json
2026-10-08T06:48:45.725976+00:00Z  NOC: Cboe fetch failed -- 429 Client Error: Too Many Requests for url: https://cdn-api.cboe.com/api/global/delayed_quotes/options/NOC.json
2026-10-08T06:48:46.064333+00:00Z  URI: Cboe fetch failed -- 429 Client Error: Too Many Requests for url: https://cdn.cboe.com/api/global/delayed_quotes/options/URI.json
2026-10-08T06:48:46.403558+00:00Z  FDX: Cboe fetch failed -- 429 Client Error: Too Many Requests for url: https://cdn.cboe.com/api/global/delayed_quotes/options/FDX.json
2026-10-08T06:48:46.740199+00:00Z  TDG: Cboe fetch failed -- 429 Client Error: Too Many Requests for url: https://cdn.cboe.com/api/global/delayed_quotes/options/TDG.json
2026-10-08T06:48:47.076678+00:00Z  FIX: Cboe fetch failed -- 429 Client Error: Too Many Requests for url: https://cdn.cboe.com/api/global/delayed_quotes/options/FIX.json
2026-10-08T06:48:47.409750+00:00Z  PCAR: Cboe fetch failed -- 429 Client Error: Too Many Requests for url: https://cdn.cboe.com/api/global/delayed_quotes/options/PCAR.json
2026-10-08T06:48:47.742388+00:00Z  FAST: Cboe fetch failed -- 429 Client Error: Too Many Requests for url: https://cdn.cboe.com/api/global/delayed_quotes/options/FAST.json
2026-10-08T06:48:48.077324+00:00Z  AME: Cboe fetch failed -- 429 Client Error: Too Many Requests for url: https://cdn.cboe.com/api/global/delayed_quotes/options/AME.json
2026-10-08T06:48:48.411931+00:00Z  GWW: Cboe fetch failed -- 429 Client Error: Too Many Requests for url: https://cdn.cboe.com/api/global/delayed_quotes/options/GWW.json
2026-10-08T06:48:48.750878+00:00Z  DAL: Cboe fetch failed -- 429 Client Error: Too Many Requests for url: https://cdn.cboe.com/api/global/delayed_quotes/options/DAL.json
2026-10-08T06:48:49.089292+00:00Z  ROK: Cboe fetch failed -- 429 Client Error: Too Many Requests for url: https://cdn.cboe.com/api/global/delayed_quotes/options/ROK.json
2026-10-08T06:48:49.425558+00:00Z  HONA: Cboe fetch failed -- 429 Client Error: Too Many Requests for url: https://cdn.cboe.com/api/global/delayed_quotes/options/HONA.json
2026-10-08T06:48:49.760957+00:00Z  WAB: Cboe fetch failed -- 429 Client Error: Too Many Requests for url: https://cdn.cboe.com/api/global/delayed_quotes/options/WAB.json
2026-10-08T06:48:50.096789+00:00Z  CARR: Cboe fetch failed -- 429 Client Error: Too Many Requests for url: https://cdn.cboe.com/api/global/delayed_quotes/options/CARR.json
2026-10-08T06:48:50.434992+00:00Z  LHX: Cboe fetch failed -- 429 Client Error: Too Many Requests for url: https://cdn.cboe.com/api/global/delayed_quotes/options/LHX.json
2026-10-08T06:48:50.774726+00:00Z  FERG: Cboe fetch failed -- 429 Client Error: Too Many Requests for url: https://cdn.cboe.com/api/global/delayed_quotes/options/FERG.json
2026-10-08T06:48:51.113632+00:00Z  RSG: Cboe fetch failed -- 429 Client Error: Too Many Requests for url: https://cdn.cboe.com/api/global/delayed_quotes/options/RSG.json
2026-10-08T06:48:51.449472+00:00Z  UAL: Cboe fetch failed -- 429 Client Error: Too Many Requests for url: https://cdn.cboe.com/api/global/delayed_quotes/options/UAL.json
2026-10-08T06:48:51.788290+00:00Z  AXON: Cboe fetch failed -- 429 Client Error: Too Many Requests for url: https://cdn.cboe.com/api/global/delayed_quotes/options/AXON.json
2026-10-08T06:48:52.122611+00:00Z  EME: Cboe fetch failed -- 429 Client Error: Too Many Requests for url: https://cdn.cboe.com/api/global/delayed_quotes/options/EME.json
2026-10-08T06:48:52.458064+00:00Z  ODFL: Cboe fetch failed -- 429 Client Error: Too Many Requests for url: https://cdn.cboe.com/api/global/delayed_quotes/options/ODFL.json
2026-10-08T06:48:52.795914+00:00Z  PAYX: Cboe fetch failed -- 429 Client Error: Too Many Requests for url: https://cdn.cboe.com/api/global/delayed_quotes/options/PAYX.json
2026-10-08T06:48:53.132122+00:00Z  IR: Cboe fetch failed -- 429 Client Error: Too Many Requests for url: https://cdn.cboe.com/api/global/delayed_quotes/options/IR.json
2026-10-08T06:48:53.468213+00:00Z  DOV: Cboe fetch failed -- 429 Client Error: Too Many Requests for url: https://cdn.cboe.com/api/global/delayed_quotes/options/DOV.json
2026-10-08T06:48:53.802737+00:00Z  HUBB: Cboe fetch failed -- 429 Client Error: Too Many Requests for url: https://cdn.cboe.com/api/global/delayed_quotes/options/HUBB.json
2026-10-08T06:48:54.139517+00:00Z  OTIS: Cboe fetch failed -- 429 Client Error: Too Many Requests for url: https://cdn.cboe.com/api/global/delayed_quotes/options/OTIS.json
2026-10-08T06:48:54.477117+00:00Z  EXPD: Cboe fetch failed -- 429 Client Error: Too Many Requests for url: https://cdn.cboe.com/api/global/delayed_quotes/options/EXPD.json
2026-10-08T06:48:54.813726+00:00Z  XYL: Cboe fetch failed -- 429 Client Error: Too Many Requests for url: https://cdn.cboe.com/api/global/delayed_quotes/options/XYL.json
2026-10-08T06:48:55.145720+00:00Z  VLTO: Cboe fetch failed -- 429 Client Error: Too Many Requests for url: https://cdn.cboe.com/api/global/delayed_quotes/options/VLTO.json
2026-10-08T06:48:55.481810+00:00Z  CPRT: Cboe fetch failed -- 429 Client Error: Too Many Requests for url: https://cdn.cboe.com/api/global/delayed_quotes/options/CPRT.json
2026-10-08T06:48:55.817496+00:00Z  VRSK: Cboe fetch failed -- 429 Client Error: Too Many Requests for url: https://cdn.cboe.com/api/global/delayed_quotes/options/VRSK.json
2026-10-08T06:48:56.150917+00:00Z  LUV: Cboe fetch failed -- 429 Client Error: Too Many Requests for url: https://cdn.cboe.com/api/global/delayed_quotes/options/LUV.json
2026-10-08T06:48:56.485458+00:00Z  SNA: Cboe fetch failed -- 429 Client Error: Too Many Requests for url: https://cdn.cboe.com/api/global/delayed_quotes/options/SNA.json
2026-10-08T06:48:56.824603+00:00Z  BR: Cboe fetch failed -- 429 Client Error: Too Many Requests for url: https://cdn.cboe.com/api/global/delayed_quotes/options/BR.json
2026-10-08T06:48:57.160844+00:00Z  CHRW: Cboe fetch failed -- 429 Client Error: Too Many Requests for url: https://cdn.cboe.com/api/global/delayed_quotes/options/CHRW.json
2026-10-08T06:48:57.498980+00:00Z  DD: Cboe fetch failed -- 429 Client Error: Too Many Requests for url: https://cdn.cboe.com/api/global/delayed_quotes/options/DD.json
2026-10-08T06:48:57.838309+00:00Z  NDSN: Cboe fetch failed -- 429 Client Error: Too Many Requests for url: https://cdn.cboe.com/api/global/delayed_quotes/options/NDSN.json
2026-10-08T06:48:58.177902+00:00Z  IEX: Cboe fetch failed -- 429 Client Error: Too Many Requests for url: https://cdn.cboe.com/api/global/delayed_quotes/options/IEX.json
2026-10-08T06:48:58.510576+00:00Z  FTV: Cboe fetch failed -- 429 Client Error: Too Many Requests for url: https://cdn.cboe.com/api/global/delayed_quotes/options/FTV.json
2026-10-08T06:48:58.846322+00:00Z  JBHT: Cboe fetch failed -- 429 Client Error: Too Many Requests for url: https://cdn.cboe.com/api/global/delayed_quotes/options/JBHT.json
2026-10-08T06:48:59.180923+00:00Z  EFX: Cboe fetch failed -- 429 Client Error: Too Many Requests for url: https://cdn.cboe.com/api/global/delayed_quotes/options/EFX.json
2026-10-08T06:48:59.517772+00:00Z  J: Cboe fetch failed -- 429 Client Error: Too Many Requests for url: https://cdn.cboe.com/api/global/delayed_quotes/options/J.json
2026-10-08T06:48:59.852781+00:00Z  LDOS: Cboe fetch failed -- 429 Client Error: Too Many Requests for url: https://cdn.cboe.com/api/global/delayed_quotes/options/LDOS.json
2026-10-08T06:49:00.187460+00:00Z  SWK: Cboe fetch failed -- 429 Client Error: Too Many Requests for url: https://cdn.cboe.com/api/global/delayed_quotes/options/SWK.json
2026-10-08T06:49:00.525207+00:00Z  MAS: Cboe fetch failed -- 429 Client Error: Too Many Requests for url: https://cdn.cboe.com/api/global/delayed_quotes/options/MAS.json
2026-10-08T06:49:00.861232+00:00Z  TXT: Cboe fetch failed -- 429 Client Error: Too Many Requests for url: https://cdn.cboe.com/api/global/delayed_quotes/options/TXT.json
2026-10-08T06:49:01.196565+00:00Z  FDXF: Cboe fetch failed -- 429 Client Error: Too Many Requests for url: https://cdn.cboe.com/api/global/delayed_quotes/options/FDXF.json
2026-10-08T06:49:01.532927+00:00Z  ALLE: Cboe fetch failed -- 429 Client Error: Too Many Requests for url: https://cdn.cboe.com/api/global/delayed_quotes/options/ALLE.json
2026-10-08T06:49:01.869418+00:00Z  GNRC: Cboe fetch failed -- 429 Client Error: Too Many Requests for url: https://cdn.cboe.com/api/global/delayed_quotes/options/GNRC.json
2026-10-08T06:49:02.205504+00:00Z  LII: Cboe fetch failed -- 429 Client Error: Too Many Requests for url: https://cdn.cboe.com/api/global/delayed_quotes/options/LII.json
2026-10-08T06:49:02.543892+00:00Z  HII: Cboe fetch failed -- 429 Client Error: Too Many Requests for url: https://cdn.cboe.com/api/global/delayed_quotes/options/HII.json
2026-10-08T06:49:02.877290+00:00Z  ROL: Cboe fetch failed -- 429 Client Error: Too Many Requests for url: https://cdn.cboe.com/api/global/delayed_quotes/options/ROL.json
2026-10-08T06:49:03.215422+00:00Z  PNR: Cboe fetch failed -- 429 Client Error: Too Many Requests for url: https://cdn.cboe.com/api/global/delayed_quotes/options/PNR.json
2026-10-08T06:49:03.554173+00:00Z  AOS: Cboe fetch failed -- 429 Client Error: Too Many Requests for url: https://cdn.cboe.com/api/global/delayed_quotes/options/AOS.json
2026-10-08T06:49:03.887397+00:00Z  LIN: Cboe fetch failed -- 429 Client Error: Too Many Requests for url: https://cdn.cboe.com/api/global/delayed_quotes/options/LIN.json
2026-10-08T06:49:04.226746+00:00Z  NEM: Cboe fetch failed -- 429 Client Error: Too Many Requests for url: https://cdn.cboe.com/api/global/delayed_quotes/options/NEM.json
2026-10-08T06:49:04.565851+00:00Z  FCX: Cboe fetch failed -- 429 Client Error: Too Many Requests for url: https://cdn.cboe.com/api/global/delayed_quotes/options/FCX.json
2026-10-08T06:49:04.903023+00:00Z  SHW: Cboe fetch failed -- 429 Client Error: Too Many Requests for url: https://cdn.cboe.com/api/global/delayed_quotes/options/SHW.json
2026-10-08T06:49:05.244559+00:00Z  ECL: Cboe fetch failed -- 429 Client Error: Too Many Requests for url: https://cdn.cboe.com/api/global/delayed_quotes/options/ECL.json
2026-10-08T06:49:05.580765+00:00Z  VMC: Cboe fetch failed -- 429 Client Error: Too Many Requests for url: https://cdn.cboe.com/api/global/delayed_quotes/options/VMC.json
2026-10-08T06:49:05.921641+00:00Z  MLM: Cboe fetch failed -- 429 Client Error: Too Many Requests for url: https://cdn.cboe.com/api/global/delayed_quotes/options/MLM.json
2026-10-08T06:49:06.257325+00:00Z  STLD: Cboe fetch failed -- 429 Client Error: Too Many Requests for url: https://cdn.cboe.com/api/global/delayed_quotes/options/STLD.json
2026-10-08T06:49:06.594410+00:00Z  APD: Cboe fetch failed -- 429 Client Error: Too Many Requests for url: https://cdn.cboe.com/api/global/delayed_quotes/options/APD.json
2026-10-08T06:49:06.930136+00:00Z  NUE: Cboe fetch failed -- 429 Client Error: Too Many Requests for url: https://cdn.cboe.com/api/global/delayed_quotes/options/NUE.json
2026-10-08T06:49:07.265132+00:00Z  CRH: Cboe fetch failed -- 429 Client Error: Too Many Requests for url: https://cdn.cboe.com/api/global/delayed_quotes/options/CRH.json
2026-10-08T06:49:07.602310+00:00Z  VYLR: Cboe fetch failed -- 429 Client Error: Too Many Requests for url: https://cdn.cboe.com/api/global/delayed_quotes/options/VYLR.json
2026-10-08T06:49:07.939268+00:00Z  PPG: Cboe fetch failed -- 429 Client Error: Too Many Requests for url: https://cdn.cboe.com/api/global/delayed_quotes/options/PPG.json
2026-10-08T06:49:08.277168+00:00Z  SW: Cboe fetch failed -- 429 Client Error: Too Many Requests for url: https://cdn.cboe.com/api/global/delayed_quotes/options/SW.json
2026-10-08T06:49:08.617733+00:00Z  IFF: Cboe fetch failed -- 429 Client Error: Too Many Requests for url: https://cdn.cboe.com/api/global/delayed_quotes/options/IFF.json
2026-10-08T06:49:08.950838+00:00Z  PKG: Cboe fetch failed -- 429 Client Error: Too Many Requests for url: https://cdn.cboe.com/api/global/delayed_quotes/options/PKG.json
2026-10-08T06:49:09.286890+00:00Z  DOW: Cboe fetch failed -- 429 Client Error: Too Many Requests for url: https://cdn.cboe.com/api/global/delayed_quotes/options/DOW.json
2026-10-08T06:49:09.622730+00:00Z  AMCR: Cboe fetch failed -- 429 Client Error: Too Many Requests for url: https://cdn.cboe.com/api/global/delayed_quotes/options/AMCR.json
2026-10-08T06:49:09.958962+00:00Z  CF: Cboe fetch failed -- 429 Client Error: Too Many Requests for url: https://cdn.cboe.com/api/global/delayed_quotes/options/CF.json
2026-10-08T06:49:10.297911+00:00Z  IP: Cboe fetch failed -- 429 Client Error: Too Many Requests for url: https://cdn.cboe.com/api/global/delayed_quotes/options/IP.json
2026-10-08T06:49:10.631830+00:00Z  BALL: Cboe fetch failed -- 429 Client Error: Too Many Requests for url: https://cdn.cboe.com/api/global/delayed_quotes/options/BALL.json
2026-10-08T06:49:10.967387+00:00Z  LYB: Cboe fetch failed -- 429 Client Error: Too Many Requests for url: https://cdn.cboe.com/api/global/delayed_quotes/options/LYB.json
2026-10-08T06:49:11.303527+00:00Z  AVY: Cboe fetch failed -- 429 Client Error: Too Many Requests for url: https://cdn.cboe.com/api/global/delayed_quotes/options/AVY.json
2026-10-08T06:49:11.637506+00:00Z  ALB: Cboe fetch failed -- 429 Client Error: Too Many Requests for url: https://cdn.cboe.com/api/global/delayed_quotes/options/ALB.json
2026-10-08T06:49:11.975181+00:00Z  MOS: Cboe fetch failed -- 429 Client Error: Too Many Requests for url: https://cdn.cboe.com/api/global/delayed_quotes/options/MOS.json
2026-10-08T06:49:12.312999+00:00Z  CTVA: Cboe fetch failed -- 429 Client Error: Too Many Requests for url: https://cdn.cboe.com/api/global/delayed_quotes/options/CTVA.json
2026-10-08T06:49:12.647927+00:00Z  NEE: Cboe fetch failed -- 429 Client Error: Too Many Requests for url: https://cdn.cboe.com/api/global/delayed_quotes/options/NEE.json
2026-10-08T06:49:12.982814+00:00Z  SO: Cboe fetch failed -- 429 Client Error: Too Many Requests for url: https://cdn.cboe.com/api/global/delayed_quotes/options/SO.json
2026-10-08T06:49:13.318185+00:00Z  DUK: Cboe fetch failed -- 429 Client Error: Too Many Requests for url: https://cdn.cboe.com/api/global/delayed_quotes/options/DUK.json
2026-10-08T06:49:13.651461+00:00Z  CEG: Cboe fetch failed -- 429 Client Error: Too Many Requests for url: https://cdn.cboe.com/api/global/delayed_quotes/options/CEG.json
2026-10-08T06:49:13.986197+00:00Z  AEP: Cboe fetch failed -- 429 Client Error: Too Many Requests for url: https://cdn.cboe.com/api/global/delayed_quotes/options/AEP.json
2026-10-08T06:49:14.322725+00:00Z  D: Cboe fetch failed -- 429 Client Error: Too Many Requests for url: https://cdn.cboe.com/api/global/delayed_quotes/options/D.json
2026-10-08T06:49:14.655700+00:00Z  SRE: Cboe fetch failed -- 429 Client Error: Too Many Requests for url: https://cdn.cboe.com/api/global/delayed_quotes/options/SRE.json
2026-10-08T06:49:14.990082+00:00Z  ETR: Cboe fetch failed -- 429 Client Error: Too Many Requests for url: https://cdn.cboe.com/api/global/delayed_quotes/options/ETR.json
2026-10-08T06:49:15.323765+00:00Z  VST: Cboe fetch failed -- 429 Client Error: Too Many Requests for url: https://cdn.cboe.com/api/global/delayed_quotes/options/VST.json
2026-10-08T06:49:15.658460+00:00Z  XEL: Cboe fetch failed -- 429 Client Error: Too Many Requests for url: https://cdn.cboe.com/api/global/delayed_quotes/options/XEL.json
2026-10-08T06:49:15.994608+00:00Z  EXC: Cboe fetch failed -- 429 Client Error: Too Many Requests for url: https://cdn.cboe.com/api/global/delayed_quotes/options/EXC.json
2026-10-08T06:49:16.332490+00:00Z  ED: Cboe fetch failed -- 429 Client Error: Too Many Requests for url: https://cdn.cboe.com/api/global/delayed_quotes/options/ED.json
2026-10-08T06:49:16.668164+00:00Z  PEG: Cboe fetch failed -- 429 Client Error: Too Many Requests for url: https://cdn.cboe.com/api/global/delayed_quotes/options/PEG.json
2026-10-08T06:49:17.017570+00:00Z  WEC: Cboe fetch failed -- 429 Client Error: Too Many Requests for url: https://cdn.cboe.com/api/global/delayed_quotes/options/WEC.json
2026-10-08T06:49:17.353449+00:00Z  AEE: Cboe fetch failed -- 429 Client Error: Too Many Requests for url: https://cdn.cboe.com/api/global/delayed_quotes/options/AEE.json
2026-10-08T06:49:17.687134+00:00Z  PCG: Cboe fetch failed -- 429 Client Error: Too Many Requests for url: https://cdn.cboe.com/api/global/delayed_quotes/options/PCG.json
2026-10-08T06:49:18.024509+00:00Z  ATO: Cboe fetch failed -- 429 Client Error: Too Many Requests for url: https://cdn.cboe.com/api/global/delayed_quotes/options/ATO.json
2026-10-08T06:49:18.358032+00:00Z  DTE: Cboe fetch failed -- 429 Client Error: Too Many Requests for url: https://cdn.cboe.com/api/global/delayed_quotes/options/DTE.json
2026-10-08T06:49:18.693929+00:00Z  AWK: Cboe fetch failed -- 429 Client Error: Too Many Requests for url: https://cdn.cboe.com/api/global/delayed_quotes/options/AWK.json
2026-10-08T06:49:19.030168+00:00Z  PPL: Cboe fetch failed -- 429 Client Error: Too Many Requests for url: https://cdn.cboe.com/api/global/delayed_quotes/options/PPL.json
2026-10-08T06:49:19.365203+00:00Z  CNP: Cboe fetch failed -- 429 Client Error: Too Many Requests for url: https://cdn.cboe.com/api/global/delayed_quotes/options/CNP.json
2026-10-08T06:49:19.700011+00:00Z  ES: Cboe fetch failed -- 429 Client Error: Too Many Requests for url: https://cdn.cboe.com/api/global/delayed_quotes/options/ES.json
2026-10-08T06:49:20.038901+00:00Z  FE: Cboe fetch failed -- 429 Client Error: Too Many Requests for url: https://cdn.cboe.com/api/global/delayed_quotes/options/FE.json
2026-10-08T06:49:20.376246+00:00Z  EIX: Cboe fetch failed -- 429 Client Error: Too Many Requests for url: https://cdn.cboe.com/api/global/delayed_quotes/options/EIX.json
2026-10-08T06:49:20.720850+00:00Z  NRG: Cboe fetch failed -- 429 Client Error: Too Many Requests for url: https://cdn.cboe.com/api/global/delayed_quotes/options/NRG.json
2026-10-08T06:49:21.059783+00:00Z  CMS: Cboe fetch failed -- 429 Client Error: Too Many Requests for url: https://cdn.cboe.com/api/global/delayed_quotes/options/CMS.json
2026-10-08T06:49:21.396094+00:00Z  NI: Cboe fetch failed -- 429 Client Error: Too Many Requests for url: https://cdn.cboe.com/api/global/delayed_quotes/options/NI.json
2026-10-08T06:49:21.732332+00:00Z  EVRG: Cboe fetch failed -- 429 Client Error: Too Many Requests for url: https://cdn.cboe.com/api/global/delayed_quotes/options/EVRG.json
2026-10-08T06:49:22.069456+00:00Z  LNT: Cboe fetch failed -- 429 Client Error: Too Many Requests for url: https://cdn.cboe.com/api/global/delayed_quotes/options/LNT.json
2026-10-08T06:49:22.407571+00:00Z  PNW: Cboe fetch failed -- 429 Client Error: Too Many Requests for url: https://cdn.cboe.com/api/global/delayed_quotes/options/PNW.json
2026-10-08T06:49:22.743275+00:00Z  AES: Cboe fetch failed -- 429 Client Error: Too Many Requests for url: https://cdn.cboe.com/api/global/delayed_quotes/options/AES.json
2026-10-08T06:49:23.078216+00:00Z  WELL: Cboe fetch failed -- 429 Client Error: Too Many Requests for url: https://cdn.cboe.com/api/global/delayed_quotes/options/WELL.json
2026-10-08T06:49:23.413033+00:00Z  PLD: Cboe fetch failed -- 429 Client Error: Too Many Requests for url: https://cdn.cboe.com/api/global/delayed_quotes/options/PLD.json
2026-10-08T06:49:23.750528+00:00Z  EQIX: Cboe fetch failed -- 429 Client Error: Too Many Requests for url: https://cdn.cboe.com/api/global/delayed_quotes/options/EQIX.json
2026-10-08T06:49:24.087689+00:00Z  AMT: Cboe fetch failed -- 429 Client Error: Too Many Requests for url: https://cdn.cboe.com/api/global/delayed_quotes/options/AMT.json
2026-10-08T06:49:24.421567+00:00Z  SPG: Cboe fetch failed -- 429 Client Error: Too Many Requests for url: https://cdn.cboe.com/api/global/delayed_quotes/options/SPG.json
2026-10-08T06:49:24.760544+00:00Z  PSA: Cboe fetch failed -- 429 Client Error: Too Many Requests for url: https://cdn.cboe.com/api/global/delayed_quotes/options/PSA.json
2026-10-08T06:49:25.098016+00:00Z  VTR: Cboe fetch failed -- 429 Client Error: Too Many Requests for url: https://cdn.cboe.com/api/global/delayed_quotes/options/VTR.json
2026-10-08T06:49:25.436531+00:00Z  DLR: Cboe fetch failed -- 429 Client Error: Too Many Requests for url: https://cdn.cboe.com/api/global/delayed_quotes/options/DLR.json
2026-10-08T06:49:25.769682+00:00Z  VMRK: Cboe fetch failed -- 429 Client Error: Too Many Requests for url: https://cdn.cboe.com/api/global/delayed_quotes/options/VMRK.json
2026-10-08T06:49:26.105904+00:00Z  CBRE: Cboe fetch failed -- 429 Client Error: Too Many Requests for url: https://cdn.cboe.com/api/global/delayed_quotes/options/CBRE.json
2026-10-08T06:49:26.442821+00:00Z  O: Cboe fetch failed -- 429 Client Error: Too Many Requests for url: https://cdn.cboe.com/api/global/delayed_quotes/options/O.json
2026-10-08T06:49:26.780088+00:00Z  IRM: Cboe fetch failed -- 429 Client Error: Too Many Requests for url: https://cdn.cboe.com/api/global/delayed_quotes/options/IRM.json
2026-10-08T06:49:27.119797+00:00Z  CCI: Cboe fetch failed -- 429 Client Error: Too Many Requests for url: https://cdn.cboe.com/api/global/delayed_quotes/options/CCI.json
2026-10-08T06:49:27.459811+00:00Z  EXR: Cboe fetch failed -- 429 Client Error: Too Many Requests for url: https://cdn.cboe.com/api/global/delayed_quotes/options/EXR.json
2026-10-08T06:49:27.793627+00:00Z  VICI: Cboe fetch failed -- 429 Client Error: Too Many Requests for url: https://cdn.cboe.com/api/global/delayed_quotes/options/VICI.json
2026-10-08T06:49:28.131712+00:00Z  ESS: Cboe fetch failed -- 429 Client Error: Too Many Requests for url: https://cdn.cboe.com/api/global/delayed_quotes/options/ESS.json
2026-10-08T06:49:28.473757+00:00Z  SBAC: Cboe fetch failed -- 429 Client Error: Too Many Requests for url: https://cdn.cboe.com/api/global/delayed_quotes/options/SBAC.json
2026-10-08T06:49:28.811094+00:00Z  HST: Cboe fetch failed -- 429 Client Error: Too Many Requests for url: https://cdn.cboe.com/api/global/delayed_quotes/options/HST.json
2026-10-08T06:49:29.146493+00:00Z  KIM: Cboe fetch failed -- 429 Client Error: Too Many Requests for url: https://cdn.cboe.com/api/global/delayed_quotes/options/KIM.json
2026-10-08T06:49:29.482178+00:00Z  INVH: Cboe fetch failed -- 429 Client Error: Too Many Requests for url: https://cdn.cboe.com/api/global/delayed_quotes/options/INVH.json
2026-10-08T06:49:29.817189+00:00Z  MAA: Cboe fetch failed -- 429 Client Error: Too Many Requests for url: https://cdn.cboe.com/api/global/delayed_quotes/options/MAA.json
2026-10-08T06:49:30.153019+00:00Z  DOC: Cboe fetch failed -- 429 Client Error: Too Many Requests for url: https://cdn.cboe.com/api/global/delayed_quotes/options/DOC.json
2026-10-08T06:49:30.489433+00:00Z  WY: Cboe fetch failed -- 429 Client Error: Too Many Requests for url: https://cdn.cboe.com/api/global/delayed_quotes/options/WY.json
2026-10-08T06:49:30.825626+00:00Z  REG: Cboe fetch failed -- 429 Client Error: Too Many Requests for url: https://cdn.cboe.com/api/global/delayed_quotes/options/REG.json
2026-10-08T06:49:31.162284+00:00Z  CSGP: Cboe fetch failed -- 429 Client Error: Too Many Requests for url: https://cdn.cboe.com/api/global/delayed_quotes/options/CSGP.json
2026-10-08T06:49:31.494265+00:00Z  UDR: Cboe fetch failed -- 429 Client Error: Too Many Requests for url: https://cdn.cboe.com/api/global/delayed_quotes/options/UDR.json
2026-10-08T06:49:31.828357+00:00Z  CPT: Cboe fetch failed -- 429 Client Error: Too Many Requests for url: https://cdn.cboe.com/api/global/delayed_quotes/options/CPT.json
2026-10-08T06:49:32.164228+00:00Z  BXP: Cboe fetch failed -- 429 Client Error: Too Many Requests for url: https://cdn.cboe.com/api/global/delayed_quotes/options/BXP.json
2026-10-08T06:49:32.499828+00:00Z  FRT: Cboe fetch failed -- 429 Client Error: Too Many Requests for url: https://cdn.cboe.com/api/global/delayed_quotes/options/FRT.json
2026-10-08T06:49:32.833134+00:00Z  ARE: Cboe fetch failed -- 429 Client Error: Too Many Requests for url: https://cdn.cboe.com/api/global/delayed_quotes/options/ARE.json
2026-10-08T06:49:33.166830+00:00Z  META: Cboe fetch failed -- 429 Client Error: Too Many Requests for url: https://cdn.cboe.com/api/global/delayed_quotes/options/META.json
2026-10-08T06:49:33.508534+00:00Z  GOOGL: Cboe fetch failed -- 429 Client Error: Too Many Requests for url: https://cdn.cboe.com/api/global/delayed_quotes/options/GOOGL.json
2026-10-08T06:49:33.844979+00:00Z  GOOG: Cboe fetch failed -- 429 Client Error: Too Many Requests for url: https://cdn.cboe.com/api/global/delayed_quotes/options/GOOG.json
2026-10-08T06:49:34.181735+00:00Z  WBD: Cboe fetch failed -- 429 Client Error: Too Many Requests for url: https://cdn.cboe.com/api/global/delayed_quotes/options/WBD.json
2026-10-08T06:49:34.519457+00:00Z  DIS: Cboe fetch failed -- 429 Client Error: Too Many Requests for url: https://cdn.cboe.com/api/global/delayed_quotes/options/DIS.json
2026-10-08T06:49:34.854312+00:00Z  T: Cboe fetch failed -- 429 Client Error: Too Many Requests for url: https://cdn.cboe.com/api/global/delayed_quotes/options/T.json
2026-10-08T06:49:42.952659+00:00Z  === technicals capture done: 504/504 names captured ===
